referencing_schema,referencing_proc,referenced_db,referenced_schema,referenced_object,is_ambiguous
BI_DB_dbo,Function_Revenue_TransferCoinFee,,DWH_dbo,Dim_Range,0
BI_DB_dbo,Function_Revenue_TransferCoinFee,,DWH_dbo,Fact_CustomerAction,0
BI_DB_dbo,Function_Revenue_TransferCoinFee,,DWH_dbo,Fact_SnapshotCustomer,0
BI_DB_dbo,Function_Instrument_Conversion_Rates,,DWH_dbo,Dim_Instrument,0
BI_DB_dbo,Function_Instrument_Conversion_Rates,,DWH_dbo,Fact_CurrencyPriceWithSplit,0
BI_DB_dbo,Function_Revenue_Total,,BI_DB_dbo,BI_DB_DDR_Fact_Revenue_Generating_Actions,0
BI_DB_dbo,Function_Revenue_Total,,DWH_dbo,Dim_Range,0
BI_DB_dbo,Function_Revenue_Total,,BI_DB_dbo,Dim_Revenue_Metrics,0
BI_DB_dbo,Function_Revenue_Total,,DWH_dbo,Fact_SnapshotCustomer,0
BI_DB_dbo,Function_Revenue_Total,,BI_DB_dbo,Function_Revenue_StakingFee,0
BI_DB_dbo,Function_Population_First_Time_Funded,,BI_DB_dbo,BI_DB_DDR_Fact_MIMO_AllPlatforms,0
BI_DB_dbo,Function_Population_First_Time_Funded,,DWH_dbo,Dim_Customer,0
BI_DB_dbo,Function_Population_First_Time_Funded,,DWH_dbo,Dim_FTDPlatform,0
BI_DB_dbo,Function_Population_First_Time_Funded,,DWH_dbo,Dim_Position,0
BI_DB_dbo,Function_Population_First_Time_Funded,,DWH_dbo,Dim_Range,0
BI_DB_dbo,Function_Population_First_Time_Funded,,DWH_dbo,Fact_CustomerAction,0
BI_DB_dbo,Function_Population_First_Time_Funded,,DWH_dbo,Fact_SnapshotCustomer,0
BI_DB_dbo,Function_Population_First_Time_Funded,,BI_DB_dbo,Function_Revenue_OptionsPlatform,0
DWH_dbo,fn_varbintohexstr,,DWH_dbo,fn_varbintohexsubstring,0
DWH_dbo,IPNumToIPAddress,,DWH_dbo,fn_varbintohexstr,0
DE_dbo,KYS_Tables_High_Number_Of_Deleted_Row,,SHA,CCI_MetaData,0
DWH_dbo,V_Dim_Date_For_DWHRep,,DWH_dbo,Dim_Date,0
DWH_dbo,V_M2M_Date_DateRange,,DWH_dbo,Dim_Date,0
DWH_dbo,V_M2M_Date_DateRange,,DWH_dbo,Dim_Range,0
DWH_dbo,V_Fact_CustomerUnrealized_PnL_For_DWH_Rep,,DWH_dbo,Fact_CustomerUnrealized_PnL,0
DWH_dbo,V_FCA_NumOfLogins_mean_1q,,DWH_dbo,Fact_CustomerAction,0
DWH_dbo,v_Dim_Mirror_ofir,,DWH_dbo,Dim_Mirror,0
DE_dbo,KYS_Tables_without_Compressed_Rows,,dbo,v_CCI_MetaData,0
DWH_dbo,V_Liabilities,,DWH_dbo,Fact_CustomerUnrealized_PnL,0
DWH_dbo,V_Liabilities,,DWH_dbo,Fact_Guru_Copiers,0
DWH_dbo,V_Liabilities,,DWH_dbo,Fact_SnapshotEquity,0
DWH_dbo,V_Liabilities,,DWH_dbo,V_M2M_Date_DateRange,0
DWH_dbo,V_Dim_Date,,DWH_dbo,Dim_Date,0
DE_dbo,KYS_Replicated_Tables_over_2GB,,SHA,TableInfo,0
DWH_dbo,V_Fact_RegulationTransfer,,DWH_dbo,Fact_RegulationTransfer,0
DWH_dbo,V_Customers,,,Fact_SnapshotCustomer,0
DWH_dbo,V_Customers,,DWH_dbo,V_M2M_Date_DateRange,0
BI_DB_dbo,Function_Population_Balance_Only_Accounts,,BI_DB_dbo,BI_DB_Client_Balance_CID_Level_New,0
BI_DB_dbo,Function_Population_Balance_Only_Accounts,,DWH_dbo,Dim_Customer,0
BI_DB_dbo,Function_Population_Balance_Only_Accounts,,BI_DB_dbo,External_Sodreconciliation_apex_EXT981_BuyPowerSummary,0
BI_DB_dbo,Function_Population_Balance_Only_Accounts,,BI_DB_dbo,External_USABroker_Apex_Options,0
BI_DB_dbo,Function_Population_Balance_Only_Accounts,,BI_DB_dbo,Function_Population_Active_Traders,0
BI_DB_dbo,Function_Population_Balance_Only_Accounts,,BI_DB_dbo,Function_Population_Portfolio_Only,0
BI_DB_dbo,Function_Population_Balance_Only_Accounts,,eMoney_dbo,eMoneyClientBalance,0
DWH_dbo,V_Fact_SnapshotEquity_ForDWHRep,,DWH_dbo,Fact_SnapshotEquity,0
BI_DB_dbo,V_BI_DB_Crypto_NOP,,BI_DB_dbo,BI_DB_Crypto_NOP,0
EXW_dbo,GetProviderUserIDNormalized,,DWH_dbo,Dim_Country,0
EXW_dbo,GetProviderUserIDNormalized,,DWH_dbo,Dim_Customer,0
EXW_dbo,GetProviderUserIDNormalized,,DWH_dbo,Dim_PlayerStatus,0
EXW_dbo,GetProviderUserIDNormalized,,DWH_dbo,Dim_Regulation,0
EXW_dbo,GetProviderUserIDNormalized,,EXW_dbo,EXW_AMLProviderID,0
EXW_dbo,GetProviderUserIDNormalized,,EXW_dbo,EXW_UserSettingsWalletAllowance,0
BI_DB_dbo,V_STS_User_Operations_Data_History,,DWH_dbo,STS_User_Operations_Data_History,0
BI_DB_dbo,V_BI_DB_Outliers_New,,BI_DB_dbo,BI_DB_Outliers_New,0
BI_DB_dbo,V_BI_DB_CID_Daily_NWA,,BI_DB_dbo,BI_DB_CID_Daily_NWA,0
BI_DB_dbo,V_BI_DB_CycleGap,,BI_DB_dbo,BI_DB_CycleGap,0
BI_DB_dbo,Function_Revenue_ConversionFee_WithPositionData,,BI_DB_dbo,BI_DB_DepositWithdrawFee,0
BI_DB_dbo,Function_Revenue_ConversionFee_WithPositionData,,BI_DB_dbo,BI_DB_Positions_Closed_To_IBAN,0
BI_DB_dbo,Function_Revenue_ConversionFee_WithPositionData,,BI_DB_dbo,BI_DB_Positions_Opened_From_IBAN,0
BI_DB_dbo,Function_Revenue_ConversionFee_WithPositionData,,DWH_dbo,Dim_Instrument,0
BI_DB_dbo,Function_Revenue_ConversionFee_WithPositionData,,DWH_dbo,Dim_Position,0
BI_DB_dbo,Function_Revenue_ConversionFee_WithPositionData,,DWH_dbo,Dim_Range,0
BI_DB_dbo,Function_Revenue_ConversionFee_WithPositionData,,DWH_dbo,Fact_BillingDeposit,0
BI_DB_dbo,Function_Revenue_ConversionFee_WithPositionData,,DWH_dbo,Fact_BillingWithdraw,0
BI_DB_dbo,Function_Revenue_ConversionFee_WithPositionData,,DWH_dbo,Fact_SnapshotCustomer,0
eMoney_dbo,v_eMoney_Card_Instance_Summary,,eMoney_dbo,eMoney_Card_Instance_Summary,0
BI_DB_dbo,V_BI_DB_Client_Balance_CID_Level_New,,BI_DB_dbo,BI_DB_Client_Balance_CID_Level_New,0
BI_DB_dbo,V_BI_DB_DailyZero_TreeSize_NEW,,BI_DB_dbo,BI_DB_DailyZero_TreeSize_NEW,0
BI_DB_dbo,V_BI_DB_Client_Balance_Aggregate_Level_New,,BI_DB_dbo,BI_DB_Client_Balance_Aggregate_Level_New,0
BI_DB_dbo,V_BI_DB_Daily_CB_Gaps_All,,BI_DB_dbo,BI_DB_Daily_CB_Gaps_All,0
BI_DB_dbo,V_BI_DB_Daily_CreditLine,,BI_DB_dbo,BI_DB_Daily_CreditLine,0
BI_DB_dbo,V_BI_DB_DepositWithdrawFee,,BI_DB_dbo,BI_DB_DepositWithdrawFee,0
BI_DB_dbo,Function_DDR_Aggregation_Yesterday,,BI_DB_dbo,BI_DB_DDR_Customer_Daily_Status,0
BI_DB_dbo,Function_DDR_Aggregation_Yesterday,,BI_DB_dbo,BI_DB_V_DDR_AUM,0
BI_DB_dbo,Function_DDR_Aggregation_Yesterday,,BI_DB_dbo,BI_DB_V_DDR_MIMO,0
BI_DB_dbo,Function_DDR_Aggregation_Yesterday,,BI_DB_dbo,BI_DB_V_DDR_Non_Revenue_Actions,0
BI_DB_dbo,Function_DDR_Aggregation_Yesterday,,BI_DB_dbo,BI_DB_V_DDR_PnL,0
BI_DB_dbo,Function_DDR_Aggregation_Yesterday,,BI_DB_dbo,BI_DB_V_DDR_Revenue_Breakdown,0
BI_DB_dbo,v_BI_DB_Outliers_New,,BI_DB_dbo,BI_DB_Outliers_New,0
BI_DB_dbo,Function_DDR_Aggregation_ThisYear,,BI_DB_dbo,BI_DB_DDR_Customer_Daily_Status,0
BI_DB_dbo,Function_DDR_Aggregation_ThisYear,,BI_DB_dbo,BI_DB_DDR_Customer_Periodic_Status,0
BI_DB_dbo,Function_DDR_Aggregation_ThisYear,,BI_DB_dbo,BI_DB_V_DDR_AUM,0
BI_DB_dbo,Function_DDR_Aggregation_ThisYear,,BI_DB_dbo,BI_DB_V_DDR_MIMO,0
BI_DB_dbo,Function_DDR_Aggregation_ThisYear,,BI_DB_dbo,BI_DB_V_DDR_Non_Revenue_Actions,0
BI_DB_dbo,Function_DDR_Aggregation_ThisYear,,BI_DB_dbo,BI_DB_V_DDR_PnL,0
BI_DB_dbo,Function_DDR_Aggregation_ThisYear,,BI_DB_dbo,BI_DB_V_DDR_Revenue_Breakdown,0
BI_DB_dbo,V_BI_DB_Client_New_CompensationBreakdown,,BI_DB_dbo,BI_DB_Client_New_CompensationBreakdown,0
BI_DB_dbo,Function_DDR_Aggregation_ThisWeek,,BI_DB_dbo,BI_DB_DDR_Customer_Daily_Status,0
BI_DB_dbo,Function_DDR_Aggregation_ThisWeek,,BI_DB_dbo,BI_DB_DDR_Customer_Periodic_Status,0
BI_DB_dbo,Function_DDR_Aggregation_ThisWeek,,BI_DB_dbo,BI_DB_V_DDR_AUM,0
BI_DB_dbo,Function_DDR_Aggregation_ThisWeek,,BI_DB_dbo,BI_DB_V_DDR_MIMO,0
BI_DB_dbo,Function_DDR_Aggregation_ThisWeek,,BI_DB_dbo,BI_DB_V_DDR_Non_Revenue_Actions,0
BI_DB_dbo,Function_DDR_Aggregation_ThisWeek,,BI_DB_dbo,BI_DB_V_DDR_PnL,0
BI_DB_dbo,Function_DDR_Aggregation_ThisWeek,,BI_DB_dbo,BI_DB_V_DDR_Revenue_Breakdown,0
BI_DB_dbo,Function_Revenue_StakingFee,,Dealing_dbo,Dealing_Staking_Results,0
BI_DB_dbo,Function_Revenue_StakingFee,,DWH_dbo,Dim_Instrument,0
BI_DB_dbo,Function_Revenue_StakingFee,,DWH_dbo,Dim_Range,0
BI_DB_dbo,Function_Revenue_StakingFee,,DWH_dbo,Fact_SnapshotCustomer,0
BI_DB_dbo,Function_DDR_Aggregation_ThisQuarter,,BI_DB_dbo,BI_DB_DDR_Customer_Daily_Status,0
BI_DB_dbo,Function_DDR_Aggregation_ThisQuarter,,BI_DB_dbo,BI_DB_DDR_Customer_Periodic_Status,0
BI_DB_dbo,Function_DDR_Aggregation_ThisQuarter,,BI_DB_dbo,BI_DB_V_DDR_AUM,0
BI_DB_dbo,Function_DDR_Aggregation_ThisQuarter,,BI_DB_dbo,BI_DB_V_DDR_MIMO,0
BI_DB_dbo,Function_DDR_Aggregation_ThisQuarter,,BI_DB_dbo,BI_DB_V_DDR_Non_Revenue_Actions,0
BI_DB_dbo,Function_DDR_Aggregation_ThisQuarter,,BI_DB_dbo,BI_DB_V_DDR_PnL,0
BI_DB_dbo,Function_DDR_Aggregation_ThisQuarter,,BI_DB_dbo,BI_DB_V_DDR_Revenue_Breakdown,0
BI_DB_dbo,V_BI_DB_RollOverFee_Dividends,,BI_DB_dbo,BI_DB_RollOverFee_Dividends,0
BI_DB_dbo,Function_PnL_Single_Day,,BI_DB_dbo,BI_DB_CopyFund_Positions,0
BI_DB_dbo,Function_PnL_Single_Day,,BI_DB_dbo,BI_DB_PositionPnL,0
BI_DB_dbo,Function_PnL_Single_Day,,DWH_dbo,Dim_Instrument,0
BI_DB_dbo,Function_PnL_Single_Day,,DWH_dbo,Dim_Position,0
BI_DB_dbo,Function_PnL_Single_Day,,BI_DB_dbo,Function_Instrument_Snapshot_Enriched,0
BI_DB_dbo,V_BI_DB_Daily_Dividends,,BI_DB_dbo,BI_DB_Daily_Dividends,0
EXW_dbo,EXW_V_RedeemReconciliation,,EXW_dbo,EXW_RedeemReconciliation,0
BI_DB_dbo,Function_Revenue_SpotAdjustFee,,BI_DB_dbo,BI_DB_Fact_Customer_Action_Position_Distribution,0
BI_DB_dbo,Function_Revenue_SpotAdjustFee,,DWH_dbo,Dim_Instrument,0
BI_DB_dbo,Function_Revenue_SpotAdjustFee,,BI_DB_dbo,Function_Instrument_Snapshot_Enriched,0
BI_DB_dbo,Function_DDR_Aggregation_ThisMonth,,BI_DB_dbo,BI_DB_DDR_Customer_Daily_Status,0
BI_DB_dbo,Function_DDR_Aggregation_ThisMonth,,BI_DB_dbo,BI_DB_DDR_Customer_Periodic_Status,0
BI_DB_dbo,Function_DDR_Aggregation_ThisMonth,,BI_DB_dbo,BI_DB_V_DDR_AUM,0
BI_DB_dbo,Function_DDR_Aggregation_ThisMonth,,BI_DB_dbo,BI_DB_V_DDR_MIMO,0
BI_DB_dbo,Function_DDR_Aggregation_ThisMonth,,BI_DB_dbo,BI_DB_V_DDR_Non_Revenue_Actions,0
BI_DB_dbo,Function_DDR_Aggregation_ThisMonth,,BI_DB_dbo,BI_DB_V_DDR_PnL,0
BI_DB_dbo,Function_DDR_Aggregation_ThisMonth,,BI_DB_dbo,BI_DB_V_DDR_Revenue_Breakdown,0
BI_DB_dbo,V_BI_DB_CIDLevel_Settlement_Report,,BI_DB_dbo,BI_DB_CIDLevel_Settlement_Report,0
DWH_dbo,ExtractXMLValue,,DWH_dbo,ReplaceHTMLEscapeCharacters,0
DWH_dbo,Dim_Instrument_Correlation_UnionedPartitions,,DWH_dbo,Dim_Instrument_Correlation_Half_Records_1,0
DWH_dbo,Dim_Instrument_Correlation_UnionedPartitions,,DWH_dbo,Dim_Instrument_Correlation_Half_Records_10,0
DWH_dbo,Dim_Instrument_Correlation_UnionedPartitions,,DWH_dbo,Dim_Instrument_Correlation_Half_Records_11,0
DWH_dbo,Dim_Instrument_Correlation_UnionedPartitions,,DWH_dbo,Dim_Instrument_Correlation_Half_Records_12,0
DWH_dbo,Dim_Instrument_Correlation_UnionedPartitions,,DWH_dbo,Dim_Instrument_Correlation_Half_Records_13,0
DWH_dbo,Dim_Instrument_Correlation_UnionedPartitions,,DWH_dbo,Dim_Instrument_Correlation_Half_Records_14,0
DWH_dbo,Dim_Instrument_Correlation_UnionedPartitions,,DWH_dbo,Dim_Instrument_Correlation_Half_Records_15,0
DWH_dbo,Dim_Instrument_Correlation_UnionedPartitions,,DWH_dbo,Dim_Instrument_Correlation_Half_Records_16,0
DWH_dbo,Dim_Instrument_Correlation_UnionedPartitions,,DWH_dbo,Dim_Instrument_Correlation_Half_Records_17,0
DWH_dbo,Dim_Instrument_Correlation_UnionedPartitions,,DWH_dbo,Dim_Instrument_Correlation_Half_Records_18,0
DWH_dbo,Dim_Instrument_Correlation_UnionedPartitions,,DWH_dbo,Dim_Instrument_Correlation_Half_Records_19,0
DWH_dbo,Dim_Instrument_Correlation_UnionedPartitions,,DWH_dbo,Dim_Instrument_Correlation_Half_Records_2,0
DWH_dbo,Dim_Instrument_Correlation_UnionedPartitions,,DWH_dbo,Dim_Instrument_Correlation_Half_Records_20,0
DWH_dbo,Dim_Instrument_Correlation_UnionedPartitions,,DWH_dbo,Dim_Instrument_Correlation_Half_Records_3,0
DWH_dbo,Dim_Instrument_Correlation_UnionedPartitions,,DWH_dbo,Dim_Instrument_Correlation_Half_Records_4,0
DWH_dbo,Dim_Instrument_Correlation_UnionedPartitions,,DWH_dbo,Dim_Instrument_Correlation_Half_Records_5,0
DWH_dbo,Dim_Instrument_Correlation_UnionedPartitions,,DWH_dbo,Dim_Instrument_Correlation_Half_Records_6,0
DWH_dbo,Dim_Instrument_Correlation_UnionedPartitions,,DWH_dbo,Dim_Instrument_Correlation_Half_Records_7,0
DWH_dbo,Dim_Instrument_Correlation_UnionedPartitions,,DWH_dbo,Dim_Instrument_Correlation_Half_Records_8,0
DWH_dbo,Dim_Instrument_Correlation_UnionedPartitions,,DWH_dbo,Dim_Instrument_Correlation_Half_Records_9,0
BI_DB_dbo,Function_MIMO_Options_Platform,,DWH_dbo,Dim_Customer,0
BI_DB_dbo,Function_MIMO_Options_Platform,,BI_DB_dbo,External_Sodreconciliation_apex_EXT869_CashActivity,0
BI_DB_dbo,Function_MIMO_Options_Platform,,BI_DB_dbo,External_USABroker_Apex_Options,0
BI_DB_dbo,Function_MIMO_Options_Platform,,DWH_dbo,Fact_SnapshotCustomer,0
BI_DB_dbo,Function_Population_Active_Traders,,DWH_dbo,Dim_Customer,0
BI_DB_dbo,Function_Population_Active_Traders,,DWH_dbo,Dim_Instrument,0
BI_DB_dbo,Function_Population_Active_Traders,,DWH_dbo,Dim_Mirror,0
BI_DB_dbo,Function_Population_Active_Traders,,DWH_dbo,Dim_Range,0
BI_DB_dbo,Function_Population_Active_Traders,,DWH_dbo,Fact_CustomerAction,0
BI_DB_dbo,Function_Population_Active_Traders,,DWH_dbo,Fact_SnapshotCustomer,0
BI_DB_dbo,Function_Population_Active_Traders,,BI_DB_dbo,Function_Revenue_OptionsPlatform,0
BI_DB_dbo,Function_Revenue_TicketFee,,BI_DB_dbo,BI_DB_Fact_Customer_Action_Position_Distribution,0
BI_DB_dbo,Function_Revenue_TicketFee,,DWH_dbo,Dim_Instrument,0
BI_DB_dbo,Function_Revenue_TicketFee,,DWH_dbo,Dim_Range,0
BI_DB_dbo,Function_Revenue_TicketFee,,DWH_dbo,Fact_History_Cost,0
BI_DB_dbo,Function_Revenue_TicketFee,,DWH_dbo,Fact_SnapshotCustomer,0
BI_DB_dbo,Function_Revenue_TicketFee,,BI_DB_dbo,Function_Instrument_Snapshot_Enriched,0
BI_DB_dbo,Function_Revenue_AdminFee,,BI_DB_dbo,BI_DB_Fact_Customer_Action_Position_Distribution,0
BI_DB_dbo,Function_Revenue_AdminFee,,DWH_dbo,Dim_Instrument,0
BI_DB_dbo,Function_Revenue_AdminFee,,BI_DB_dbo,Function_Instrument_Snapshot_Enriched,0
BI_DB_dbo,V_BI_DB_RealCrypto_Lev2,,BI_DB_dbo,BI_DB_RealCrypto_Lev2,0
BI_DB_dbo,Function_Population_Portfolio_Only,,DWH_dbo,Dim_Customer,0
BI_DB_dbo,Function_Population_Portfolio_Only,,DWH_dbo,Dim_Instrument,0
BI_DB_dbo,Function_Population_Portfolio_Only,,DWH_dbo,Dim_Mirror,0
BI_DB_dbo,Function_Population_Portfolio_Only,,DWH_dbo,Dim_Position,0
BI_DB_dbo,Function_Population_Portfolio_Only,,BI_DB_dbo,External_Sodreconciliation_apex_EXT981_BuyPowerSummary,0
BI_DB_dbo,Function_Population_Portfolio_Only,,BI_DB_dbo,External_USABroker_Apex_Options,0
BI_DB_dbo,Function_Population_Portfolio_Only,,BI_DB_dbo,Function_Population_Active_Traders,0
DWH_dbo,Vw_STS_User_Operations_Data_History,,DWH_dbo,STS_User_Operations_Data_History,0
BI_DB_dbo,V_BI_DB_BO_Generated_Compensations,,BI_DB_dbo,BI_DB_BO_Generated_Compensations,0
DWH_dbo,V_Fact_SnapshotEquity_FromDateID,,DWH_dbo,Dim_Range,0
DWH_dbo,V_Fact_SnapshotEquity_FromDateID,,DWH_dbo,Fact_SnapshotEquity,0
BI_DB_dbo,BI_DB_V_DDR_Non_Revenue_Actions,,BI_DB_dbo,BI_DB_DDR_Fact_Non_Revenue_Generating_Actions,0
BI_DB_dbo,BI_DB_V_DDR_PnL,,BI_DB_dbo,BI_DB_DDR_Fact_PnL,0
BI_DB_dbo,BI_DB_V_DDR_MIMO,,BI_DB_dbo,BI_DB_DDR_Fact_MIMO_AllPlatforms,0
BI_DB_dbo,BI_DB_V_DDR_MIMO,,BI_DB_dbo,BI_DB_DDR_Fact_Non_Revenue_Generating_Actions,0
BI_DB_dbo,BI_DB_V_DDR_Revenue_Breakdown,,BI_DB_dbo,BI_DB_DDR_Fact_Revenue_Generating_Actions,0
BI_DB_dbo,BI_DB_V_DDR_Revenue_Breakdown,,DWH_dbo,Dim_Date,0
BI_DB_dbo,BI_DB_V_DDR_AUM,,BI_DB_dbo,BI_DB_DDR_Fact_AUM,0
BI_DB_dbo,Function_MIMO_First_Deposit_All_Platforms,,BI_DB_dbo,BI_DB_DDR_Fact_MIMO_AllPlatforms,0
BI_DB_dbo,Function_MIMO_First_Deposit_All_Platforms,,DWH_dbo,Dim_Customer,0
BI_DB_dbo,Function_MIMO_First_Deposit_All_Platforms,,DWH_dbo,Dim_FTDPlatform,0
BI_DB_dbo,Function_MIMO_First_Deposit_All_Platforms,,DWH_dbo,Dim_Range,0
BI_DB_dbo,Function_MIMO_First_Deposit_All_Platforms,,DWH_dbo,Fact_BillingDeposit,0
BI_DB_dbo,Function_MIMO_First_Deposit_All_Platforms,,DWH_dbo,Fact_CustomerAction,0
BI_DB_dbo,Function_MIMO_First_Deposit_All_Platforms,,DWH_dbo,Fact_SnapshotCustomer,0
BI_DB_dbo,Function_MIMO_First_Deposit_All_Platforms,,eMoney_dbo,FiatTransactions,0
BI_DB_dbo,Function_MIMO_First_Deposit_All_Platforms,,eMoney_dbo,eMoney_Fact_Transaction_Status,0
BI_DB_dbo,From_Synapse_EmoneyClientBalance_To_Generic_20260216,,eMoney_dbo,eMoneyClientBalance,0
BI_DB_dbo,V_BI_DB_Real_Crypto_Loan,,BI_DB_dbo,BI_DB_Real_Crypto_Loan,0
BI_DB_dbo,BI_DB_V_DDR_Daily_Panel,,BI_DB_dbo,BI_DB_DDR_Customer_Daily_Status,0
BI_DB_dbo,BI_DB_V_DDR_Daily_Panel,,BI_DB_dbo,BI_DB_V_DDR_AUM,0
BI_DB_dbo,BI_DB_V_DDR_Daily_Panel,,BI_DB_dbo,BI_DB_V_DDR_MIMO,0
BI_DB_dbo,BI_DB_V_DDR_Daily_Panel,,BI_DB_dbo,BI_DB_V_DDR_Non_Revenue_Actions,0
BI_DB_dbo,BI_DB_V_DDR_Daily_Panel,,BI_DB_dbo,BI_DB_V_DDR_PnL,0
BI_DB_dbo,BI_DB_V_DDR_Daily_Panel,,BI_DB_dbo,BI_DB_V_DDR_Revenue_Breakdown,0
BI_DB_dbo,V_C2P_Positions,,DWH_dbo,Fact_CustomerAction,0
BI_DB_dbo,V_Dim_FTDPlatform,,BI_DB_dbo,External_MoneyBusDB_Dictionary_AccountTypes,0
BI_DB_dbo,V_AUM_Dashboard,,BI_DB_dbo,BI_DB_DailyPanel_Copy,0
BI_DB_dbo,V_AUM_Dashboard,,DWH_dbo,Dim_Customer,0
BI_DB_dbo,V_AUM_Dashboard,,DWH_dbo,Dim_Regulation,0
Dealing_dbo,V_RequestViewForBestExecution,,CopyFromLake,PriceLog_History_CurrencyPrice,0
Dealing_dbo,V_RequestViewForBestExecution,,Dealing_staging,eToroLogs_Real_Hedge_EMSOrders,0
Dealing_dbo,V_RequestViewForBestExecution,,Dealing_staging,eToroLogs_Real_Hedge_RequestExecutionLog,0
Dealing_dbo,V_RequestViewForBestExecution,,Dealing_staging,eToroLogs_Real_Hedge_RequestLimitExecutionLog,0
Dealing_staging,V_External_Fivetran_dealing_overnight_fees,,Dealing_staging,External_Fivetran_dealing_overnight_fees,0
Dealing_staging,V_External_Fivetran_dealing_overnight_fees,,Dealing_staging,External_Fivetran_dealing_overnightfees,0
Dealing_staging,V_External_Fivetran_dealing_overnight_fees,,Dealing_staging,External_SharePoint_dealing_overnightfees,0
DE_dbo,V_DatabasePermissionsAndRolesChanges,,DE_dbo,DatabasePermissionsChanges,0
DE_dbo,V_DatabasePermissionsAndRolesChanges,,DE_dbo,DatabaseRoleMembersChanges,0
Dealing_dbo,V_Dealing_Duco_EODRecon,,Dealing_dbo,Dealing_Duco_EODRecon,0
DE_dbo,KYS_TableSkew,,DE_dbo,TableStorageByDistributionHistory,0
BI_DB_dbo,V_BI_DB_KYC_Score_CID_Level,,BI_DB_dbo,BI_DB_KYC_Score_CID_Level,0
BI_DB_dbo,Function_DDR_Aggregation_MoM,,BI_DB_dbo,BI_DB_DDR_Customer_Periodic_Status,0
BI_DB_dbo,Function_DDR_Aggregation_MoM,,BI_DB_dbo,BI_DB_V_DDR_AUM,0
BI_DB_dbo,Function_DDR_Aggregation_MoM,,BI_DB_dbo,BI_DB_V_DDR_MIMO,0
BI_DB_dbo,Function_DDR_Aggregation_MoM,,BI_DB_dbo,BI_DB_V_DDR_Non_Revenue_Actions,0
BI_DB_dbo,Function_DDR_Aggregation_MoM,,BI_DB_dbo,BI_DB_V_DDR_PnL,0
BI_DB_dbo,Function_DDR_Aggregation_MoM,,BI_DB_dbo,BI_DB_V_DDR_Revenue_Breakdown,0
DWH_dbo,V_Dim_Customer,,DWH_dbo,Dim_Affiliate,0
DWH_dbo,V_Dim_Customer,,DWH_dbo,Dim_Country,0
DWH_dbo,V_Dim_Customer,,DWH_dbo,Dim_Customer,0
DWH_dbo,V_Dim_Customer,,DWH_dbo,Dim_Language,0
DWH_dbo,V_Dim_Customer,,DWH_dbo,Dim_PlayerLevel,0
DWH_dbo,V_Dim_Customer,,DWH_dbo,Dim_PlayerStatus,0
DWH_dbo,V_Dim_Customer,,DWH_dbo,Dim_Regulation,0
DWH_dbo,V_Dim_Customer,,DWH_dbo,Dim_VerificationLevel,0
Dealing_dbo,V_Dealing_DealingDashboard_Clients,,Dealing_dbo,Dealing_DealingDashboard_Clients,0
BI_DB_dbo,V_Professional_List_SF,,salesforce,Professional_List,0
Dealing_staging,LP_IB_Cash_Transactions,,Dealing_staging,LP_IB_I1893329_Cash_Transactions,0
Dealing_staging,LP_IB_Cash_Transactions,,Dealing_staging,LP_IB_I3158027_Cash_Transactions,0
Dealing_staging,LP_IB_Cash_Transactions,,Dealing_staging,LP_IB_U1059976_Cash_Transactions,0
BI_DB_dbo,V_BI_DB_VarCommission,,BI_DB_dbo,BI_DB_VarCommission,0
Dealing_dbo,V_Dealing_CEPDailyAudit_Rules_Last180Days,,Dealing_dbo,Dealing_CEPDailyAudit_Rules,0
eMoney_dbo,v_eMoney_Dim_Account,,eMoney_dbo,eMoney_Dim_Account,0
DE_dbo,KYS_Check_Trim_reason_desc_for_rowgroups,,dbo,v_CCI_MetaData,0
BI_DB_dbo,Function_Instrument_Snapshot_Enriched,,DWH_dbo,Dim_Instrument,0
BI_DB_dbo,Function_Instrument_Snapshot_Enriched,,DWH_dbo,Dim_Instrument_Snapshot,0
BI_DB_dbo,Function_Instrument_Snapshot_Enriched,,DWH_dbo,Fact_CurrencyPriceWithSplit,0
BI_DB_dbo,Function_Instrument_Snapshot_Enriched,,DWH_staging,etoro_Trade_InstrumentGroups,0
BI_DB_dbo,Function_Revenue_CryptoToFiat_C2F,,DWH_dbo,Dim_Range,0
BI_DB_dbo,Function_Revenue_CryptoToFiat_C2F,,EXW_dbo,EXW_C2F_E2E,0
BI_DB_dbo,Function_Revenue_CryptoToFiat_C2F,,DWH_dbo,Fact_SnapshotCustomer,0
BI_DB_dbo,Function_DDR_Aggregation_YoY,,BI_DB_dbo,BI_DB_DDR_Customer_Periodic_Status,0
BI_DB_dbo,Function_DDR_Aggregation_YoY,,BI_DB_dbo,BI_DB_V_DDR_AUM,0
BI_DB_dbo,Function_DDR_Aggregation_YoY,,BI_DB_dbo,BI_DB_V_DDR_MIMO,0
BI_DB_dbo,Function_DDR_Aggregation_YoY,,BI_DB_dbo,BI_DB_V_DDR_Non_Revenue_Actions,0
BI_DB_dbo,Function_DDR_Aggregation_YoY,,BI_DB_dbo,BI_DB_V_DDR_PnL,0
BI_DB_dbo,Function_DDR_Aggregation_YoY,,BI_DB_dbo,BI_DB_V_DDR_Revenue_Breakdown,0
BI_DB_dbo,V_BI_DB_AllDeposits,,BI_DB_dbo,BI_DB_AllDeposits,0
BI_DB_dbo,V_BI_DB_Crypto_NOP_CID,,BI_DB_dbo,BI_DB_Crypto_NOP_CID,0
BI_DB_dbo,Function_Population_Funded,,BI_DB_dbo,BI_DB_Client_Balance_CID_Level_New,0
BI_DB_dbo,Function_Population_Funded,,BI_DB_dbo,Function_AUM_OptionsPlatform,0
BI_DB_dbo,Function_Population_Funded,,BI_DB_dbo,Function_Population_First_Time_Funded,0
BI_DB_dbo,Function_Population_Funded,,eMoney_dbo,eMoneyClientBalance,0
DWH_dbo,V_Fact_SnapshotCustomer,,DWH_dbo,Dim_Date,0
DWH_dbo,V_Fact_SnapshotCustomer,,DWH_dbo,Dim_Range,0
DWH_dbo,V_Fact_SnapshotCustomer,,DWH_dbo,Fact_SnapshotCustomer,0
BI_DB_dbo,V_BI_DB_GAML_Real_Positions_Report_Closed,,BI_DB_dbo,BI_DB_GAML_Real_Positions_Report_Closed,0
BI_DB_dbo,V_BI_DB_DailyDividendsByPosition,,BI_DB_dbo,BI_DB_DailyDividendsByPosition,0
DWH_dbo,V_Fact_SnapshotEquity,,DWH_dbo,Dim_Date,0
DWH_dbo,V_Fact_SnapshotEquity,,DWH_dbo,Dim_Range,0
DWH_dbo,V_Fact_SnapshotEquity,,DWH_dbo,Fact_SnapshotEquity,0
BI_DB_dbo,Function_Revenue_OptionsPlatform,,DWH_dbo,Dim_Customer,0
BI_DB_dbo,Function_Revenue_OptionsPlatform,,BI_DB_dbo,External_USABroker_Apex_Options,0
BI_DB_dbo,Function_Revenue_OptionsPlatform,,BI_DB_dbo,Sodreconciliation_apex_EXT1047_RevenueReports,0
BI_DB_dbo,Function_Population_First_Trading_Action,,DWH_dbo,Dim_Customer,0
BI_DB_dbo,Function_Population_First_Trading_Action,,DWH_dbo,Dim_Instrument,0
BI_DB_dbo,Function_Population_First_Trading_Action,,DWH_dbo,Dim_Mirror,0
BI_DB_dbo,Function_Population_First_Trading_Action,,DWH_dbo,Fact_CustomerAction,0
DWH_dbo,V_Dim_Instrument_Correlation_Test_Full,,DWH_dbo,Dim_Instrument_Correlation_Half_Records,0
DWH_dbo,V_Fact_SnapshotCustomer_FromDateID,,DWH_dbo,Dim_Range,0
DWH_dbo,V_Fact_SnapshotCustomer_FromDateID,,DWH_dbo,Fact_SnapshotCustomer,0
DE_dbo,KYS_TableDistributionType,,DE_dbo,TableSizesHistory,0
Dealing_dbo,V_Dealing_CEPDailyAudit_CP_Last180Days,,Dealing_dbo,Dealing_CEPDailyAudit_CP,0
BI_DB_dbo,Function_Trading_Volume_PositionLevel,,BI_DB_dbo,BI_DB_CopyFund_Positions,0
BI_DB_dbo,Function_Trading_Volume_PositionLevel,,BI_DB_dbo,BI_DB_Positions_Closed_To_IBAN,0
BI_DB_dbo,Function_Trading_Volume_PositionLevel,,BI_DB_dbo,BI_DB_Positions_Opened_From_IBAN,0
BI_DB_dbo,Function_Trading_Volume_PositionLevel,,BI_DB_dbo,BI_DB_RecurringInvestment_Positions,0
BI_DB_dbo,Function_Trading_Volume_PositionLevel,,DWH_dbo,Dim_Instrument,0
BI_DB_dbo,Function_Trading_Volume_PositionLevel,,DWH_dbo,Dim_Position,0
BI_DB_dbo,Function_Trading_Volume_PositionLevel,,DWH_dbo,Dim_Range,0
BI_DB_dbo,Function_Trading_Volume_PositionLevel,,DWH_dbo,Fact_SnapshotCustomer,0
BI_DB_dbo,Function_Trading_Volume_PositionLevel,,BI_DB_dbo,Function_Instrument_Snapshot_Enriched,0
BI_DB_dbo,Function_Trading_Volume_PositionLevel,,BI_DB_dbo,V_C2P_Positions,0
Dealing_dbo,V_Dealing_CEPDailyAudit_Conditions_Last180Days,,Dealing_dbo,Dealing_CEPDailyAudit_Conditions,0
BI_DB_dbo,V_BI_DB_LimitedAccountsWithReasons_COPY_BI_DB,,BI_DB_dbo,BI_DB_LimitedAccountsWithReasons,0
EXW_dbo,V_EXW_C2F_E2E_4Export,,EXW_dbo,EXW_C2F_E2E,0
BI_DB_dbo,Function_Revenue_Commissions,,DWH_dbo,Dim_Instrument,0
BI_DB_dbo,Function_Revenue_Commissions,,DWH_dbo,Dim_Range,0
BI_DB_dbo,Function_Revenue_Commissions,,DWH_dbo,Fact_CustomerAction,0
BI_DB_dbo,Function_Revenue_Commissions,,DWH_dbo,Fact_SnapshotCustomer,0
BI_DB_dbo,Function_Revenue_Commissions,,BI_DB_dbo,Function_Instrument_Snapshot_Enriched,0
DE_dbo,DelayedSBProcedures,,DE_dbo,ObjectsStatus,0
DE_dbo,DelayedSBProcedures,,DE_dbo,ObjectsStatusHistory,0
DE_dbo,DelayedSBProcedures,,DE_dbo,V_ProcedureDependencies,0
BI_DB_dbo,V_BI_DB_W_Vulnerability,,BI_DB_dbo,BI_DB_W_Wed_Compliance_Vulnerability_ALL,0
BI_DB_dbo,Function_Revenue_FullCommissions,,DWH_dbo,Dim_Instrument,0
BI_DB_dbo,Function_Revenue_FullCommissions,,DWH_dbo,Dim_Range,0
BI_DB_dbo,Function_Revenue_FullCommissions,,DWH_dbo,Fact_CustomerAction,0
BI_DB_dbo,Function_Revenue_FullCommissions,,DWH_dbo,Fact_SnapshotCustomer,0
BI_DB_dbo,Function_Revenue_FullCommissions,,BI_DB_dbo,Function_Instrument_Snapshot_Enriched,0
BI_DB_dbo,Function_Trading_Volume,,BI_DB_dbo,BI_DB_CopyFund_Positions,0
BI_DB_dbo,Function_Trading_Volume,,BI_DB_dbo,BI_DB_Positions_Closed_To_IBAN,0
BI_DB_dbo,Function_Trading_Volume,,BI_DB_dbo,BI_DB_Positions_Opened_From_IBAN,0
BI_DB_dbo,Function_Trading_Volume,,BI_DB_dbo,BI_DB_RecurringInvestment_Positions,0
BI_DB_dbo,Function_Trading_Volume,,DWH_dbo,Dim_Instrument,0
BI_DB_dbo,Function_Trading_Volume,,DWH_dbo,Dim_Position,0
BI_DB_dbo,Function_Trading_Volume,,DWH_dbo,Dim_Range,0
BI_DB_dbo,Function_Trading_Volume,,DWH_dbo,Fact_SnapshotCustomer,0
BI_DB_dbo,Function_Trading_Volume,,BI_DB_dbo,Function_Instrument_Snapshot_Enriched,0
BI_DB_dbo,Function_Trading_Volume,,BI_DB_dbo,V_C2P_Positions,0
BI_DB_dbo,Function_Revenue_DormantFee,,DWH_dbo,Dim_Range,0
BI_DB_dbo,Function_Revenue_DormantFee,,DWH_dbo,Fact_CustomerAction,0
BI_DB_dbo,Function_Revenue_DormantFee,,DWH_dbo,Fact_SnapshotCustomer,0
Dealing_staging,V_LP_EdnF_CorePosition,,Dealing_staging,LP_EdnF_CorePosition,0
BI_DB_dbo,Function_Revenue_ConversionFee,,BI_DB_dbo,BI_DB_DepositWithdrawFee,0
BI_DB_dbo,Function_Revenue_ConversionFee,,DWH_dbo,Dim_Range,0
BI_DB_dbo,Function_Revenue_ConversionFee,,DWH_dbo,Fact_BillingDeposit,0
BI_DB_dbo,Function_Revenue_ConversionFee,,DWH_dbo,Fact_BillingWithdraw,0
BI_DB_dbo,Function_Revenue_ConversionFee,,DWH_dbo,Fact_SnapshotCustomer,0
DE_dbo,V_ProcedureDependencies,,DE_dbo,ObjectsStatus,0
DE_dbo,V_ProcedureDependencies,,DE_dbo,ObjectsStatusDic,0
DE_dbo,V_ProcedureDependencies,,DE_dbo,ProcedureDependencies,0
DE_dbo,V_ProcedureDependencies,,DE_dbo,ProcessTypeDic,0
BI_DB_dbo,V_BI_DB_GAML_Real_Positions_Report_Opened_2022,,BI_DB_dbo,BI_DB_GAML_Real_Positions_Report_Opened_2022,0
BI_DB_dbo,Function_Revenue_TicketFeeByPercent,,BI_DB_dbo,BI_DB_Fact_Customer_Action_Position_Distribution,0
BI_DB_dbo,Function_Revenue_TicketFeeByPercent,,DWH_dbo,Dim_Instrument,0
BI_DB_dbo,Function_Revenue_TicketFeeByPercent,,DWH_dbo,Dim_Range,0
BI_DB_dbo,Function_Revenue_TicketFeeByPercent,,DWH_dbo,Fact_History_Cost,0
BI_DB_dbo,Function_Revenue_TicketFeeByPercent,,DWH_dbo,Fact_SnapshotCustomer,0
BI_DB_dbo,Function_Revenue_TicketFeeByPercent,,BI_DB_dbo,Function_Instrument_Snapshot_Enriched,0
BI_DB_dbo,V_BI_DB_Finance_Non_US_Settlement_Report,,BI_DB_dbo,BI_DB_Finance_Non_US_Settlement_Report,0
BI_DB_dbo,Function_AUM_OptionsPlatform,,DWH_dbo,Dim_Range,0
BI_DB_dbo,Function_AUM_OptionsPlatform,,BI_DB_dbo,External_Sodreconciliation_apex_EXT981_BuyPowerSummary,0
BI_DB_dbo,Function_AUM_OptionsPlatform,,BI_DB_dbo,External_USABroker_Apex_Options,0
BI_DB_dbo,Function_AUM_OptionsPlatform,,DWH_dbo,Fact_SnapshotCustomer,0
BI_DB_dbo,Function_Revenue_Share_Lending,,DWH_dbo,Dim_Range,0
BI_DB_dbo,Function_Revenue_Share_Lending,,DWH_dbo,Fact_CustomerAction,0
BI_DB_dbo,Function_Revenue_Share_Lending,,DWH_dbo,Fact_SnapshotCustomer,0
BI_DB_dbo,Function_Revenue_CashoutFee_IncRedeem,,DWH_dbo,Dim_Range,0
BI_DB_dbo,Function_Revenue_CashoutFee_IncRedeem,,DWH_dbo,Fact_CustomerAction,0
BI_DB_dbo,Function_Revenue_CashoutFee_IncRedeem,,DWH_dbo,Fact_SnapshotCustomer,0
DWH_dbo,V_Dim_Instrument_Correlation,,DWH_dbo,Dim_Instrument_Correlation_Active,0
BI_DB_dbo,Function_Revenue_Dividend,,BI_DB_dbo,BI_DB_Fact_Customer_Action_Position_Distribution,0
BI_DB_dbo,Function_Revenue_Dividend,,DWH_dbo,Dim_Instrument,0
BI_DB_dbo,Function_Revenue_Trading_Fees_Breakdown,,BI_DB_dbo,BI_DB_Fact_Customer_Action_Position_Distribution,0
BI_DB_dbo,Function_Revenue_Trading_Fees_Breakdown,,DWH_dbo,Dim_CompensationReason,0
BI_DB_dbo,Function_Revenue_Trading_Fees_Breakdown,,DWH_dbo,Dim_Instrument,0
DE_dbo,V_BI_Uncompleted_SP_List,,DE_dbo,ObjectsStatus,0
DE_dbo,V_BI_Uncompleted_SP_List,,DE_dbo,ObjectsStatusDic,0
DE_dbo,V_BI_Uncompleted_SP_List,,DE_dbo,ObjectsStatusHistory,0
DWH_dbo,Dim_Instrument_Correlation,,DWH_dbo,Dim_Instrument_Correlation_Archive,0
DWH_dbo,Dim_Instrument_Correlation,,DWH_dbo,Dim_Instrument_Correlation_UnionedPartitions,0
BI_DB_dbo,Function_Revenue_Trading_Instrument_Level,,BI_DB_dbo,BI_DB_CopyFund_Positions,0
BI_DB_dbo,Function_Revenue_Trading_Instrument_Level,,BI_DB_dbo,BI_DB_Positions_Closed_To_IBAN,0
BI_DB_dbo,Function_Revenue_Trading_Instrument_Level,,BI_DB_dbo,BI_DB_Positions_Opened_From_IBAN,0
BI_DB_dbo,Function_Revenue_Trading_Instrument_Level,,BI_DB_dbo,BI_DB_RecurringInvestment_Positions,0
BI_DB_dbo,Function_Revenue_Trading_Instrument_Level,,BI_DB_dbo,Function_Revenue_AdminFee,0
BI_DB_dbo,Function_Revenue_Trading_Instrument_Level,,BI_DB_dbo,Function_Revenue_FullCommissions,0
BI_DB_dbo,Function_Revenue_Trading_Instrument_Level,,BI_DB_dbo,Function_Revenue_RolloverFee,0
BI_DB_dbo,Function_Revenue_Trading_Instrument_Level,,BI_DB_dbo,Function_Revenue_SpotAdjustFee,0
BI_DB_dbo,Function_Revenue_Trading_Instrument_Level,,BI_DB_dbo,Function_Revenue_TicketFee,0
BI_DB_dbo,Function_Revenue_Trading_Instrument_Level,,BI_DB_dbo,Function_Revenue_TicketFeeByPercent,0
DWH_dbo,VU_FactBilling_ForBigQuery,,DWH_dbo,Fact_BillingDeposit,0
DWH_dbo,VU_FactBilling_ForBigQuery,,DWH_dbo,RemoveSpecialChars,1
BI_DB_dbo,V_BI_DB_Finance_Panel_Reports,,BI_DB_dbo,BI_DB_Finance_Panel_Reports,0
DWH_dbo,v_Dim_Mirror,,DWH_dbo,Dim_Mirror,0
BI_DB_dbo,BI_DB_V_Dim_InstrumentType,,DWH_dbo,Dim_Instrument,0
BI_DB_dbo,BI_DB_V_Dim_InstrumentType,,BI_DB_dbo,External_etoro_Dictionary_CurrencyType,0
BI_DB_dbo,BI_DB_V_StockMargin_Balances,,BI_DB_dbo,BI_DB_PositionPnL,0
BI_DB_dbo,BI_DB_V_StockMargin_Balances,,DWH_dbo,Dim_Country,0
BI_DB_dbo,BI_DB_V_StockMargin_Balances,,DWH_dbo,Dim_HistorySplitRatio,0
BI_DB_dbo,BI_DB_V_StockMargin_Balances,,DWH_dbo,Dim_Instrument,0
BI_DB_dbo,BI_DB_V_StockMargin_Balances,,DWH_dbo,Dim_Position,0
BI_DB_dbo,BI_DB_V_StockMargin_Balances,,DWH_dbo,Dim_Range,0
BI_DB_dbo,BI_DB_V_StockMargin_Balances,,DWH_dbo,Dim_Regulation,0
BI_DB_dbo,BI_DB_V_StockMargin_Balances,,DWH_dbo,Fact_CurrencyPriceWithSplit,0
BI_DB_dbo,BI_DB_V_StockMargin_Balances,,DWH_dbo,Fact_SnapshotCustomer,0
BI_DB_dbo,Function_Population_OTD_DateRange,,DWH_dbo,Fact_CustomerAction,0
BI_DB_dbo,Function_Population_OTD_DateRange,,eMoney_dbo,eMoney_Fact_Transaction_Status,0
BI_DB_dbo,Function_Revenue_CashoutFee_ExcludeRedeem,,DWH_dbo,Dim_Range,0
BI_DB_dbo,Function_Revenue_CashoutFee_ExcludeRedeem,,DWH_dbo,Fact_CustomerAction,0
BI_DB_dbo,Function_Revenue_CashoutFee_ExcludeRedeem,,DWH_dbo,Fact_SnapshotCustomer,0
BI_DB_dbo,BI_DB_V_StockMargin_EventLog,,DWH_dbo,Dim_HistorySplitRatio,0
BI_DB_dbo,BI_DB_V_StockMargin_EventLog,,DWH_dbo,Dim_Instrument,0
BI_DB_dbo,BI_DB_V_StockMargin_EventLog,,DWH_dbo,Dim_Position,0
BI_DB_dbo,BI_DB_V_StockMargin_EventLog,,DWH_dbo,Dim_PositionChangeLog,0
DWH_dbo,V_Fact_CustomerAction_for_generic,,DWH_dbo,Fact_CustomerAction,0
BI_DB_dbo,V_GermanBaFin,,BI_DB_dbo,BI_DB_IsGermanBafin_Freeze_20230712,0
BI_DB_dbo,V_GermanBaFin,,DWH_dbo,Dim_Customer,0
BI_DB_dbo,V_GermanBaFin,,DWH_dbo,Dim_Date,0
BI_DB_dbo,V_GermanBaFin,,DWH_dbo,Dim_Range,0
BI_DB_dbo,V_GermanBaFin,,DWH_dbo,Fact_SnapshotCustomer,0
BI_DB_dbo,V_GermanBaFin,,DWH_dbo,V_Liabilities,0
BI_DB_dbo,Function_Revenue_InterestFee,,BI_DB_dbo,BI_DB_Daily_CreditLine,0
BI_DB_dbo,Function_Revenue_InterestFee,,DWH_dbo,Dim_Range,0
BI_DB_dbo,Function_Revenue_InterestFee,,DWH_dbo,Fact_SnapshotCustomer,0
BI_DB_dbo,Function_Revenue_RolloverFee,,BI_DB_dbo,BI_DB_Fact_Customer_Action_Position_Distribution,0
BI_DB_dbo,Function_Revenue_RolloverFee,,DWH_dbo,Dim_Instrument,0
BI_DB_dbo,Function_Revenue_RolloverFee,,BI_DB_dbo,Function_Instrument_Snapshot_Enriched,0
BI_DB_dbo,Function_Revenue_SDRT,,BI_DB_dbo,BI_DB_Fact_Customer_Action_Position_Distribution,0
BI_DB_dbo,Function_Revenue_SDRT,,DWH_dbo,Dim_Instrument,0
BI_DB_dbo,BI_DB_User_Segment,,BI_DB_dbo,BI_DB_User_Segment_Snapshot,0
