"ProcedureName","TableName","IsActive","FrequencySP","ProcessType","ProcessName","Priority","last_success","last_failure","last_seen","successes_90d","failures_90d","phase_a_verdict","proc_kind"
"BI_DB_dbo.SP_AB_Test","BI_DB_dbo.BI_DB_AB_Test","0","Daily","1","Daily","0","2023-01-25 05:32:26","2022-10-13 09:44:19","2023-01-25 05:32:26","0","0","A0_DISABLED","synapse_sp"
"BI_DB_dbo.SP_Daily_PI_Performance","BI_DB_dbo.BI_DB_Daily_PI_Performance","0","Daily","1","COPY DATA","1","2024-03-16 20:32:26","2024-03-03 21:02:02","2024-03-16 20:32:26","0","0","A0_DISABLED","synapse_sp"
"BI_DB_dbo.SP_DailyCommoditiesReport","BI_DB_dbo.BI_DB_DailyCommoditiesReport_Clients","0","Daily","1","COPY DATA","1","2024-04-10 07:30:44","2024-06-02 08:32:53","2024-06-02 08:32:53","0","0","A0_DISABLED","synapse_sp"
"BI_DB_dbo.SP_DailyZeroPnL_Stocks","BI_DB_dbo.BI_DB_DailyZeroPnL_Stocks","0","Daily","1","COPY DATA","0","2024-02-10 08:44:38","2024-04-05 20:21:46","2024-04-05 20:21:46","0","0","A0_DISABLED","synapse_sp"
"BI_DB_dbo.SP_MergedDailySchedules","BI_DB_dbo.BI_DB_MergedDailySchedules","0","Daily","1","COPY DATA","1","2024-06-02 05:33:59","2024-03-10 06:30:07","2024-06-02 05:33:59","0","0","A0_DISABLED","synapse_sp"
"BI_DB_dbo.SP_MonthlyGain","BI_DB_dbo.BI_DB_MonthlyGain","0","Monthly","1","Daily","0","2023-01-25 06:19:14","2022-09-13 07:23:21","2023-01-25 06:19:14","0","0","A0_DISABLED","synapse_sp"
"BI_DB_dbo.SP_MonthlyRiskScore","BI_DB_dbo.BI_DB_MonthlyRiskScore","0","Monthly","1","Daily","0","2023-01-25 06:01:01","2022-09-13 07:09:54","2023-01-25 06:01:01","0","0","A0_DISABLED","synapse_sp"
"BI_DB_dbo.SP_PI_Dashboard","BI_DB_dbo.BI_DB_PI_Dashboard","0","Daily","1","COPY DATA","1","2024-03-16 20:24:13","2024-02-22 20:32:49","2024-03-16 20:24:13","0","0","A0_DISABLED","synapse_sp"
"BI_DB_dbo.SP_VolatilityEvents","BI_DB_dbo.BI_DB_VolatilityEvents","0","Daily","1","Daily","0","2023-01-25 06:32:10","2022-11-01 09:12:38","2023-01-25 06:32:10","0","0","A0_DISABLED","synapse_sp"
"Dealing_dbo.SP_Boundary_Cost","Dealing_dbo.Dealing_Boundary_Cost","0","Daily","1","COPY DATA","0","2023-03-16 08:37:06","","2023-03-16 08:37:06","0","0","A0_DISABLED","synapse_sp"
"DWH_pagetracking.Fact_MarketPageViews","DWH_pagetracking.Fact_MarketPageViews","0","Daily","1","COPY DATA","0","2024-06-01 10:44:32","2024-06-02 08:30:32","2024-06-02 08:30:32","0","0","A0_DISABLED","synapse_sp"
"DWH_pagetracking.Fact_UserPageViews","DWH_pagetracking.Fact_UserPageViews","0","","1","COPY DATA","0","2024-06-01 10:41:30","2024-06-02 08:30:31","2024-06-02 08:30:31","0","0","A0_DISABLED","synapse_sp"
"BI_DataBricks-etoro_customer_customer_deceased","BI_OUTPUT/Finance/Tables/customer_customer_deceased","1","Daily","12","Daily","0","2026-03-22 04:08:39","2026-04-20 04:19:35","2026-04-20 04:19:35","20","102","A4_DAILY_30D","databricks_job"
"DataBricks-export_table_to_file-SFMC_etoroDailyData","Gold/MC/SFMC_test/etoroDailyData","1","Daily","10","Daily","0","2026-04-13 10:07:46","","2026-04-13 10:07:46","3","0","A4_DAILY_30D","other"
"Dealing_dbo.SP_GSRecon","Dealing_dbo.Dealing_GSReconTrades","1","Daily","1","SB_Daily","0","2026-04-13 06:24:16","2024-10-31 06:32:04","2026-04-13 06:24:16","50","0","A4_DAILY_30D","synapse_sp"
"[Dealing_dbo].[SP_CopyPortfolio_Allocation]","[Dealing_dbo].Dealing_CopyPortfolio_Allocation","1","Daily","1","SB_Daily","0","2023-03-11 04:20:13","","2023-03-11 04:20:13","0","0","A4_DAILY_365D","other"
"BI_DataBricks-Dealing_Latency_Report","analysis/BI_OUTPUT/Dealing/latency_compensation","1","Daily","12","Daily","0","2025-03-02 06:42:17","2025-01-13 12:56:59","2025-03-02 06:42:17","0","0","A4_DAILY_365D","databricks_job"
"BI_DataBricks-PTP_Automation","analysis/BI_OUTPUT/Finance/Tables/Tax_PTP_Monitoring","1","Daily","12","Daily","0","2025-03-13 04:18:37","2025-03-20 04:33:39","2025-03-20 04:33:39","0","0","A4_DAILY_365D","databricks_job"
"BI_DB_dbo.[SP_EY_Audit_RollOverFee]","BI_DB_dbo.BI_DB_EY_Audit_RollOverFees","1","Daily","1","SB_Daily","0","2023-06-27 04:44:30","","2023-06-27 04:44:30","0","0","A4_DAILY_365D","synapse_sp"
"BI_DB_dbo.Client_Balance_Breakdown","BI_DB_dbo.Client_Balance_Breakdown_Instrument_Level","1","Daily","1","SB_Daily","0","2023-05-15 10:26:03","2023-05-15 04:37:10","2023-05-15 10:26:03","0","0","A4_DAILY_365D","synapse_sp"
"BI_DB_dbo.SP_AffiliateFraudLoss","BI_DB_dbo.BI_DB_Affiliate_Fraud_Loss","1","Daily","1","SB_Daily","20","2023-11-12 04:08:44","","2023-11-12 04:08:44","0","0","A4_DAILY_365D","synapse_sp"
"BI_DB_dbo.SP_AML_Affiliate_Abuse","BI_DB_dbo.BI_DB_AML_Affiliate_Abuse_Users","1","Daily","1","SB_Daily","0","2024-12-31 09:26:03","2024-06-28 07:09:22","2024-12-31 09:26:03","0","0","A4_DAILY_365D","synapse_sp"
"BI_DB_dbo.SP_AML_Multiple_Accounts","BI_DB_dbo.BI_DB_AML_Multiple_Accounts_Withdrawfulldata","1","Daily","1","SB_Daily","0","2025-03-13 05:29:57","2025-03-06 04:58:48","2025-03-13 05:29:57","0","0","A4_DAILY_365D","synapse_sp"
"BI_DB_dbo.SP_AML_Terror_Monitor_Dashboard","BI_DB_dbo.BI_DB_AML_Terror_Monitor_Dashboard","1","Daily","1","SB_Daily","0","2024-12-28 04:47:25","2023-10-24 04:13:01","2024-12-28 04:47:25","0","0","A4_DAILY_365D","synapse_sp"
"BI_DB_dbo.SP_ASIC_ClientBalanceFinance","BI_DB_dbo.BI_DB_ASIC_ClientBalanceFinance","1","Daily","4","FinanceReportSPS","99","2025-01-21 04:01:33","","2025-01-21 04:01:33","0","0","A4_DAILY_365D","synapse_sp"
"BI_DB_dbo.SP_AssignmentToolBacklog","BI_DB_dbo.BI_DB_AssignmentToolBacklog","1","Daily","1","SB_Daily","0","2024-03-19 04:57:16","","2024-03-19 04:57:16","0","0","A4_DAILY_365D","synapse_sp"
"BI_DB_dbo.SP_AssignmentToolSLAs","BI_DB_dbo.BI_DB_AssignmentToolSLAs","1","Daily","1","SB_Daily","0","2024-03-07 07:09:27","2024-03-07 06:56:00","2024-03-07 07:09:27","0","0","A4_DAILY_365D","synapse_sp"
"BI_DB_dbo.SP_AssignmentToolTasks","BI_DB_dbo.BI_DB_AssignmentToolTasks","1","Daily","1","SB_Daily","0","2024-03-07 07:03:47","2024-03-07 06:56:14","2024-03-07 07:03:47","0","0","A4_DAILY_365D","synapse_sp"
"BI_DB_dbo.SP_AssignmentToolVolumes","BI_DB_dbo.BI_DB_AssignmentToolVolumes","1","Daily","1","SB_Daily","0","2024-03-07 05:28:24","2024-02-21 05:11:50","2024-03-07 05:28:24","0","0","A4_DAILY_365D","synapse_sp"
"BI_DB_dbo.SP_BI_DB_ASIC_Monitoring_CFD","BI_DB_dbo.BI_DB_ASIC_Monitoring_CFD","1","Daily","1","SB_Daily","0","2023-11-05 04:20:15","","2023-11-05 04:20:15","0","0","A4_DAILY_365D","synapse_sp"
"BI_DB_dbo.SP_BI_DB_ASIC_Monitoring_CFD_W_Sun","BI_DB_dbo.BI_DB_ASIC_Monitoring_CFD_W_Sun","1","Daily","1","SB_Daily","0","2023-11-05 12:51:51","","2023-11-05 12:51:51","0","0","A4_DAILY_365D","synapse_sp"
"BI_DB_dbo.SP_BI_DB_Compliance_BI_Clients_Dashboard","BI_DB_dbo.BI_DB_Compliance_Clients_Dashboard_EOM_Pos","1","Daily","1","SB_Daily","0","2023-11-29 04:51:04","","2023-11-29 04:51:04","0","0","A4_DAILY_365D","synapse_sp"
"BI_DB_dbo.SP_CB_Gap_Categorization","BI_DB_dbo.BI_DB_CB_CycleGap_Categorization","1","Daily","4","FinanceReportSPS","99","2025-01-21 04:01:33","","2025-01-21 04:01:33","0","0","A4_DAILY_365D","synapse_sp"
"BI_DB_dbo.SP_CID_Daily_NWA","BI_DB_dbo.BI_DB_CID_Daily_NWA","1","Daily","4","FinanceReportSPS","99","2025-01-21 04:01:33","","2025-01-21 04:01:33","0","0","A4_DAILY_365D","synapse_sp"
"BI_DB_dbo.SP_Client_Balance_New","BI_DB_dbo.BI_DB_Client_New_CompensationBreakdown","1","Daily","4","FinanceReportSPS","99","2025-01-21 04:01:33","","2025-01-21 04:01:33","0","0","A4_DAILY_365D","synapse_sp"
"BI_DB_dbo.SP_Copyfunds_Watched_Not_Invested","BI_DB_dbo.BI_DB_Copyfunds_Watched_Not_Invested","1","Daily","1","SB_Daily","0","2025-03-10 05:22:14","2025-03-12 05:46:38","2025-03-12 05:46:38","0","0","A4_DAILY_365D","synapse_sp"
"BI_DB_dbo.SP_Crypto_NOP","BI_DB_dbo.BI_DB_Crypto_NOP_CID","1","Daily","4","FinanceReportSPS","99","2025-01-21 04:01:33","","2025-01-21 04:01:33","0","0","A4_DAILY_365D","synapse_sp"
"BI_DB_dbo.SP_CycleGap","BI_DB_dbo.BI_DB_CycleGap","1","Daily","4","FinanceReportSPS","99","2025-01-21 04:01:33","","2025-01-21 04:01:33","0","0","A4_DAILY_365D","synapse_sp"
"BI_DB_dbo.SP_D_Email_for_KYT","BI_DB_dbo.Email_for_KYT","1","Daily","1","SB_Daily","0","2024-04-25 06:33:03","","2024-04-25 06:33:03","0","0","A4_DAILY_365D","synapse_sp"
"BI_DB_dbo.SP_Daily_CB_Gaps_All","BI_DB_dbo.BI_DB_Daily_CB_Gaps_All","1","Daily","4","FinanceReportSPS","99","2025-01-21 04:01:33","","2025-01-21 04:01:33","0","0","A4_DAILY_365D","synapse_sp"
"BI_DB_dbo.SP_Daily_CreditLine","BI_DB_dbo.BI_DB_Daily_CreditLine","1","Daily","4","FinanceReportSPS","99","2025-01-21 04:01:33","","2025-01-21 04:01:33","0","0","A4_DAILY_365D","synapse_sp"
"BI_DB_dbo.SP_Daily_Dividends","BI_DB_dbo.BI_DB_Daily_Dividends","1","Daily","4","FinanceReportSPS","99","2025-01-21 04:01:33","","2025-01-21 04:01:33","0","0","A4_DAILY_365D","synapse_sp"
"BI_DB_dbo.SP_Daily_PI_Performance_COPYDATA_RuningSideBySide","BI_DB_dbo.BI_DB_Daily_PI_Performance_COPYDATA_RuningSideBySide","1","Daily","1","SB_Daily","0","2024-03-16 20:25:45","","2024-03-16 20:25:45","0","0","A4_DAILY_365D","synapse_sp"
"BI_DB_dbo.SP_DailyDividendsByPosition","BI_DB_dbo.BI_DB_DailyDividendsByPosition","1","Daily","4","SB_Daily","99","2025-01-21 04:01:33","2023-11-02 07:04:44","2025-01-21 04:01:33","0","0","A4_DAILY_365D","synapse_sp"
"BI_DB_dbo.SP_DailyZero_TreeSize_NEW","BI_DB_dbo.BI_DB_DailyZero_TreeSize_NEW","1","Daily","4","FinanceReportSPS","99","2025-01-21 04:01:33","","2025-01-21 04:01:33","0","0","A4_DAILY_365D","synapse_sp"
"BI_DB_dbo.SP_DepositWithdrawFee","BI_DB_dbo.BI_DB_DepositWithdrawFee","1","Daily","4","FinanceReportSPS","99","2025-01-21 04:01:33","","2025-01-21 04:01:33","0","0","A4_DAILY_365D","synapse_sp"
"BI_DB_dbo.SP_DWH_GainDaily_COPYDATA_RuningSideBySide","BI_DB_dbo.DWH_GainDaily_COPYDATA_RuningSideBySide","1","Daily","1","SB_Daily","0","2024-05-07 04:59:55","","2024-05-07 04:59:55","0","0","A4_DAILY_365D","synapse_sp"
"BI_DB_dbo.SP_ECB_ExchangeRateAPI_Update_Columns","BI_DB_dbo.BI_DB_ECB_RateExtractFromAPI","1","Daily","4","FinanceReportSPS","99","2025-01-19 00:15:08","","2025-01-19 00:15:08","0","0","A4_DAILY_365D","synapse_sp"
"BI_DB_dbo.SP_EndOfDayReport_Cashouts","BI_DB_dbo.BI_DB_EndOfDayReport_Cashouts","1","Daily","1","SB_Daily","20","2024-03-11 08:46:57","","2024-03-11 08:46:57","0","0","A4_DAILY_365D","synapse_sp"
"BI_DB_dbo.SP_EndOfDayReport_Redeems","BI_DB_dbo.BI_DB_EndOfDayReport_Redeems","1","Daily","1","SB_Daily","20","2024-03-11 08:41:28","2023-04-20 00:29:53","2024-03-11 08:41:28","0","0","A4_DAILY_365D","synapse_sp"
"BI_DB_dbo.SP_EY_Audit_Auditor_Unrealized_Calculations","BI_DB_dbo.BI_DB_EY_Audit_Automation_UnrealizedCommissions_Results","1","Daily","1","SB_Daily","0","2025-04-15 12:45:37","2024-06-18 12:06:36","2025-04-15 12:45:37","0","0","A4_DAILY_365D","synapse_sp"
"BI_DB_dbo.SP_EY_Audit_Opened_Positions","BI_DB_dbo.EY_Audit_Automation_Position_Open_Configs","1","Daily","1","SB_Daily","0","2024-01-15 06:35:32","2023-06-27 08:19:45","2024-01-15 06:35:32","0","0","A4_DAILY_365D","synapse_sp"
"BI_DB_dbo.SP_EY_Audit_Position_LastOpPriceRate","BI_DB_dbo.EY_Audit_Position_LastOpRate","1","Daily","1","SB_Daily","0","2024-01-20 05:11:20","","2024-01-20 05:11:20","0","0","A4_DAILY_365D","synapse_sp"
"BI_DB_dbo.SP_Finance_Non_US_Settlement_Report","BI_DB_dbo.BI_DB_GAML_Real_Positions_Report_Opened_2022","1","Daily","4","FinanceReportSPS","99","2025-01-21 04:01:33","","2025-01-21 04:01:33","0","0","A4_DAILY_365D","synapse_sp"
"BI_DB_dbo.SP_Finance_Panel_Reports","BI_DB_dbo.BI_DB_Finance_Panel_Reports","1","Daily","4","FinanceReportSPS","99","2025-01-21 04:01:33","","2025-01-21 04:01:33","0","0","A4_DAILY_365D","synapse_sp"
"BI_DB_dbo.SP_FirstTimeFunded","BI_DB_dbo.BI_DB_FirstTimeFunded","1","Daily","1","SB_Daily","90","2025-02-18 12:05:20","","2025-02-18 12:05:20","0","0","A4_DAILY_365D","synapse_sp"
"BI_DB_dbo.SP_FirstTimeRev30","BI_DB_dbo.BI_DB_FirstTimeRev30","1","Daily","1","SB_Daily","0","2024-04-14 04:42:24","","2024-04-14 04:42:24","0","0","A4_DAILY_365D","synapse_sp"
"BI_DB_dbo.SP_Guru_Ratio_Populate","BI_DB_dbo.BI_DB_GuruRatios","1","Daily","1","SB_Daily","0","2024-06-06 09:21:46","2024-06-03 08:50:37","2024-06-06 09:21:46","0","0","A4_DAILY_365D","synapse_sp"
"BI_DB_dbo.SP_GuruRatio","BI_DB_dbo.BI_DB_GuruRatios","1","Daily","1","SB_Daily","0","2023-12-28 13:25:58","","2023-12-28 13:25:58","0","0","A4_DAILY_365D","synapse_sp"
"BI_DB_dbo.SP_Instrument_Details_During_Call","BI_DB_dbo.BI_DB_Instrument_Details_During_Call","1","Daily","1","SB_Daily","20","2024-06-02 08:14:36","2024-06-26 12:05:40","2024-06-26 12:05:40","0","0","A4_DAILY_365D","synapse_sp"
"BI_DB_dbo.SP_KYC_Report","BI_DB_dbo.BI_DB_KYCUserRawDataLeveled","1","Daily","1","SB_Daily","1","2024-06-02 06:35:42","2024-04-05 20:21:45","2024-06-02 06:35:42","0","0","A4_DAILY_365D","synapse_sp"
"BI_DB_dbo.SP_MarketingCloudUserBehavior","BI_DB_dbo.BI_DB_MarketingCloudUserBehaviorPI","1","Daily","1","SB_Daily","0","2024-06-02 10:01:44","2023-08-31 13:40:28","2024-06-02 10:01:44","0","0","A4_DAILY_365D","synapse_sp"
"BI_DB_dbo.SP_NOP_TradingActivity_Risk_Daily","BI_DB_dbo.BI_DB_TradingActivity_Risk_Daily","1","Daily","1","SB_Daily","20","2024-01-17 04:09:48","","2024-01-17 04:09:48","0","0","A4_DAILY_365D","synapse_sp"
"BI_DB_dbo.SP_Outliers_New","BI_DB_dbo.BI_DB_Outliers_New","1","Daily","4","FinanceReportSPS","99","2025-01-21 04:01:33","","2025-01-21 04:01:33","0","0","A4_DAILY_365D","synapse_sp"
"BI_DB_dbo.SP_PI_Dashboard_COPYDATA_RuningSideBySide","BI_DB_dbo.BI_DB_PI_WeeklyTrades","1","Daily","1","SB_Daily","0","2024-04-15 06:51:53","2024-02-10 07:17:52","2024-04-15 06:51:53","0","0","A4_DAILY_365D","synapse_sp"
"BI_DB_dbo.SP_PositionPnL","BI_DB_dbo.BI_DB_PositionPnL","1","Daily","4","SB_Daily","99","2025-01-21 04:01:33","","2025-01-21 04:01:33","0","0","A4_DAILY_365D","synapse_sp"
"BI_DB_dbo.SP_PositionPnL_UnrealizedPnL_Close_Adjustment","BI_DB_dbo.BI_DB_PositionPnL_UnrealizedPnL_Close_Adjustment","1","Daily","1","SB_Daily","0","2024-07-07 06:00:40","","2024-07-07 06:00:40","0","0","A4_DAILY_365D","synapse_sp"
"BI_DB_dbo.SP_Professional_List","SalesForce_dbo.Professional_List","1","Daily","1","SB_Daily","20","2024-06-02 04:52:57","2024-03-09 06:29:22","2024-06-02 04:52:57","0","0","A4_DAILY_365D","synapse_sp"
"BI_DB_dbo.SP_Real_Crypto_Loans","BI_DB_dbo.BI_DB_Real_Crypto_Loan","1","Daily","4","FinanceReportSPS","99","2025-01-21 04:01:33","","2025-01-21 04:01:33","0","0","A4_DAILY_365D","synapse_sp"
"BI_DB_dbo.SP_RealCrypto_Lev2","BI_DB_dbo.BI_DB_RealCrypto_Lev2","1","Daily","4","FinanceReportSPS","99","2025-01-21 04:01:33","","2025-01-21 04:01:33","0","0","A4_DAILY_365D","synapse_sp"
"BI_DB_dbo.SP_Risk_RiskStatusChange","BI_DB_dbo.BI_DB_Risk_RiskStatusChanges","1","Daily","1","SB_Daily","0","2024-01-03 05:11:55","2023-08-16 08:09:03","2024-01-03 05:11:55","0","0","A4_DAILY_365D","synapse_sp"
"BI_DB_dbo.SP_RiskClassification","BI_DB_dbo.BI_DB_RiskClassification","1","Daily","1","SB_Daily","0","2024-06-02 04:59:18","2024-02-29 04:54:58","2024-06-02 04:59:18","0","0","A4_DAILY_365D","synapse_sp"
"BI_DB_dbo.SP_RollOverFee_Dividends","BI_DB_dbo.BI_DB_RollOverFee_Dividends","1","Daily","4","FinanceReportSPS","99","2025-01-21 04:01:33","","2025-01-21 04:01:33","0","0","A4_DAILY_365D","synapse_sp"
"BI_DB_dbo.SP_SCD_Staking_Position","BI_DB_dbo.SCD_Staking_Position_Log","1","Daily","1","COPY DATA","0","2024-06-02 08:18:26","2024-04-05 20:03:10","2024-06-02 08:18:26","0","0","A4_DAILY_365D","synapse_sp"
"BI_DB_dbo.SP_SF_Cases","BI_DB_dbo.BI_DB_SF_Cases_Panel","1","Daily","1","SB_Daily","0","2024-05-30 06:03:33","2024-06-02 08:31:24","2024-06-02 08:31:24","0","0","A4_DAILY_365D","synapse_sp"
"BI_DB_dbo.SP_SF_Cases_Panel","BI_DB_dbo.BI_DB_SF_Cases_Panel","1","Daily","1","SB_Daily","0","2023-01-25 03:30:44","2022-10-31 04:09:55","2023-01-25 03:30:44","0","0","A4_DAILY_365D","synapse_sp"
"BI_DB_dbo.SP_Social_Activity_COPYDATA_RuningSideBySide","BI_DB_dbo.BI_DB_Social_Activity_COPYDATA_RuningSideBySide","1","Daily","1","SB_Daily","0","2024-05-06 04:54:01","2024-03-24 04:37:35","2024-05-06 04:54:01","0","0","A4_DAILY_365D","synapse_sp"
"BI_DB_dbo.SP_Social_Activity_Updates_COPYDATA_RuningSideBySide","BI_DB_dbo.BI_DB_Social_Activity_Updates_COPYDATA_RuningSideBySide","1","Daily","1","SB_Daily","0","2024-04-15 07:51:07","","2024-04-15 07:51:07","0","0","A4_DAILY_365D","synapse_sp"
"BI_DB_dbo.SP_SpreadedPriceCandle60MinSplitted","BI_DB_dbo.BI_DB_SpreadedPriceCandle60MinSplitted","1","Daily","1","SB_Daily","0","2024-06-02 06:15:21","2024-03-04 08:43:25","2024-06-02 06:15:21","0","0","A4_DAILY_365D","synapse_sp"
"BI_DB_dbo.SP_Staking_Daily_Email_for_labs","BI_DB_dbo.BI_DB_Staking_Daily_Email_for_labs","1","Daily","1","SB_Daily","0","2023-11-15 04:41:19","2023-11-20 04:46:16","2023-11-20 04:46:16","0","0","A4_DAILY_365D","synapse_sp"
"BI_DB_dbo.SP_TicketsForOPSNEW","BI_DB_dbo.BI_DB_TicketsForOPS_NEW","1","Daily","1","SB_Daily","0","2024-04-23 05:52:47","","2024-04-23 05:52:47","0","0","A4_DAILY_365D","synapse_sp"
"BI_DB_dbo.SP_Users_Bio","BI_DB_dbo.BI_DB_Publications","1","Daily","1","SB_Daily","20","2023-11-08 04:11:30","","2023-11-08 04:11:30","0","0","A4_DAILY_365D","synapse_sp"
"BI_DB_dbo.SP_VarCommission","BI_DB_dbo.BI_DB_VarCommission","1","Daily","4","FinanceReportSPS","99","2025-01-21 04:01:33","","2025-01-21 04:01:33","0","0","A4_DAILY_365D","synapse_sp"
"BigQueryGADataUploadData_Ltv","RawData.pLTV_30d","1","Daily","10","Daily","0","2022-09-05 07:24:24","2022-09-18 07:14:17","2022-10-31 09:14:40","0","0","A4_DAILY_365D","other"
"DataBricks-Sedric_IsMajor","internal-sources/Gold/Sedric/IsMajor","1","Daily","10","Daily","0","2023-08-07 10:14:00","2023-07-26 10:11:08","2023-08-07 10:14:00","0","0","A4_DAILY_365D","other"
"DE_dbo.SP_CopyLakeToSynapse-CopyFromLake.Bronze_Fivetran_google_sheets_marex_mapping_table","CopyFromLake.Bronze_Fivetran_google_sheets_marex_mapping_table","1","Daily","6","SB_Daily","0","2024-02-14 11:34:53","","2024-02-14 11:34:53","0","0","A4_DAILY_365D","synapse_sp"
"DE_dbo.SP_CopyLakeToSynapse-CopyFromLake.DB_Logs_History_OrderForClose","CopyFromLake.DB_Logs_History_OrderForClose","1","Daily","6","SB_Daily","0","2024-08-08 09:49:05","2024-04-14 05:33:18","2024-08-08 09:49:05","0","0","A4_DAILY_365D","synapse_sp"
"DE_dbo.SP_CopyLakeToSynapse-CopyFromLake.DB_Logs_History_OrderForOpen","CopyFromLake.DB_Logs_History_OrderForOpen","1","Daily","6","SB_Daily","0","2024-08-01 04:53:03","2025-02-13 06:16:26","2025-02-13 06:16:26","0","0","A4_DAILY_365D","synapse_sp"
"DE_dbo.SP_CopyLakeToSynapse-CopyFromLake.etoro_DWH_HistoryOrderForClose","CopyFromLake.etoro_DWH_HistoryOrderForClose","1","Daily","6","SB_Daily","0","2025-01-12 06:30:00","2025-01-07 07:07:08","2025-01-12 06:30:00","0","0","A4_DAILY_365D","synapse_sp"
"DE_dbo.SP_CopyLakeToSynapse-CopyFromLake.etoro_Hedge_HBCExecutionLog","CopyFromLake.etoro_Hedge_HBCExecutionLog","1","Daily","6","SB_Daily","0","2024-01-15 06:13:16","2024-01-16 04:55:42","2024-01-16 04:55:42","0","0","A4_DAILY_365D","synapse_sp"
"DE_dbo.SP_CopyLakeToSynapse-CopyFromLake.etoro_History_OrdersMarketFail","CopyFromLake.etoro_History_OrdersMarketFail","1","Daily","6","SB_Daily","0","2025-04-22 09:55:46","2025-02-13 06:17:41","2025-04-22 09:55:46","0","0","A4_DAILY_365D","synapse_sp"
"DE_dbo.SP_CopyLakeToSynapse-CopyFromLake.etoro_Trade_OrdersEntryTbl","CopyFromLake.etoro_Trade_OrdersEntryTbl","1","Daily","6","SB_Daily","0","2025-04-22 06:14:29","2024-01-19 04:34:22","2025-04-22 06:14:29","0","0","A4_DAILY_365D","synapse_sp"
"DE_dbo.SP_CopyLakeToSynapse-CopyFromLake.eToroLogs_Real_Hedge_EMSOrders","CopyFromLake.eToroLogs_Real_Hedge_EMSOrders","1","Daily","6","SB_Daily","0","2025-01-26 04:59:02","2024-01-14 13:10:56","2025-01-26 04:59:02","0","0","A4_DAILY_365D","synapse_sp"
"DE_dbo.SP_CopyLakeToSynapse-CopyFromLake.eToroLogs_Real_Hedge_RequestExecutionLog","CopyFromLake.eToroLogs_Real_Hedge_RequestExecutionLog","1","Daily","6","SB_Daily","0","2024-01-15 05:53:31","2024-01-16 04:41:01","2024-01-16 04:41:01","0","0","A4_DAILY_365D","synapse_sp"
"DE_dbo.SP_CopyLakeToSynapse-CopyFromLake.eToroLogs_Real_Hedge_RequestLimitExecutionLog","CopyFromLake.eToroLogs_Real_Hedge_RequestLimitExecutionLog","1","Daily","6","SB_Daily","0","2024-01-15 05:53:28","2024-01-16 04:46:47","2024-01-16 04:46:47","0","0","A4_DAILY_365D","synapse_sp"
"DE_dbo.SP_CopyLakeToSynapse-CopyFromLake.WalletBalancesReportDB_Wallet_FinanceReportsBalances","CopyFromLake.WalletBalancesReportDB_Wallet_FinanceReportsBalances","1","Daily","6","SB_Daily","0","2025-03-24 06:39:21","2025-02-25 05:46:11","2025-03-24 06:39:21","0","0","A4_DAILY_365D","synapse_sp"
"DE_dbo.SP_CopyLakeToSynapse-DE_dbo.FiatCurrencyBalancesStatuses","DE_dbo.FiatCurrencyBalancesStatuses","1","Daily","6","SB_Daily","0","2023-10-25 04:21:44","2023-09-28 16:34:49","2023-10-25 04:21:44","0","0","A4_DAILY_365D","synapse_sp"
"DE_dbo.SP_CopyLakeToSynapse-general.KycAnalyzer_ClientRiskProfile","general.KycAnalyzer_ClientRiskProfile","1","Daily","6","SB_Daily","0","2024-10-09 05:07:42","2024-03-27 04:29:44","2024-10-09 05:07:42","0","0","A4_DAILY_365D","synapse_sp"
"DE_dbo.SP_CopyLakeToSynapse-general.SolarisBankIdentDb_SolarisBankIdent","general.SolarisBankIdentDb_SolarisBankIdent","1","Daily","6","SB_Daily","0","2024-10-09 05:07:15","2024-07-14 05:24:47","2024-10-09 05:07:15","0","0","A4_DAILY_365D","synapse_sp"
"DE_dbo.SP_CopyLakeToSynapse-general.VideoIdentDb_VideoIdent","general.VideoIdentDb_VideoIdent","1","Daily","6","SB_Daily","0","2024-11-06 05:55:40","2024-10-07 06:09:37","2024-11-06 05:55:40","0","0","A4_DAILY_365D","synapse_sp"
"DE_dbo.SP_DWH_CIDsDailyRisk","DE_dbo.DWH_CIDsRisk","1","Daily","1","SB_Daily","90","2023-08-14 04:51:33","2023-08-15 05:19:17","2023-08-15 05:19:17","0","0","A4_DAILY_365D","synapse_sp"
"DE_dbo.SP_SourcesFromDataLakeToSynapse","general.VideoIdentDb_VideoIdent","1","Daily","1","SB_Daily","20","2023-11-30 09:17:14","2024-01-04 05:27:32","2024-01-04 05:27:32","0","0","A4_DAILY_365D","synapse_sp"
"DE_dbo.SP_UsageTracking_SF","DE_dbo.BI_DB_UsageTracking_SF","1","Daily","1","SB_Daily","70","2024-05-27 04:07:48","2024-05-20 04:09:16","2024-05-27 04:07:48","0","0","A4_DAILY_365D","synapse_sp"
"Dealing_dbo.SP_Apex_PnL","Dealing_dbo.Dealing_Apex_PnL_EE_Daily","1","Daily","1","SB_Daily","0","2024-06-08 09:19:29","2023-10-29 14:10:49","2024-06-08 09:19:29","0","0","A4_DAILY_365D","synapse_sp"
"Dealing_dbo.SP_Best_Execution","Dealing_dbo.Dealing_Best_Execution_Compensation_HBC","1","Daily","1","SB_Daily","20","2025-01-12 07:56:10","","2025-01-12 07:56:10","0","0","A4_DAILY_365D","synapse_sp"
"Dealing_dbo.SP_DailySpreadsAggregated","Dealing_dbo.Dealing_DailySpreadsAggregated","1","Daily","1","SB_Daily","0","2025-02-18 14:13:12","2024-06-19 06:02:17","2025-02-18 14:13:12","0","0","A4_DAILY_365D","synapse_sp"
"Dealing_dbo.SP_DailySpreadsAggregatedFX","Dealing_dbo.Dealing_DailySpreadsAggregatedFX","1","Daily","1","SB_Daily","0","2024-04-11 05:17:26","","2024-04-11 05:17:26","0","0","A4_DAILY_365D","synapse_sp"
"Dealing_dbo.SP_Execution_Slippage","Dealing_dbo.Dealing_Execution_Slippage_RequestTime","1","Daily","1","SB_Daily","0","2025-01-12 05:15:59","2024-08-03 06:01:24","2025-01-12 05:15:59","0","0","A4_DAILY_365D","synapse_sp"
"Dealing_dbo.SP_Failures","Dealing_dbo.Dealing_Failures_Rate","1","Daily","1","SB_Daily","0","2025-04-22 10:06:56","2025-02-11 19:32:59","2025-04-22 10:06:56","0","0","A4_DAILY_365D","synapse_sp"
"Dealing_dbo.SP_Latency_Report","Dealing_dbo.Dealing_Daily_Latency_Compensation","1","Daily","1","SB_Daily","0","2025-01-12 07:41:52","2024-02-21 06:23:36","2025-01-12 07:41:52","0","0","A4_DAILY_365D","synapse_sp"
"Dealing_dbo.SP_Manual_Exec","Dealing_dbo.Dealing_Manual_Exec","1","Daily","1","SB_Daily","0","2024-06-09 05:32:52","2024-02-06 05:02:38","2024-06-09 05:32:52","0","0","A4_DAILY_365D","synapse_sp"
"Dealing_dbo.SP_NewHedgeDash_Email_CSV_0230AM","","1","Daily","3","SB_Daily","0","2025-05-12 06:36:02","2025-05-08 14:11:15","2025-05-12 06:36:02","0","0","A4_DAILY_365D","synapse_sp"
"Dealing_dbo.SP_NewHedgeDash_Email_CSV_1130PM","","1","Daily","3","SB_Daily","0","2025-05-12 06:41:23","2025-05-08 14:11:17","2025-05-12 06:41:23","0","0","A4_DAILY_365D","synapse_sp"
"Dealing_dbo.SP_OccurredAtProvider_Latency","Dealing_dbo.Dealing_OccurredAtProvider_Latency_PCSID","1","Daily","1","SB_Daily","0","2025-01-12 05:07:14","2024-10-27 05:06:53","2025-01-12 05:07:14","0","0","A4_DAILY_365D","synapse_sp"
"Dealing_dbo.SP_Positions_OpenClose_Breakdown","Dealing_dbo.Dealing_Positions_OpenClose_Breakdown","1","Daily","1","SB_Daily","0","2024-09-01 06:03:23","","2024-09-01 06:03:23","0","0","A4_DAILY_365D","synapse_sp"
"Dealing_dbo.SP_Regime_Flags","Dealing_dbo.Dealing_Regime_Flags","1","Daily","1","SB_Daily","0","2025-01-20 05:19:55","","2025-01-20 05:19:55","0","0","A4_DAILY_365D","synapse_sp"
"Dealing_dbo.SP_SelfCopyingPI","Dealing_dbo.Dealing_SelfCopyingPI","1","Daily","1","SB_Daily","20","2023-09-04 11:46:02","2023-08-31 12:45:31","2023-09-04 11:46:02","0","0","A4_DAILY_365D","synapse_sp"
"Dealing_dbo.SP_Slippage_Report","Dealing_dbo.Dealing_Daily_Slippage_Totals","1","Daily","1","SB_Daily","20","2025-01-12 07:34:06","2024-07-28 06:15:28","2025-01-12 07:34:06","0","0","A4_DAILY_365D","synapse_sp"
"Dealing_dbo.SP_USTradeReports","Dealing_dbo.Dealing_US_OriginalEntryTradeTicket","1","Daily","1","SB_Daily","0","2025-01-14 06:44:40","2024-09-19 07:55:00","2025-01-14 06:44:40","0","0","A4_DAILY_365D","synapse_sp"
"Dealing_staging.SP_Copy_Etoro_Hedge_HBCExecutionLog","Dealing_staging.Etoro_Hedge_HBCExecutionLog","1","Daily","1","SB_Daily","20","2023-12-28 05:06:37","2024-01-04 05:40:59","2024-01-04 05:40:59","0","0","A4_DAILY_365D","synapse_sp"
"Dealing_staging.SP_Copy_Etoro_Hedge_HBCOrderLog","Dealing_staging.Etoro_Hedge_HBCOrderLog","1","Daily","1","SB_Daily","20","2023-12-28 04:06:35","2024-01-04 04:55:56","2024-01-04 04:55:56","0","0","A4_DAILY_365D","synapse_sp"
"Dealing_staging.SP_Copy_eToroLogs_Real_Hedge_EMSOrders","Dealing_staging.External_eToroLogs_Real_Hedge_EMSOrders","1","Daily","1","SB_Daily","20","2025-01-26 04:12:04","2023-05-02 13:52:20","2025-01-26 04:12:04","0","0","A4_DAILY_365D","synapse_sp"
"Dealing_staging.SP_Copy_eToroLogs_Real_Hedge_RequestExecutionLog","Dealing_staging.External_eToroLogs_Hedge_RequestExecutionLog","1","Daily","1","SB_Daily","20","2023-12-29 04:11:11","2024-01-04 05:03:34","2024-01-04 05:03:34","0","0","A4_DAILY_365D","synapse_sp"
"Dealing_staging.SP_Copy_eToroLogs_Real_Hedge_RequestLimitExecutionLog","Dealing_staging.External_eToroLogs_Real_Hedge_RequestLimitExecutionLog","1","Daily","1","SB_Daily","20","2023-11-14 04:41:37","2024-01-04 05:03:30","2024-01-04 05:03:30","0","0","A4_DAILY_365D","synapse_sp"
"Dealing_staging.SP_Copy_ExternalSources_LP_APEX_EXT869_3EU","Dealing_staging.LP_APEX_EXT869_3EU","1","Daily","1","SB_Daily","0","2023-10-29 13:55:31","2023-11-02 08:07:24","2023-11-02 08:07:24","0","0","A4_DAILY_365D","synapse_sp"
"Dealing_staging.SP_Copy_ExternalSources_LP_APEX_EXT872_3EU_217314","Dealing_staging.LP_APEX_EXT872_3EU_217314","1","Daily","1","SB_Daily","0","2023-10-29 14:00:55","2023-11-02 08:11:21","2023-11-02 08:11:21","0","0","A4_DAILY_365D","synapse_sp"
"Dealing_staging.SP_Copy_ExternalSources_LP_APEX_EXT981_3EU","Dealing_staging.LP_APEX_EXT981_3EU","1","Daily","1","SB_Daily","0","2023-10-29 14:00:54","2023-11-02 08:08:41","2023-11-02 08:08:41","0","0","A4_DAILY_365D","synapse_sp"
"Dealing_staging.SP_Copy_ExternalSources_LP_APEX_EXT982_3EU","Dealing_staging.LP_APEX_EXT982_3EU","1","Daily","1","SB_Daily","0","2023-10-29 14:00:50","2023-11-02 08:08:48","2023-11-02 08:08:48","0","0","A4_DAILY_365D","synapse_sp"
"Dealing_staging.SP_Copy_PositionFailReal_History_PositionFail_DWH","Dealing_staging.PositionFailReal_History_PositionFail_DWH","1","Daily","1","SB_Daily","0","2024-03-28 06:07:52","","2024-03-28 06:07:52","0","0","A4_DAILY_365D","synapse_sp"
"Dealing_staging.SP_Copy_PriceLog_History_CurrencyPrice","Dealing_staging.PriceLog_History_CurrencyPrice","1","Daily","1","SB_Daily","20","2024-06-09 04:14:26","2024-06-18 04:24:11","2024-06-18 04:24:11","0","0","A4_DAILY_365D","synapse_sp"
"Dealing_staging.SP_Copy_PricesFromProvider_MarketCurrencyPrice","Dealing_staging.PricesFromProvider_MarketCurrencyPrice","1","Daily","1","SB_Daily","20","2025-01-12 04:32:56","2024-01-28 05:13:01","2025-01-12 04:32:56","0","0","A4_DAILY_365D","synapse_sp"
"Dealing_staging.SP_Create_External_DB_Logs_History_OrderForClose","Dealing_staging.External_DB_Logs_History_OrderForClose","1","Daily","1","SB_Daily","20","2024-01-07 05:16:10","2023-06-29 06:42:48","2024-01-07 05:16:10","0","0","A4_DAILY_365D","synapse_sp"
"Dealing_staging.SP_Create_External_DB_Logs_History_OrderForOpen","Dealing_staging.External_DB_Logs_History_OrderForOpen","1","Daily","1","SB_Daily","20","2024-01-07 05:25:46","2023-06-23 05:13:20","2024-01-07 05:25:46","0","0","A4_DAILY_365D","synapse_sp"
"Dealing_staging.SP_Create_External_Etoro_History_CEPListCIDMappings","Dealing_staging.External_Etoro_History_CEPListCIDMappings","1","Daily","1","SB_Daily","0","2023-11-20 05:30:53","","2023-11-20 05:30:53","0","0","A4_DAILY_365D","synapse_sp"
"Dealing_staging.SP_Create_External_etoro_History_Mirror","Dealing_staging.External_etoro_History_Mirror","1","Daily","1","SB_Daily","0","2024-01-16 04:32:53","2023-12-21 04:27:30","2024-01-16 04:32:53","0","0","A4_DAILY_365D","synapse_sp"
"Dealing_staging.SP_Create_External_Etoro_History_OrdersEntryTbl","Dealing_staging.External_Etoro_History_OrdersEntryTbl","1","Daily","1","SB_Daily","20","2023-12-27 04:16:14","2024-01-04 05:16:44","2024-01-04 05:16:44","0","0","A4_DAILY_365D","synapse_sp"
"Dealing_staging.SP_Create_External_Etoro_History_OrdersExitTbl","Dealing_staging.External_Etoro_History_OrdersExitTbl","1","Daily","1","SB_Daily","20","2023-11-15 04:16:26","2023-12-19 04:25:52","2023-12-19 04:25:52","0","0","A4_DAILY_365D","synapse_sp"
"Dealing_staging.SP_Create_External_Etoro_Trade_OrdersEntryTbl","Dealing_staging.External_Etoro_Trade_OrdersEntryTbl","1","Daily","1","SB_Daily","20","2025-04-22 04:46:15","2023-09-27 04:31:31","2025-04-22 04:46:15","0","0","A4_DAILY_365D","synapse_sp"
"Dealing_staging.SP_Create_External_Etoro_Trade_OrdersExitTbl","Dealing_staging.External_Etoro_Trade_OrdersExitTbl","1","Daily","1","SB_Daily","20","2025-04-22 04:46:00","2023-08-18 04:36:04","2025-04-22 04:46:00","0","0","A4_DAILY_365D","synapse_sp"
"Dealing_staging.SP_Create_External_etoroGeneral_History_GuruCopiers","Dealing_staging.External_etoroGeneral_History_GuruCopiers","1","Daily","1","SB_Daily","0","2023-06-14 04:29:16","","2023-06-14 04:29:16","0","0","A4_DAILY_365D","synapse_sp"
"Dealing_staging.SP_Create_External_eToroLogs_Real_Hedge_ExecutionStrategyOrderLog","Dealing_staging.External_eToroLogs_Real_Hedge_ExecutionStrategyOrderLog","1","Daily","1","SB_Daily","20","2024-01-13 04:25:51","2024-01-16 04:56:01","2024-01-16 04:56:01","0","0","A4_DAILY_365D","synapse_sp"
"Dealing_staging.SP_Create_External_eToroLogs_Real_Hedge_OrderLog","Dealing_staging.External_eToroLogs_Real_Hedge_OrderLog","1","Daily","1","SB_Daily","20","2023-12-18 04:45:51","2023-09-27 04:37:48","2023-12-18 04:45:51","0","0","A4_DAILY_365D","synapse_sp"
"Dealing_staging.SP_Create_External_Sodreconciliation_apex_EXT869_CashActivity","Dealing_staging.External_Sodreconciliation_apex_EXT869_CashActivity","1","Daily","1","SB_Daily","20","2024-11-13 14:02:28","2024-11-14 05:12:15","2024-11-14 05:12:15","0","0","A4_DAILY_365D","synapse_sp"
"Dealing_staging.SP_Create_Rankings_StockInfo_DailyInstrumentInfo","Dealing_staging.External_Rankings_StockInfo_DailyInstrumentInfo","1","Daily","1","SB_Daily","20","2024-01-31 04:11:19","2024-02-05 04:21:11","2024-02-05 04:21:11","0","0","A4_DAILY_365D","synapse_sp"
"DWH_watchlists.Fact_Watchlists","DWH_watchlists.Fact_Watchlists","1","Daily","1","COPY DATA","0","2024-06-01 09:33:42","2024-06-02 08:30:38","2024-06-02 08:30:38","0","0","A4_DAILY_365D","synapse_sp"
"DWH_watchlists.Fact_WatchlistsItems","DWH_watchlists.Fact_WatchlistsItems","1","Daily","1","COPY DATA","0","2024-06-01 09:33:55","2024-06-02 08:30:42","2024-06-02 08:30:42","0","0","A4_DAILY_365D","synapse_sp"
"eMoney_dbo.SP_eMoney_Yearly_Volume_Target_2023","eMoney_dbo.eMoney_Yearly_Volume_Target_2023","1","Daily","1","SB_Daily","0","2024-01-01 05:16:27","2024-01-02 10:24:54","2024-01-02 10:24:54","0","0","A4_DAILY_365D","synapse_sp"
"EXW_dbo.SP_EXW_EthFee_Blockchain","EXW_dbo.EXW_EthFeeSent_Blockchain","1","Daily","1","SB_Daily","0","2024-07-29 06:11:50","2024-08-11 05:15:50","2024-08-11 05:15:50","0","0","A4_DAILY_365D","synapse_sp"
"BI_DataBricks-Compliance_MAS_Daily_Client_Metrics","main.bi_output.bi_output_customer_compliance_mas_daily_client_metrics","1","Daily","12","Daily","0","2025-07-16 05:55:07","2025-07-21 04:38:03","2025-07-21 04:38:03","0","0","A4_DAILY_90D","databricks_job"
"BI_DataBricks-Compliance_MAS_Population","main.bi_output_stg.bi_output_customer_compliance_mas_population","1","Daily","12","Daily","0","2025-07-08 05:58:14","2025-07-15 05:18:32","2025-07-15 05:18:32","0","0","A4_DAILY_90D","databricks_job"
"BI_DataBricks-operations_ops_mimo_data","analysis/BI_OUTPUT/Operations/ops/mimo_data","1","Daily","12","Daily","0","2025-06-30 10:09:01","2025-07-01 06:36:41","2025-07-01 06:36:41","0","0","A4_DAILY_90D","databricks_job"
"BI_DataBricks-SP_Customer_Customer_Support_AML_Handling_Days_Main","bi_output_customer_customer_support_aml_handling_days","1","Daily","12","Daily","0","2025-09-01 10:28:17","2025-09-09 04:51:34","2025-09-09 04:51:34","0","0","A4_DAILY_90D","databricks_job"
"BI_DataBricks-SP_Customer_Customer_Support_Case","analysis/BI_OUTPUT/Customer/Customer_Support/Case","1","Daily","12","Daily","0","2025-08-20 04:12:08","2025-08-25 07:52:06","2025-08-25 07:52:06","0","0","A4_DAILY_90D","databricks_job"
"BI_DataBricks-SP_Customer_Customer_Support_Cases_Update_Main","analysis/BI_OUTPUT/Customer/Customer_Support/Case","1","Daily","12","Daily","0","2025-08-26 14:08:19","2024-09-02 08:49:08","2025-08-26 14:08:19","0","0","A4_DAILY_90D","databricks_job"
"BI_DataBricks-SP_Customer_Customer_Support_CSAT_Main","analysis/BI_OUTPUT/Customer/Customer_Support/CSAT","1","Daily","12","Daily","0","2025-08-20 04:12:29","2025-08-25 06:59:37","2025-08-25 06:59:37","0","0","A4_DAILY_90D","databricks_job"
"BI_DataBricks-SP_Customer_Customer_Support_Live_Chat_Transcript_Main","bi_output_customer_customer_support_live_chat_transcript","1","Daily","12","Daily","0","2025-08-20 04:29:21","2025-09-09 05:34:44","2025-09-09 05:34:44","0","0","A4_DAILY_90D","databricks_job"
"BI_DataBricks-SP_Customer_Customer_Support_Salesforce_Reply_Main","bi_output_customer_customer_support_salesforce_reply","1","Daily","12","Daily","0","2025-08-20 05:00:02","2025-09-09 04:39:42","2025-09-09 04:39:42","0","0","A4_DAILY_90D","databricks_job"
"BI_DataBricks-SP_External_ISA","bi_output_customer_external_table_isa","1","Daily","12","Daily","0","2025-12-15 10:58:56","","2025-12-15 10:58:56","0","0","A4_DAILY_90D","databricks_job"
"BI_DataBricks-SP_Marketing_Acquisition_Anomalies_Daily_Main","bi_output_marketing_acquisition","1","Daily","12","Daily","0","2025-12-29 04:27:34","2025-12-30 04:39:25","2025-12-30 04:39:25","0","0","A4_DAILY_90D","databricks_job"
"BI_DB_dbo.SP_CashRiskMatrix","BI_DB_dbo.BI_DB_CashRiskMatrix","1","Daily","1","SB_Daily","0","2025-10-06 04:49:56","2025-10-08 05:19:19","2025-10-08 05:19:19","0","0","A4_DAILY_90D","synapse_sp"
"BI_DB_dbo.SP_CID_NPS_Panel","BI_DB_dbo.BI_DB_CID_NPS_Panel","1","Daily","1","SB_Daily","0","2025-07-11 05:42:42","2025-07-28 16:30:54","2025-07-28 16:30:54","0","0","A4_DAILY_90D","synapse_sp"
"BI_DB_dbo.SP_Deposit_Reversals_PIPs","BI_DB_dbo.BI_DB_Deposit_Reversals_PIPs","1","Daily","1","SB_Daily","0","2025-09-11 04:59:29","2025-09-17 05:19:59","2025-09-17 05:19:59","0","0","A4_DAILY_90D","synapse_sp"
"BI_DB_dbo.SP_DepositWithdrawFee_2025","BI_DB_dbo.BI_DB_DepositWithdrawFee_2025_Reversals","1","Daily","1","SB_Daily","0","2025-07-27 04:58:41","2025-07-28 05:07:14","2025-07-28 05:07:14","0","0","A4_DAILY_90D","synapse_sp"
"BI_DB_dbo.SP_DLT_Report","","1","Daily","1","SB_Daily","0","2025-11-18 04:50:59","","2025-11-18 04:50:59","0","0","A4_DAILY_90D","synapse_sp"
"BI_DB_dbo.SP_EY_Audit_Automation_CashoutReason","BI_DB_dbo.BI_DB_EY_Audit_CashoutReason","1","Daily","3","SB_Daily","10","2025-10-28 11:02:15","2023-06-27 04:48:31","2025-10-28 11:02:15","0","0","A4_DAILY_90D","synapse_sp"
"BI_DB_dbo.SP_EY_Audit_Automation_Configuration","BI_DB_dbo.BI_DB_EY_Audit_Configurations_Thresholds","1","Daily","3","SB_Daily","10","2025-10-28 11:05:36","2024-01-16 11:02:54","2025-10-28 11:05:36","0","0","A4_DAILY_90D","synapse_sp"
"BI_DB_dbo.SP_EY_Audit_Automation_LastOpRate_OnOpen_Daily","BI_DB_dbo.EY_Audit_Automation_LastOpRate","1","Daily","3","SB_Daily","10","2025-10-28 11:02:29","","2025-10-28 11:02:29","0","0","A4_DAILY_90D","synapse_sp"
"BI_DB_dbo.SP_EY_Audit_Automation_Opened_Positions_Config_Daily","BI_DB_dbo.EY_Audit_Automation_Position_Open_Configs","1","Daily","3","SB_Daily","10","2025-07-01 06:43:14","2025-05-08 05:56:28","2025-07-01 06:43:14","0","0","A4_DAILY_90D","synapse_sp"
"BI_DB_dbo.SP_EY_Audit_BO_Deposits_With_PIPs","BI_DB_dbo.BI_DB_EY_Audit_BO_Deposits_With_PIPs","1","Daily","3","SB_Daily","10","2025-10-28 11:06:18","2025-05-13 11:11:00","2025-10-28 11:06:18","0","0","A4_DAILY_90D","synapse_sp"
"BI_DB_dbo.SP_EY_Audit_CashoutFees","BI_DB_dbo.BI_DB_EY_Audit_CashoutFees","1","Daily","3","SB_Daily","0","2025-10-28 11:01:57","","2025-10-28 11:01:57","0","0","A4_DAILY_90D","synapse_sp"
"BI_DB_dbo.SP_EY_Audit_ChangeLog","BI_DB_dbo.BI_DB_EY_Audit_ChangeLog","1","Daily","3","SB_Daily","10","2025-10-28 11:04:59","","2025-10-28 11:04:59","0","0","A4_DAILY_90D","synapse_sp"
"BI_DB_dbo.SP_EY_Audit_Client_Balance","BI_DB_dbo.BI_DB_EY_Audit_Client_Balance","1","Daily","3","SB_Daily","10","2025-10-28 11:04:55","2023-07-08 04:23:25","2025-10-28 11:04:55","0","0","A4_DAILY_90D","synapse_sp"
"BI_DB_dbo.SP_EY_Audit_Closed_Positions","BI_DB_dbo.BI_DB_EY_Audit_Closed_Positions","1","Daily","3","SB_Daily","10","2025-10-28 11:05:28","","2025-10-28 11:05:28","0","0","A4_DAILY_90D","synapse_sp"
"BI_DB_dbo.SP_EY_Audit_Compensation","BI_DB_dbo.BI_DB_EY_Audit_Compensation","1","Daily","3","SB_Daily","10","2025-10-28 11:02:05","","2025-10-28 11:02:05","0","0","A4_DAILY_90D","synapse_sp"
"BI_DB_dbo.SP_EY_Audit_Conversions","BI_DB_dbo.BI_DB_EY_Audit_Conversions","1","Daily","3","SB_Daily","0","2025-07-27 11:01:10","2025-08-03 11:10:39","2025-08-03 11:10:39","0","0","A4_DAILY_90D","synapse_sp"
"BI_DB_dbo.SP_EY_Audit_Deposit_Cashouts","BI_DB_dbo.BI_DB_EY_Audit_Deposits","1","Daily","3","SB_Daily","10","2025-10-28 11:04:14","","2025-10-28 11:04:14","0","0","A4_DAILY_90D","synapse_sp"
"BI_DB_dbo.SP_EY_Audit_IBAN_Trades_MIMO","BI_DB_dbo.BI_DB_EY_Audit_IBAN_Trades_MIMO","1","Daily","3","SB_Daily","10","2025-10-28 11:02:05","","2025-10-28 11:02:05","0","0","A4_DAILY_90D","synapse_sp"
"BI_DB_dbo.SP_EY_Audit_IFRS_Control","BI_DB_dbo.BI_DB_EY_Audit_Automation_IFRSControl_Results","1","Daily","1","SB_Daily","0","2025-07-01 11:45:08","2025-06-30 12:09:17","2025-07-01 11:45:08","0","0","A4_DAILY_90D","synapse_sp"
"BI_DB_dbo.SP_EY_Audit_Negative_Refill","BI_DB_dbo.BI_DB_EY_Audit_Negative_Refill","1","Daily","3","SB_Daily","10","2025-10-28 11:02:10","","2025-10-28 11:02:10","0","0","A4_DAILY_90D","synapse_sp"
"BI_DB_dbo.SP_EY_Audit_Ran_Prices","BI_DB_dbo.BI_DB_EY_Audit_Ran_Prices","1","Daily","3","SB_Daily","10","2025-10-28 11:06:13","2025-01-20 11:22:06","2025-10-28 11:06:13","0","0","A4_DAILY_90D","synapse_sp"
"BI_DB_dbo.SP_EY_Audit_Redeem","BI_DB_dbo.BI_DB_EY_Audit_Redeem","1","Daily","3","SB_Daily","10","2025-10-28 11:02:18","","2025-10-28 11:02:18","0","0","A4_DAILY_90D","synapse_sp"
"BI_DB_dbo.SP_EY_Audit_Redeem_Per_CID","BI_DB_dbo.BI_DB_EY_Audit_Redeem_per_CID","1","Daily","3","SB_Daily","10","2025-10-28 11:02:03","","2025-10-28 11:02:03","0","0","A4_DAILY_90D","synapse_sp"
"BI_DB_dbo.SP_EY_Audit_RedeemsFee","BI_DB_dbo.BI_DB_EY_Audit_RedeemsFee","1","Daily","3","SB_Daily","10","2025-10-28 11:01:57","2025-06-29 11:15:28","2025-10-28 11:01:57","0","0","A4_DAILY_90D","synapse_sp"
"BI_DB_dbo.SP_EY_Audit_Reopen_Positions","BI_DB_dbo.BI_DB_EY_Audit_Closed_Positions_IsReopen1","1","Daily","3","SB_Daily","10","2025-10-28 11:02:03","","2025-10-28 11:02:03","0","0","A4_DAILY_90D","synapse_sp"
"BI_DB_dbo.SP_EY_Audit_RollOverFee","BI_DB_dbo.BI_DB_EY_Audit_RollOverFees","1","Daily","3","SB_Daily","10","2025-10-28 11:02:17","2023-09-30 11:12:09","2025-10-28 11:02:17","0","0","A4_DAILY_90D","synapse_sp"
"BI_DB_dbo.SP_EY_Audit_Withdraws_With_PIPs","BI_DB_dbo.EY_Audit_Automation_BO_Withdraws_With_PIPs","1","Daily","3","SB_Daily","10","2025-10-28 11:03:39","2025-08-26 11:02:41","2025-10-28 11:03:39","0","0","A4_DAILY_90D","synapse_sp"
"BI_DB_dbo.SP_PIPs_Report_MID_Settings","BI_DB_dbo.BI_DB_PIPs_Report_MID_Settings","1","Daily","1","SB_Daily","0","2025-09-11 04:59:09","2025-09-17 05:06:55","2025-09-17 05:06:55","0","0","A4_DAILY_90D","synapse_sp"
"BI_DB_dbo.SP_Reg_UK_Compliance_SocialActivity","BI_DB_dbo.BI_DB_Reg_UK_Compliance_SocialActivity","1","Daily","1","SB_Daily","20","2025-09-05 05:02:34","2023-07-13 18:26:03","2025-09-05 05:02:34","0","0","A4_DAILY_90D","synapse_sp"
"BI_DB_dbo.SP_Reg_UK_Compliance_SocialActivityM","BI_DB_dbo.BI_DB_Reg_UK_Compliance_SocialActivityM","1","Daily","1","SB_Daily","20","2025-09-05 05:03:38","2023-06-12 10:42:06","2025-09-05 05:03:38","0","0","A4_DAILY_90D","synapse_sp"
"BI_DB_dbo.SP_Social_Activity","BI_DB_dbo.BI_DB_Social_Activity","1","Daily","1","SB_Daily","1","2025-09-05 04:56:56","2025-09-21 05:06:42","2025-09-21 05:06:42","0","0","A4_DAILY_90D","synapse_sp"
"BI_DB_dbo.SP_Social_Activity_GDRP","BI_DB_dbo.BI_DB_Social_Activity_GDRP_PostsComments","1","Daily","1","SB_Daily","0","2025-09-21 09:40:46","2024-01-28 13:22:19","2025-09-21 09:40:46","0","0","A4_DAILY_90D","synapse_sp"
"BI_DB_dbo.SP_Social_Activity_Updates","BI_DB_dbo.BI_DB_Social_Activity_Updates","1","Daily","1","SB_Daily","1","2025-09-21 04:56:31","2024-03-08 07:00:37","2025-09-21 04:56:31","0","0","A4_DAILY_90D","synapse_sp"
"BI_DB_dbo.SP_Withdraw_Rollback_PIPs","BI_DB_dbo.BI_DB_Withdraw_Rollback_PIPs","1","Daily","1","SB_Daily","0","2025-09-11 05:12:37","2025-09-17 05:23:21","2025-09-17 05:23:21","0","0","A4_DAILY_90D","synapse_sp"
"DataBricks-DLT_Recon","internal-sources/Gold/DE/DLT/Reconciliation_Report","1","Daily","10","Daily","0","2025-11-01 06:59:31","2025-07-14 07:21:00","2025-11-01 06:59:31","0","0","A4_DAILY_90D","other"
"DE_dbo.SP_CopyLakeToSynapse-CopyFromLake.customerfinancedb_customer_firsttimedeposits","CopyFromLake.customerfinancedb_customer_firsttimedeposits","1","Daily","6","SB_Daily","0","2025-09-09 07:32:35","2025-07-11 11:21:53","2025-09-09 07:32:35","0","0","A4_DAILY_90D","synapse_sp"
"Dealing_dbo.SP_Market_Manipulation_Report_FCA","Dealing_dbo.Dealing_Market_Manipulation_Report_FCA","1","Daily","1","SB_Daily","0","2025-07-13 06:27:24","2025-07-16 06:51:54","2025-07-16 06:51:54","0","0","A4_DAILY_90D","synapse_sp"
"eMoney_dbo.SP_eMoney_Calculated_Balance","eMoney_dbo.eMoney_Calculated_Balance","1","Daily","1","SB_Daily","60","2025-06-11 04:47:30","2025-06-09 13:18:49","2025-06-11 04:47:30","0","0","A4_DAILY_90D","synapse_sp"
"BI_DataBricks_H_Dealing_Production_Diffusion_Analysis","analysis/BI_OUTPUT/Dealing/Nixar/Delta/DiffusionAnalysis","1","Hourly","12","Daily","0","2024-05-02 04:27:10","2024-04-15 04:19:29","2024-05-02 04:27:10","0","0","A4_HOURLY","other"
"BI_DB_dbo.SP_H_Deposits","BI_DB_dbo.BI_DB_Deposits","1","Hourly","1","SB_Daily","0","2024-01-17 09:16:30","2024-01-09 04:03:05","2024-01-17 09:16:30","0","0","A4_HOURLY","synapse_sp"
"BI_DB_dbo.SP_H_Deposits_Wires_From_Googlesheet","BI_DB_dbo.BI_DB_Deposits_WiresFromGooglesheets","1","Hourly","1","SB_Hourly","0","2026-05-14 08:25:14","2026-04-26 20:14:49","2026-05-14 08:25:14","1282","2","A4_HOURLY","synapse_sp"
"BI_DB_dbo.SP_H_PaymentSent_Results","BI_DB_dbo.BI_DB_PaymentSent_Results","1","Hourly","1","SB_Hourly","0","2024-03-14 04:33:51","2024-05-08 08:18:15","2024-05-08 08:18:15","0","0","A4_HOURLY","synapse_sp"
"DataBricks-export_table_to_file-SFMC_etoroAffiliateDailyData","Gold/MC/SFMC_test/etoroAffiliateDailyData","1","Hourly","10","Daily","0","2026-04-28 14:52:01","2026-04-12 10:52:38","2026-04-28 14:52:01","54","6","A4_HOURLY","other"
"DE_dbo.SP_CopyLakeToSynapse-CopyFromLake.Streams_dbo_Entries","CopyFromLake.Streams_dbo_Entries","1","Hourly","6","SB_Hourly","20","2025-09-07 08:49:06","2025-06-29 04:10:46","2025-09-07 08:49:06","0","0","A4_HOURLY","synapse_sp"
"BI_DataBricks-Dealing_volatility_bucket","BI_OUTPUT/Dealing/volatility_bucket","1","Monthly","12","Daily","0","2025-11-01 06:11:41","2025-09-30 09:06:58","2025-11-01 06:11:41","0","0","A4_MONTHLY","databricks_job"
"BI_DB_dbo.SP_M_Crypto_RECON","BI_DB_dbo.BI_DB_Crypto_Zero","1","Monthly","4","FinanceReportSPS","99","2025-01-01 04:01:34","","2025-01-01 04:01:34","0","0","A4_MONTHLY","synapse_sp"
"BI_DB_dbo.SP_M_LTV_BI_Actual_Snapshot","BI_DB_dbo.BI_DB_LTV_BI_Actual_Monthly_Snapshot","1","Monthly","1","SB_Daily","20","2024-01-01 09:22:49","","2024-01-01 09:22:49","0","0","A4_MONTHLY","synapse_sp"
"Dealing_dbo.SP_M_CryptoRebateDiamond","Dealing_dbo.Dealing_Unrealized_CryptoRebate","1","Monthly","1","SB_Daily","20","2025-10-01 04:21:29","","2025-10-01 04:21:29","0","0","A4_MONTHLY","synapse_sp"
"DE_dbo.SP_CopyLakeToSynapse-CopyFromLake.customerfinancedb_customer_firsttimedeposits","CopyFromLake.customerfinancedb_customer_firsttimedeposits","1","Daily","1","SB_Daily","0","","2025-04-24 12:55:35","2025-04-24 12:55:35","0","0","A4_NEVER_SUCCEEDED","synapse_sp"
"BI_DataBrick-dealing_premier_clinet_report","analysis/BI_OUTPUT/Dealing/Premier_Clinet_report","1","Daily","1","SB_Daily","0","","2025-01-30 09:20:37","2025-01-30 09:20:37","0","0","A4_NEVER_SUCCEEDED","other"
"BI_DataBricks-DDR_Fact_Revenue_Generating_Actions","Gold/sql_dp_prod_we/BI_DB_dbo/BI_DB_DDR_Fact_Revenue_Generating_Actions","1","Daily","12","Daily","0","","2026-05-20 15:01:55","2026-05-20 15:01:55","0","18","A4_NEVER_SUCCEEDED","databricks_job"
"BI_DataBricks-Dealing_Bloomberg_holdings_pct_of_mktcap","analysis/BI_OUTPUT/Dealing/bloomberg_holdings_pct_of_mktcap_cids","1","Daily","12","Daily","0","","2025-12-07 10:20:24","2025-12-07 10:20:24","0","0","A4_NEVER_SUCCEEDED","databricks_job"
"BI_DataBricks-Dealing_premier_customer","analysis/BI_OUTPUT/Dealing/Premier_Customer","1","Monthly","12","Daily","0","","2025-01-19 12:10:47","2025-01-19 12:10:47","0","0","A4_NEVER_SUCCEEDED","databricks_job"
"BI_DataBricks-Dealing-Premier_Clients_positions_monthly_report_M","analysis/BI_OUTPUT/Dealing/premier_customer_2026","1","Monthly","1","SB_Daily","0","","2026-05-01 10:27:59","2026-05-01 10:27:59","0","3","A4_NEVER_SUCCEEDED","databricks_job"
"BI_DataBricks-SP_External_Club_Service_Balance_Main","bi_output_customer_external_table_club_equity","1","Daily","12","Daily","0","","2025-09-09 05:38:41","2025-09-09 05:38:41","0","0","A4_NEVER_SUCCEEDED","databricks_job"
"BI_DataBricks-SP_PI_Diversification","BI_OUTPUT/Complaince/PI_Diversification","1","Daily","12","Daily","0","","2025-07-23 12:12:34","2025-07-23 12:12:34","0","0","A4_NEVER_SUCCEEDED","databricks_job"
"BI_DataBricks-Voice-Of-The-Customer-Messages","main.de_output.de_output_voice_of_the_customer_messagingsession","1","Daily","12","Daily","0","","2026-02-26 09:36:30","2026-02-26 09:36:30","0","0","A4_NEVER_SUCCEEDED","databricks_job"
"BI_DB_dbo.SP_AML_Email_for_KYT","BI_DB_dbo.BI_DB_AML_Email_for_KYT","1","Daily","1","SB_Daily","0","","2024-07-23 07:20:56","2024-07-23 07:20:56","0","0","A4_NEVER_SUCCEEDED","synapse_sp"
"BI_DB_dbo.SP_BI_AMLPeriodicReview_PostReview","BI_DB_dbo.BI_DB_AMLPeriodicReview_PostReview","1","Daily","1","SB_Daily","0","","2025-07-01 14:05:43","2025-07-01 14:05:43","0","0","A4_NEVER_SUCCEEDED","synapse_sp"
"BI_DB_dbo.SP_Create_External_customerfinancedb_customer_globalftds","CopyFromLake.customerfinancedb_customer_globalftds","1","Daily","1","SB_Daily","0","","2025-09-09 13:50:50","2025-09-09 13:50:50","0","0","A4_NEVER_SUCCEEDED","synapse_sp"
"BI_Dealing_JP_to_BNY_settlement","analysis@stgdpdlwe/BI_OUTPUT/Dealing/etoro_bnym_acc_settlement","1","Daily","1","SB_Daily","0","","2026-05-20 12:56:34","2026-05-20 12:56:34","0","8","A4_NEVER_SUCCEEDED","other"
"DataBricks-CorporateActions","2677338","1","Daily","10","Daily","0","","2026-05-19 09:31:31","2026-05-19 09:31:31","0","5","A4_NEVER_SUCCEEDED","other"
"DataBricks-Dealing_OMS_Daily","analysis/BI_OUTPUT/Dealing/OMS/execution_per_type","1","Daily","10","Daily","0","","2024-07-10 08:05:45","2024-07-10 08:05:45","0","0","A4_NEVER_SUCCEEDED","other"
"DataBricks-Dealing_Trading_LimitationsPIsClickSize","analysis/BI_OUTPUT/Dealing/PI_TradingLimitations_ClickSize","1","Daily","10","Daily","0","","2024-10-13 10:00:59","2024-10-13 10:00:59","0","0","A4_NEVER_SUCCEEDED","other"
"DataBricks-DealingRND_BestExecution","analysis/RND_OUTPUT/Dealing/BestExecution/Report","1","Daily","10","Daily","0","","2025-04-10 09:48:55","2025-04-10 09:48:55","0","0","A4_NEVER_SUCCEEDED","other"
"DataBricks-SP_Regime_Flags","analysis/BI_OUTPUT/Dealing/dealing_regime_flags","1","Daily","10","Daily","0","","2025-01-05 14:01:05","2025-01-05 14:01:05","0","0","A4_NEVER_SUCCEEDED","other"
"DE_dbo.SP_CopyLakeToSynapse-EXW_Wallet.FinanceReportsBalances","EXW_Wallet.FinanceReportsBalances","1","Daily","6","SB_Daily","0","","2023-12-12 12:01:59","2023-12-12 12:01:59","0","0","A4_NEVER_SUCCEEDED","synapse_sp"
"Dealing_dbo.SP_Test_4_Alerts_Dealing","[DE_dbo].[ObjectsStatus]","1","Daily","1","SB_Daily","0","","2023-03-16 09:50:18","2023-03-16 09:50:18","0","0","A4_NEVER_SUCCEEDED","synapse_sp"
"DWH-DAYLY","DWH_dbo.Fact_History_Costs","1","Daily","1","SB_Daily","0","","2026-01-14 10:50:59","2026-01-14 10:50:59","0","0","A4_NEVER_SUCCEEDED","dwh_meta"
"Gold/sql_dp_prod_we/Dealing_dbo/Dealing_Staking_Summary","1720","1","Daily","1","SB_Daily","0","","2025-09-03 06:41:25","2025-09-03 06:41:25","0","0","A4_NEVER_SUCCEEDED","lake_path"
"Gold/sql_dp_prod_we/Dealing_dbo/Dealing_Staking_Summary_US","1721","1","Daily","1","SB_Daily","0","","2025-09-03 06:41:25","2025-09-03 06:41:25","0","0","A4_NEVER_SUCCEEDED","lake_path"
"Share_Lending_Collateral_Main","bi_output.bi_output_finance_tables_bi_db_sharelending_loansandcollateraluk","1","Daily","1","SB_Daily","80","","2025-07-08 09:01:47","2025-07-08 09:01:47","0","0","A4_NEVER_SUCCEEDED","other"
"Share_Lending_Custody_Reconciliation_Main","main.bi_output.bi_output_finance_tables_bi_db_sharelending_custodyreconciliation","1","Daily","1","SB_Daily","80","","2025-07-08 06:36:25","2025-07-08 06:36:25","0","0","A4_NEVER_SUCCEEDED","other"
"Share_Lending_Custody_Reconciliation_Main,BI_DataBricks-Share_Lending_Custody_Reconciliation","bi_output.bi_output_finance_tables_bi_db_share_lending_custody_reconciliation","1","Daily","1","SB_Daily","0","","2026-05-29 07:02:49","2026-05-29 07:02:49","0","21","A4_NEVER_SUCCEEDED","multi_ref"
"SP_BI_DB_CO_Cluster_Daily","BI_DB_dbo.BI_DB_CO_Cluster_Daily","1","Daily","1","SB_Daily","0","","2025-08-24 17:06:06","2025-08-24 17:06:06","0","0","A4_NEVER_SUCCEEDED","other"
"SP_dl_to_db_ADF_compliance","BI_COMPLIANCE/bi_compliance_bui_tables_CDIM_Report","1","Daily","1","SB_Daily","0","","2026-03-10 06:47:17","2026-03-10 06:47:17","0","2","A4_NEVER_SUCCEEDED","other"
