ProcedureName,TableName,FrequencySP,ProcessName,Priority,max_update,modify_date,freshness_method,tableau_workbooks,total_views_sum,newest_wb_updated,newest_wb_age_days,is_feeder,verdict,decision
BI_DB_dbo.SP_AcquisitionFunnel_AGG,BI_DB_dbo.BI_DB_AcquisitionFunnel_AGG,Daily,SB_Daily,0,5/31/2026 5:26,2/9/2022 8:15,UpdateDate,2,4832,4/13/2026,48,,KEEP,
BI_DB_dbo.SP_Affiliate_Guidlines_Report,BI_DB_dbo.BI_DB_Affiliate_Guidlines_Report,Daily,SB_Daily,0,5/31/2026 0:00,6/29/2023 14:48,UpdateDate,0,0,,,,B_NO_TABLEAU_CONSUMER,
BI_DB_dbo.SP_AffiliatePaymentsReport,BI_DB_dbo.BI_DB_AffiliatePayment,Daily,SB_Daily,0,5/2/2026 4:58,3/24/2022 13:24,UpdateDate,1,1202,4/15/2026,46,,KEEP,
BI_DB_dbo.SP_AffiliatesPaidAndCashout,BI_DB_dbo.BI_DB_Daily_AffiliatesPaidAndCashout,Daily,SB_Daily,0,5/31/2026 6:37,11/17/2024 8:38,UpdateDate,0,0,,,,B_NO_TABLEAU_CONSUMER,
BI_DB_dbo.SP_AllDeposits,BI_DB_dbo.BI_DB_AllDeposits,Daily,SB_Daily,0,5/31/2026 4:39,3/19/2024 15:42,UpdateDate,35,97793,5/31/2026,0,Y,KEEP,
BI_DB_dbo.SP_AM_Portfolio_Summary,BI_DB_dbo.BI_DB_AM_Portfolio_Summary,Daily,SB_Daily,0,5/31/2026 6:52,4/29/2021 15:45,UpdateDate,1,10897,1/5/2026,146,,KEEP,
BI_DB_dbo.SP_AML_ASIC_Dashboard,BI_DB_dbo.BI_DB_AML_ASIC_Dashboard,Daily,SB_Daily,0,5/31/2026 4:39,12/3/2023 14:24,UpdateDate,0,0,,,,B_NO_TABLEAU_CONSUMER,keep
BI_DB_dbo.SP_AML_BI_Alerts_MultipleAccountseMoney,BI_DB_dbo.BI_DB_AML_BI_Alerts_MultipleAccountseMoney,Daily,SB_Daily,0,4/23/2026 7:34,5/20/2025 12:55,UpdateDate,2,285,5/31/2026,0,,KEEP,
BI_DB_dbo.SP_AML_BI_Alerts_New,BI_DB_dbo.BI_DB_AML_BI_Alerts_New,Daily,SB_Daily,0,5/31/2026 5:50,11/17/2024 8:38,UpdateDate,5,5817,5/31/2026,0,Y,KEEP,
BI_DB_dbo.SP_AML_BI_Alerts_New_Master_SubAccount,BI_DB_dbo.BI_DB_AML_BI_Alerts_New_Master_SubAccount,Daily,SB_Daily,0,5/16/2026 5:27,4/28/2025 13:44,UpdateDate,2,414,5/31/2026,0,,KEEP,
BI_DB_dbo.SP_AML_BI_Alerts_New_Singapore,BI_DB_dbo.BI_DB_AML_BI_Alerts_New_Singapore,Daily,SB_Daily,0,5/31/2026 7:16,5/20/2025 10:06,UpdateDate,1,3182,5/31/2026,0,,KEEP,
BI_DB_dbo.SP_AML_Documents_Request,BI_DB_dbo.BI_DB_AML_Documents_Request,Daily,SB_Daily,0,5/31/2026 5:11,1/19/2025 15:45,UpdateDate,1,115,2/1/2026,119,Y,KEEP,
BI_DB_dbo.SP_AML_Gatsby_Alerts,BI_DB_dbo.BI_DB_AML_Gatsby_Alerts,Daily,SB_Daily,0,5/30/2026 13:44,1/2/2024 8:37,UpdateDate,0,0,,,,B_NO_TABLEAU_CONSUMER,keep
BI_DB_dbo.SP_AML_German_Video_Ident,BI_DB_dbo.AML_German_Video_Ident,Daily,SB_Daily,0,5/31/2026 4:45,7/17/2023 9:24,UpdateDate,0,0,,,,B_NO_TABLEAU_CONSUMER,keep
BI_DB_dbo.SP_AML_High_Risk_Wallet,BI_DB_dbo.BI_DB_AML_High_Risk_Wallet,Daily,SB_Daily,0,5/31/2026 5:33,8/18/2024 7:05,UpdateDate,0,0,,,,B_NO_TABLEAU_CONSUMER,keep
BI_DB_dbo.SP_AML_IOB_Report,BI_DB_dbo.BI_DB_AML_IOB_Report,Daily,SB_Daily,0,5/31/2026 5:27,7/8/2025 8:25,UpdateDate,0,0,,,,B_NO_TABLEAU_CONSUMER,keep
BI_DB_dbo.SP_AML_KYC_Process,BI_DB_dbo.BI_DB_AML_KYC_Process,Daily,SB_Daily,0,5/31/2026 7:44,7/27/2025 9:55,UpdateDate,0,0,,,,B_NO_TABLEAU_CONSUMER,keep
BI_DB_dbo.SP_AML_KYC_SOF,BI_DB_dbo.BI_DB_AML_KYC_SOF,Daily,SB_Daily,0,5/31/2026 5:42,8/14/2023 13:14,UpdateDate,0,0,,,Y,B_FEEDER_KEEP,keep
BI_DB_dbo.SP_AML_Periodic_Review,BI_DB_dbo.BI_DB_AML_Periodic_Review_AR,Daily,SB_Daily,0,5/31/2026 6:13,2/13/2024 18:54,UpdateDate,2,699,12/11/2025,171,,KEEP,
BI_DB_dbo.SP_AML_Periodic_Review,BI_DB_dbo.BI_DB_AML_Periodic_Review_MR,Daily,SB_Daily,0,5/31/2026 6:13,2/13/2024 18:54,UpdateDate,0,0,,,,B_NO_TABLEAU_CONSUMER,keep
BI_DB_dbo.SP_AML_Periodic_Review,BI_DB_dbo.BI_DB_AML_Periodic_Review_HR,Daily,SB_Daily,0,5/31/2026 6:13,2/13/2024 18:54,UpdateDate,0,0,,,,B_NO_TABLEAU_CONSUMER,keep
BI_DB_dbo.SP_AML_PI_Abuse,BI_DB_dbo.BI_DB_AML_PI_Abuse_DeviceID_Copiers,Daily,SB_Daily,0,5/31/2026 7:07,11/12/2024 11:55,UpdateDate,0,0,,,,B_NO_TABLEAU_CONSUMER,keep
BI_DB_dbo.SP_AML_PI_Abuse,BI_DB_dbo.BI_DB_AML_PI_Abuse_FID_PI_Side,Daily,SB_Daily,0,5/31/2026 7:07,11/5/2023 12:34,UpdateDate,0,0,,,,B_NO_TABLEAU_CONSUMER,keep
BI_DB_dbo.SP_AML_PI_Abuse,BI_DB_dbo.BI_DB_AML_PI_Abuse_FID_Copy_Side,Daily,SB_Daily,0,5/31/2026 7:07,11/12/2024 11:55,UpdateDate,0,0,,,,B_NO_TABLEAU_CONSUMER,keep
BI_DB_dbo.SP_AML_PI_Abuse,BI_DB_dbo.BI_DB_AML_PI_Abuse_SameIP,Daily,SB_Daily,0,5/31/2026 7:07,8/27/2025 11:52,UpdateDate,0,0,,,,B_NO_TABLEAU_CONSUMER,keep
BI_DB_dbo.SP_AML_PI_Abuse,BI_DB_dbo.BI_DB_AML_PI_Abuse_DeviceID_PI_Side,Daily,SB_Daily,0,5/31/2026 7:07,11/5/2023 12:33,UpdateDate,0,0,,,,B_NO_TABLEAU_CONSUMER,keep
BI_DB_dbo.SP_AML_PI_Abuse,BI_DB_dbo.BI_DB_AML_PI_Abuse_FID_Same_Copy,Daily,SB_Daily,0,5/31/2026 7:08,11/12/2024 11:55,UpdateDate,0,0,,,,B_NO_TABLEAU_CONSUMER,keep
BI_DB_dbo.SP_AML_PI_Abuse,BI_DB_dbo.BI_DB_AML_PI_Abuse,Daily,SB_Daily,0,5/31/2026 7:06,8/27/2025 11:52,UpdateDate,0,0,,,,B_NO_TABLEAU_CONSUMER,keep
BI_DB_dbo.SP_AML_PI_Abuse,BI_DB_dbo.BI_DB_AML_PI_Abuse_DeviceID_Copy_Side,Daily,SB_Daily,0,5/31/2026 7:07,11/12/2024 11:55,UpdateDate,0,0,,,,B_NO_TABLEAU_CONSUMER,keep
BI_DB_dbo.SP_AML_PI_Abuse,BI_DB_dbo.BI_DB_AML_PI_Abuse_FID_Same_as_pi,Daily,SB_Daily,0,5/31/2026 7:07,11/12/2024 11:55,UpdateDate,0,0,,,,B_NO_TABLEAU_CONSUMER,keep
BI_DB_dbo.SP_AML_PI_Abuse,BI_DB_dbo.BI_DB_AML_PI_Abuse_DeviceID_AS_PI,Daily,SB_Daily,0,5/31/2026 7:07,11/12/2024 11:56,UpdateDate,0,0,,,,B_NO_TABLEAU_CONSUMER,keep
BI_DB_dbo.SP_AML_PI_Abuse,BI_DB_dbo.BI_DB_AML_PI_Abuse_CopierTable,Daily,SB_Daily,0,5/31/2026 7:10,3/2/2025 13:27,UpdateDate,0,0,,,,B_NO_TABLEAU_CONSUMER,keep
BI_DB_dbo.SP_AML_Singapore_Risk_Classification,BI_DB_dbo.BI_DB_AML_Singapore_Risk_Classification ,Daily,SB_Daily,0,5/31/2026 7:40,3/23/2026 13:52,UpdateDate,0,0,,,,B_NO_TABLEAU_CONSUMER,keep
BI_DB_dbo.SP_ASIC_GAML_Invested_Amount,BI_DB_dbo.BI_DB_ASIC_GAML_Invested_Amount,Daily,SB_Daily,0,5/31/2026 4:45,5/9/2023 11:20,UpdateDate,2,462,12/11/2025,171,,KEEP,
BI_DB_dbo.SP_BI_AMLPeriodicReview,BI_DB_dbo.BI_DB_AMLPeriodicReview,Daily,SB_Daily,0,5/31/2026 6:41,8/12/2025 8:46,UpdateDate,0,0,,,Y,B_FEEDER_KEEP,keep
BI_DB_dbo.SP_BI_DB_AMLPeriodicReview_PostReview,BI_DB_dbo.BI_DB_AMLPeriodicReview_PostReview,Daily,SB_Daily,0,5/31/2026 7:09,7/1/2025 13:56,UpdateDate,1,152,4/15/2026,46,,KEEP,
BI_DB_dbo.SP_BI_DB_ApproperiatenessTest_FTP_CID_Level,BI_DB_dbo.BI_DB_ApproperiatenessTest_FTP_CID_Level,Daily,SB_Daily,0,5/31/2026 5:03,5/24/2026 15:06,UpdateDate,1,621,3/10/2025,447,,KEEP,
BI_DB_dbo.SP_BI_DB_BODailyCompensations,BI_DB_dbo.BI_DB_BODailyCompensations,Daily,SB_Daily,0,5/31/2026 4:42,12/2/2024 10:59,UpdateDate,1,138,6/13/2024,717,,KEEP,
BI_DB_dbo.SP_BI_DB_CO_Cluster_Daily,BI_DB_dbo.BI_DB_CO_Cluster_Daily,Daily,SB_Daily,0,5/31/2026 4:46,8/20/2025 11:23,UpdateDate,1,98,8/4/2025,300,,KEEP,
BI_DB_dbo.SP_BI_DB_CryptoDashboardNew,BI_DB_dbo.BI_DB_CryptoDashboardNew,Daily,SB_Daily,0,5/31/2026 4:50,9/24/2024 15:35,UpdateDate,1,715,2/4/2026,116,,KEEP,
BI_DB_dbo.SP_BI_DB_DLT_Tangany_Trades_Netting,BI_DB_dbo.BI_DB_DLT_Tangany_Trades_Netting,Daily,SB_Daily,0,5/31/2026 4:58,6/8/2025 5:52,UpdateDate,2,1597,4/20/2026,41,,KEEP,
BI_DB_dbo.SP_BI_DB_German_Crypto_Transition_To_Tangany,BI_DB_dbo.BI_DB_German_Crypto_Transition_To_Tangany,Daily,SB_Daily,0,5/31/2026 4:46,2/11/2024 16:42,UpdateDate,0,0,,,,B_NO_TABLEAU_CONSUMER,
BI_DB_dbo.SP_BI_DB_German_Open_Real_Crypto_Positions_Daily,BI_DB_dbo.BI_DB_German_Open_Real_Crypto_Positions_Daily,Daily,SB_Daily,0,5/31/2026,1/16/2024 12:46,UpdateDate,0,0,,,,B_NO_TABLEAU_CONSUMER,
BI_DB_dbo.SP_BI_DB_High_Cashout_Emails_For_Management_Analysis,BI_DB_dbo.BI_DB_High_Cashout_Emails_For_Management_Analysis,Daily,SB_Daily,0,5/31/2026,11/17/2024 8:37,UpdateDate,1,28,10/15/2024,593,,KEEP,
BI_DB_dbo.SP_BI_DB_M_ESMA_ProfitableClients_CFD_Last12Months,BI_DB_dbo.BI_DB_M_ESMA_ProfitableClients_CFD_Last12Months_Instrument,Daily,SB_Daily,0,5/31/2026 4:47,3/13/2024 7:15,UpdateDate,0,0,,,,B_NO_TABLEAU_CONSUMER,
BI_DB_dbo.SP_BI_DB_M_ESMA_ProfitableClients_CFD_Last12Months,BI_DB_dbo.BI_DB_M_ESMA_ProfitableClients_CFD_Last12Months,Daily,SB_Daily,0,5/31/2026 4:47,3/13/2024 7:13,UpdateDate,1,72,10/20/2024,588,,KEEP,
BI_DB_dbo.SP_BI_DB_PositionPnL_EU_Custody,BI_DB_dbo.BI_DB_PositionPnL_UK_Custody,Daily,SB_Daily,0,5/31/2026 3:04,1/10/2024 11:41,UpdateDate,0,0,,,,B_NO_TABLEAU_CONSUMER,keep
BI_DB_dbo.SP_BI_DB_PositionPnL_EU_Custody,BI_DB_dbo.BI_DB_PositionPnL_EU_Custody,Daily,SB_Daily,0,5/31/2026 3:04,12/27/2023 8:19,UpdateDate,0,0,,,,B_NO_TABLEAU_CONSUMER,keep
BI_DB_dbo.SP_BI_DB_PositionPnL_EU_Custody,BI_DB_dbo.BI_DB_PositionPnL_EU_Custody_Instrument_Agg,Daily,SB_Daily,0,5/31/2026 4:47,1/10/2024 11:41,UpdateDate,2,3624,12/22/2025,160,,KEEP,
BI_DB_dbo.SP_BI_DB_PositionPnL_EU_Custody,BI_DB_dbo.BI_DB_PositionPnL_UK_Instrument_Agg,Daily,SB_Daily,0,5/31/2026 4:47,1/10/2024 11:41,UpdateDate,2,3624,12/22/2025,160,,KEEP,
BI_DB_dbo.SP_BI_DB_PositionPnL_EU_Custody,BI_DB_dbo.BI_DB_PositionPnL_UK_Custody_Resolver,Daily,SB_Daily,0,5/31/2026 4:48,2/15/2026 15:57,UpdateDate,0,0,,,,B_NO_TABLEAU_CONSUMER,keep
BI_DB_dbo.SP_BI_DB_ReturnCalculation,BI_DB_dbo.BI_DB_ReturnCalculation,Daily,SB_Daily,0,5/31/2026 7:48,5/20/2024 3:15,UpdateDate,0,0,,,,B_NO_TABLEAU_CONSUMER,
BI_DB_dbo.SP_BI_DB_ReturnCalculation,BI_DB_dbo.BI_DB_ReturnCalculation_Daily_Data,Daily,SB_Daily,0,5/31/2026 7:42,5/20/2024 3:14,UpdateDate,0,0,,,,B_NO_TABLEAU_CONSUMER,
BI_DB_dbo.SP_BI_DB_W8_Users_Status,BI_DB_dbo.BI_DB_W8_Users_Status,Daily,SB_Daily,0,5/31/2026 5:04,2/2/2025 7:15,UpdateDate,1,398,10/8/2025,235,,KEEP,
BI_DB_dbo.SP_BO_Generated_Compensations,BI_DB_dbo.BI_DB_BO_Generated_Compensations,Daily,SB_Daily,0,5/31/2026 4:41,4/2/2024 3:55,UpdateDate,0,0,,,Y,B_FEEDER_KEEP,
BI_DB_dbo.SP_Capital_Guarantee_Panel,BI_DB_dbo.BI_DB_CapitalGuarantee_Panel,Daily,SB_Daily,0,5/31/2026 4:46,3/5/2025 10:32,UpdateDate,1,6181,5/31/2026,0,,KEEP,
BI_DB_dbo.SP_CID_BalanceDays,BI_DB_dbo.BI_DB_CID_BalanceDays,Daily,SB_Daily,0,5/31/2026 4:50,4/29/2021 15:46,UpdateDate,0,0,,,Y,B_FEEDER_KEEP,
BI_DB_dbo.SP_CID_DailyCluster,BI_DB_dbo.BI_DB_CID_DailyCluster,Daily,SB_Daily,0,5/31/2026 6:32,2/9/2022 8:15,UpdateDate,16,65582,5/31/2026,0,Y,KEEP,
BI_DB_dbo.SP_CID_DailyPanel_Club,BI_DB_dbo.BI_DB_CID_DailyPanel_Club,Daily,SB_Daily,0,5/31/2026 6:10,9/10/2023 13:02,UpdateDate,37,1064324,5/31/2026,0,Y,KEEP,
BI_DB_dbo.SP_CID_DailyPanel_FullData,BI_DB_dbo.BI_DB_CID_DailyPanel_FullData,Daily,SB_Daily,0,5/31/2026 7:02,5/1/2026 2:17,UpdateDate,23,125690,5/31/2026,0,Y,KEEP,
BI_DB_dbo.SP_CID_LifeStageDefinition,BI_DB_dbo.BI_DB_CID_LifeStageDefinition,Daily,SB_Daily,0,5/31/2026 5:10,11/18/2025 12:05,UpdateDate,1,891,4/21/2024,770,Y,KEEP,
BI_DB_dbo.SP_CID_MonthlyPanel_FullData,BI_DB_dbo.BI_DB_CID_MonthlyPanel_FullData,Daily,SB_Daily,0,5/31/2026 7:12,8/19/2025 7:34,UpdateDate,74,153080,5/31/2026,0,Y,KEEP,
BI_DB_dbo.SP_CID_VerificationLevel,BI_DB_dbo.BI_DB_CID_VerificationLevel,Daily,SB_Daily,0,5/31/2026 4:41,4/29/2021 16:03,UpdateDate,0,0,,,Y,B_FEEDER_KEEP,
BI_DB_dbo.SP_CID_WeeklyPanel_FullData,BI_DB_dbo.BI_DB_CID_WeeklyPanel_FullData,Daily,SB_Daily,0,5/31/2026 7:11,8/19/2025 8:29,UpdateDate,7,6702,5/31/2026,0,,KEEP,
BI_DB_dbo.SP_Client_Balance_CID_Level_New_Blocked,BI_DB_dbo.BI_DB_Client_Balance_CID_Level_New_Blocked,Daily,SB_Daily,0,5/31/2026 4:46,11/17/2024 8:36,UpdateDate,0,0,,,,B_NO_TABLEAU_CONSUMER,
BI_DB_dbo.SP_ClubChangeLog,BI_DB_dbo.BI_DB_ClubChangeLog,Daily,SB_Daily,0,5/31/2026 4:56,4/29/2021 15:50,UpdateDate,3,4002,1/5/2026,146,,KEEP,
BI_DB_dbo.SP_ClubUsersDataRemarketingGoogle,BI_DB_dbo.BI_DB_ClubUsersDataRemarketingGoogle,Daily,SB_Daily,0,5/31/2026 7:47,6/29/2023 12:41,UpdateDate,0,0,,,,B_NO_TABLEAU_CONSUMER,
BI_DB_dbo.SP_Compensation_Activity_Data,BI_DB_dbo.BI_DB_Compensation_Activity_Data_Regulation,Daily,SB_Daily,0,5/31/2026 4:45,10/13/2024 13:19,UpdateDate,0,0,,,,B_NO_TABLEAU_CONSUMER,
BI_DB_dbo.SP_Compensation_Activity_Data,BI_DB_dbo.BI_DB_Compensation_Activity_Data_CompensationReason,Daily,SB_Daily,0,5/31/2026 4:45,10/13/2024 13:19,UpdateDate,0,0,,,,B_NO_TABLEAU_CONSUMER,
BI_DB_dbo.SP_Compliance_Forbidden_Trades,BI_DB_dbo.BI_DB_Compliance_Illegal_Trades_Alerts,Daily,SB_Daily,0,5/31/2026 5:12,3/9/2025 12:41,UpdateDate,0,0,,,,B_NO_TABLEAU_CONSUMER,
BI_DB_dbo.SP_Compliance_VP_Monthly_MI,BI_DB_dbo.BI_DB_Compliance_VP_Monthly_MI,Daily,SB_Daily,0,5/31/2026 4:47,1/19/2025 15:41,UpdateDate,0,0,,,,B_NO_TABLEAU_CONSUMER,
BI_DB_dbo.SP_CopyBlockedAUM,BI_DB_dbo.BI_DB_CopyBlockedAUMHistory,Daily,SB_Daily,0,5/31/2026 6:40,12/27/2023 12:45,UpdateDate,2,567,4/9/2026,52,,KEEP,
BI_DB_dbo.SP_CopyBlockedAUM,BI_DB_dbo.BI_DB_CopyBlockedAUM,Daily,SB_Daily,0,5/31/2026 6:40,12/27/2023 12:43,UpdateDate,2,567,4/9/2026,52,,KEEP,
BI_DB_dbo.SP_CopycatsOfCopyfunds,BI_DB_dbo.BI_DB_CopycatsOfCopyfunds,Daily,SB_Daily,0,5/31/2026 6:39,4/29/2021 15:51,UpdateDate,0,0,,,,B_NO_TABLEAU_CONSUMER,
BI_DB_dbo.SP_CopyDailyData,BI_DB_dbo.BI_DB_CopyDailyData,Daily,SB_Daily,0,5/31/2026 6:41,2/9/2022 8:22,UpdateDate,4,9995,5/31/2026,0,Y,KEEP,
BI_DB_dbo.SP_CopyFund_Positions,BI_DB_dbo.BI_DB_CopyFund_Positions,Daily,SB_Daily,0,5/31/2026 4:46,5/24/2026 15:02,UpdateDate,2,353,5/31/2026,0,Y,KEEP,
BI_DB_dbo.SP_Copyfunds_SignificantAllocation,BI_DB_dbo.BI_DB_Copyfunds_SignificantAllocation,Daily,SB_Daily,0,5/31/2026 4:47,12/1/2024 13:39,UpdateDate,0,0,,,,B_NO_TABLEAU_CONSUMER,
BI_DB_dbo.SP_CopyMilestone,BI_DB_dbo.BI_DB_CopyMilestone,Daily,SB_Daily,0,5/31/2026 6:47,4/29/2021 15:51,UpdateDate,0,0,,,,B_NO_TABLEAU_CONSUMER,
BI_DB_dbo.SP_Create_External_Price_History_LastPriceBeforeClose_Range,BI_DB_dbo.External_Price_History_LastPriceBeforeClose_Range,Daily,SB_Daily,0,,5/31/2026 7:31,modify_date,0,0,,,,B_NO_TABLEAU_CONSUMER,
BI_DB_dbo.SP_Cross_Selling_Daily,BI_DB_dbo.BI_DB_Cross_Selling_Daily,Daily,SB_Daily,0,5/31/2026 7:34,2/19/2025 5:24,UpdateDate,1,386,3/27/2026,65,,KEEP,
BI_DB_dbo.SP_Crypto_Active_Open_Churn_Winback,BI_DB_dbo.BI_DB_Crypto_Active_Open_Churn_Winback,Daily,SB_Daily,0,5/31/2026 4:52,10/27/2024 5:54,UpdateDate,1,715,2/4/2026,116,,KEEP,
BI_DB_dbo.SP_CryptoMarketingList,BI_DB_dbo.BI_DB_CryptoMarketingList,Daily,SB_Daily,0,5/31/2026 5:00,6/13/2023 12:30,UpdateDate,0,0,,,,B_NO_TABLEAU_CONSUMER,
BI_DB_dbo.SP_CustomerFirst5OpenPositions,BI_DB_dbo.BI_DB_CustomerFirst5OpenPositions,Daily,SB_Daily,0,5/31/2026 5:04,4/29/2021 15:51,UpdateDate,0,0,,,Y,B_FEEDER_KEEP,
BI_DB_dbo.SP_CustomerFirst5OpenPositions,BI_DB_dbo.BI_DB_CustomerCross,Daily,SB_Daily,0,5/31/2026 5:05,4/29/2021 15:51,UpdateDate,0,0,,,Y,B_FEEDER_KEEP,
BI_DB_dbo.SP_CustomerFirst5OpenPositions,BI_DB_dbo.BI_DB_CustomerCross_New,Daily,SB_Daily,0,5/31/2026 5:05,4/29/2021 15:51,UpdateDate,0,0,,,Y,B_FEEDER_KEEP,
BI_DB_dbo.SP_CySEC_Submission_ICF,BI_DB_dbo.BI_DB_CySEC_Submission_ICF,Daily,SB_Daily,0,5/31/2026,12/16/2024 9:55,UpdateDate,0,0,,,,B_NO_TABLEAU_CONSUMER,
BI_DB_dbo.SP_D_Compliance_Surveillance_KYC_PnL_Monitoring,BI_DB_dbo.BI_DB_Compliance_Surveillance_KYC_PnL_Monitoring,Daily,SB_Daily,0,5/31/2026 7:34,1/14/2025 10:03,UpdateDate,0,0,,,,B_NO_TABLEAU_CONSUMER,
BI_DB_dbo.SP_D_Compliance_Surveillance_ShortTermTrades,BI_DB_dbo.BI_DB_Compliance_Surveillance_ShortTermTrades,Daily,SB_Daily,0,5/31/2026 5:04,1/16/2024 12:02,UpdateDate,0,0,,,,B_NO_TABLEAU_CONSUMER,
BI_DB_dbo.SP_D_Compliance_Surveillance_Snapshot,BI_DB_dbo.BI_DB_Compliance_Surveillance_Snapshot,Daily,SB_Daily,0,5/31/2026 5:17,1/16/2024 13:23,UpdateDate,0,0,,,,B_NO_TABLEAU_CONSUMER,
BI_DB_dbo.SP_Daily_CID_Dividend_TaxReport,BI_DB_dbo.BI_DB_Daily_CID_Dividend_TaxReport,Daily,SB_Daily,0,5/31/2026 4:52,6/16/2021 5:40,UpdateDate,2,1026,2/14/2024,837,,KEEP,
BI_DB_dbo.SP_Daily_HighCashoutEmailsForManagement,BI_DB_dbo.BI_DB_Daily_HighCashoutEmailsForManagement,Daily,SB_Daily,0,5/31/2026,11/17/2024 8:36,UpdateDate,0,0,,,Y,B_FEEDER_KEEP,
BI_DB_dbo.SP_Daily_Open_Closed_Position,BI_DB_dbo.BI_DB_Daily_Open_Closed_Position,Daily,SB_Daily,0,5/31/2026,5/30/2024 8:44,UpdateDate,1,116,5/23/2024,738,,KEEP,
BI_DB_dbo.SP_DailyNOP_ByInstrument,BI_DB_dbo.BI_DB_DailyNOP_ByInstrument,Daily,SB_Daily,0,5/31/2026 4:54,4/29/2021 15:54,UpdateDate,0,0,,,,B_NO_TABLEAU_CONSUMER,
BI_DB_dbo.SP_DailyPanel_Copy,BI_DB_dbo.BI_DB_DailyPanel_Copy,Daily,SB_Daily,0,5/31/2026 6:53,1/3/2024 12:29,UpdateDate,7,10860,5/31/2026,0,Y,KEEP,
BI_DB_dbo.SP_DailyRiskAlert,BI_DB_dbo.BI_DB_DailyRiskAlert,Daily,SB_Daily,0,5/31/2026 7:05,11/17/2024 8:36,UpdateDate,3,2366,5/31/2026,0,,KEEP,
BI_DB_dbo.SP_DCM_Dashboard,BI_DB_dbo.BI_DB_DCM_Dashboard,Daily,SB_Daily,0,5/31/2026 5:26,7/6/2023 9:41,UpdateDate,2,767,5/31/2026,0,,KEEP,
BI_DB_dbo.SP_DDR_Fact_MIMO_Options_Platform,BI_DB_dbo.BI_DB_DDR_Fact_MIMO_Options_Platform,Daily,SB_Daily,0,5/31/2026 5:02,5/24/2026 15:06,UpdateDate,0,0,,,Y,B_FEEDER_KEEP,
BI_DB_dbo.SP_DDR_Fact_MIMO_Trading_Platform,BI_DB_dbo.BI_DB_DDR_Fact_MIMO_Trading_Platform,Daily,SB_Daily,0,5/31/2026 4:54,6/17/2025 6:35,UpdateDate,3,1263,5/31/2026,0,Y,KEEP,
BI_DB_dbo.SP_DDR_Fact_Non_Revenue_Generating_Actions,BI_DB_dbo.BI_DB_DDR_Fact_Non_Revenue_Generating_Actions,Daily,SB_Daily,0,5/31/2026 4:54,5/24/2026 15:05,UpdateDate,2,353,5/31/2026,0,,KEEP,
BI_DB_dbo.SP_Demo_CID_Panel,BI_DB_dbo.BI_DB_Demo_CID_Panel,Daily,SB_Daily,0,5/31/2026 6:13,12/2/2024 9:56,UpdateDate,0,0,,,Y,B_FEEDER_KEEP,
BI_DB_dbo.SP_Diversification,BI_DB_dbo.BI_DB_Diversification,Daily,SB_Daily,0,5/16/2026 6:58,8/22/2023 17:13,UpdateDate,0,0,,,,B_NO_TABLEAU_CONSUMER,
BI_DB_dbo.SP_Document_Vendors,BI_DB_dbo.BI_DB_Document_Vendors,Daily,SB_Daily,0,5/31/2026 5:08,12/2/2024 9:45,UpdateDate,6,5025,5/31/2026,0,,KEEP,
BI_DB_dbo.SP_DWH_CIDs7DaysDeviation,BI_DB_dbo.DWH_CIDs7DaysDeviation,Daily,SB_Daily,0,5/31/2026 4:56,4/29/2021 16:02,UpdateDate,0,0,,,Y,B_FEEDER_KEEP,keep
BI_DB_dbo.SP_DWH_CIDsDailyRisk,BI_DB_dbo.DWH_CIDsDailyRisk,Daily,SB_Daily,0,5/31/2026 5:27,4/29/2021 16:05,UpdateDate,0,0,,,Y,B_FEEDER_KEEP,keep
BI_DB_dbo.SP_DWH_GainDaily,BI_DB_dbo.DWH_GainDaily,Daily,SB_Daily,0,5/31/2026 4:58,11/9/2023 7:32,UpdateDate,0,0,,,Y,B_FEEDER_KEEP,keep
BI_DB_dbo.SP_EOD_USD_cr,BI_DB_dbo.BI_DB_EOD_USD_cr,Daily,SB_Daily,0,5/31/2026 4:56,4/29/2021 15:54,UpdateDate,2,399,2/20/2024,831,,KEEP,
BI_DB_dbo.SP_Fact_Customer_Action_Position_Distribution,BI_DB_dbo.BI_DB_Fact_Customer_Action_Position_Distribution,Daily,SB_Daily,0,5/31/2026 4:58,5/24/2026 15:04,UpdateDate,2,353,5/31/2026,0,Y,KEEP,
BI_DB_dbo.SP_Failed_Verification_MA,BI_DB_dbo.BI_DB_Failed_Verification_MA,Daily,SB_Daily,0,5/31/2026 8:07,5/11/2025 11:54,UpdateDate,0,0,,,,B_NO_TABLEAU_CONSUMER,
BI_DB_dbo.SP_FB_Report,BI_DB_dbo.BI_DB_FB_Report,Daily,SB_Daily,0,5/31/2026 5:36,6/6/2023 9:42,UpdateDate,0,0,,,Y,B_FEEDER_KEEP,
BI_DB_dbo.SP_Finance_ASIC_MP,BI_DB_dbo.BI_DB_Finance_ASIC_MP,Daily,SB_Daily,0,5/31/2026 5:00,12/16/2024 9:56,UpdateDate,0,0,,,,B_NO_TABLEAU_CONSUMER,
BI_DB_dbo.SP_Finance_IFRS_Automation_KTCD_eToro_Side,BI_DB_dbo.BI_DB_Finance_IFRS_Automation_KTCD_eToro_Side,Daily,SB_Daily,0,5/31/2026 5:16,7/6/2023 10:34,UpdateDate,1,22,12/11/2025,171,,KEEP,
BI_DB_dbo.SP_Finance_Non_US_Settlement_2023,BI_DB_dbo.BI_DB_Finance_Non_US_Settlement_New_2023,Daily,SB_Daily,0,5/31/2026 5:06,2/10/2025 14:40,UpdateDate,1,2,5/28/2025,368,,B_LOW_USE_STALE,keep
BI_DB_dbo.SP_Finance_Non_US_Settlement_2025,BI_DB_dbo.BI_DB_Finance_Non_US_Settlement_New_2025,Daily,SB_Daily,0,5/31/2026 6:53,2/16/2026 6:56,UpdateDate,4,4265,5/29/2026,2,,KEEP,
BI_DB_dbo.SP_Finance_Non_US_Settlement_2025,BI_DB_dbo.BI_DB_Finance_eToro_vs_Positions,Daily,SB_Daily,0,5/31/2026 6:54,2/16/2026 6:56,UpdateDate,3,3220,5/27/2026,4,,KEEP,
BI_DB_dbo.SP_Finance_Real_Futures_Custody_And_Transfers,BI_DB_dbo.BI_DB_Finance_Real_Futures_Custody_And_Transfers,Daily,SB_Daily,0,5/31/2026 10:39,5/24/2026 15:06,UpdateDate,1,1546,3/31/2026,61,,KEEP,
BI_DB_dbo.SP_Finance_Staking_Report,BI_DB_dbo.BI_DB_Finance_Staking_Report,Daily,SB_Daily,0,5/31/2026 5:21,9/19/2023 7:20,UpdateDate,0,0,,,,B_NO_TABLEAU_CONSUMER,
BI_DB_dbo.SP_First5Actions,BI_DB_dbo.BI_DB_First5Actions,Daily,SB_Daily,0,5/31/2026 5:15,4/2/2024 9:37,UpdateDate,46,72019,5/31/2026,0,Y,KEEP,
BI_DB_dbo.SP_FirstTimeRev10,BI_DB_dbo.BI_DB_FirstTimeRev10,Daily,SB_Daily,0,5/31/2026 4:58,1/24/2024 11:41,UpdateDate,4,31026,4/13/2026,48,Y,KEEP,
BI_DB_dbo.SP_FirstTimeRev5,BI_DB_dbo.BI_DB_FirstTimeRev5,Daily,SB_Daily,0,5/31/2026 5:09,6/28/2023 9:29,UpdateDate,3,30062,4/13/2026,48,,KEEP,
BI_DB_dbo.SP_GST_Report,BI_DB_dbo.BI_DB_GST_Report ,Daily,SB_Daily,0,5/30/2026,10/21/2025 9:20,UpdateDate,0,0,,,,B_NO_TABLEAU_CONSUMER,
BI_DB_dbo.SP_H_AssignmentToolBacklog,BI_DB_dbo.BI_DB_AssignmentToolBacklog,Hourly,SB_Hourly,0,5/31/2026 11:22,11/17/2024 8:40,UpdateDate,1,769,12/8/2024,539,,KEEP,
BI_DB_dbo.SP_H_AssignmentToolSLAs,BI_DB_dbo.BI_DB_AssignmentToolSLAs,Hourly,SB_Hourly,0,5/31/2026,12/2/2024 9:55,UpdateDate,4,4725,5/31/2026,0,,KEEP,
BI_DB_dbo.SP_H_AssignmentToolTasks,BI_DB_dbo.BI_DB_AssignmentToolTasks,Hourly,SB_Hourly,0,5/31/2026 10:18,11/17/2024 9:42,UpdateDate,5,6245,5/31/2026,0,,KEEP,
BI_DB_dbo.SP_H_AssignmentToolVolumes,BI_DB_dbo.BI_DB_AssignmentToolVolumes,Hourly,SB_Hourly,0,5/31/2026 10:19,12/2/2024 10:05,UpdateDate,1,274,9/14/2025,259,,KEEP,
BI_DB_dbo.SP_H_BI_DB_STP_Redeems,BI_DB_dbo.BI_DB_STP_Redeems,Hourly,SB_Hourly,0,5/31/2026 11:22,11/17/2024 8:38,UpdateDate,5,1609,5/31/2026,0,,KEEP,
BI_DB_dbo.SP_H_Cashout_Performance_Monitoring,BI_DB_dbo.BI_DB_Cashout_Performance_Monitoring,Hourly,SB_Hourly,0,5/31/2026 10:50,4/29/2021 15:50,UpdateDate,1,2006,5/31/2026,0,,KEEP,
BI_DB_dbo.SP_H_EndOfDayReport_Cashouts,BI_DB_dbo.BI_DB_EndOfDayReport_Cashouts,Hourly,SB_Hourly,0,5/31/2026 10:46,1/11/2024 10:25,UpdateDate,0,0,,,,B_NO_TABLEAU_CONSUMER,
BI_DB_dbo.SP_H_EndOfDayReport_Redeems,BI_DB_dbo.BI_DB_EndOfDayReport_Redeems,Hourly,SB_Hourly,0,5/31/2026 10:16,7/27/2023 14:10,UpdateDate,0,0,,,,B_NO_TABLEAU_CONSUMER,
BI_DB_dbo.SP_H_HourlyReport_Redeems,BI_DB_dbo.BI_DB_HourlyReport_Redeems,Hourly,SB_Hourly,0,5/31/2026 10:48,11/17/2024 8:36,UpdateDate,0,0,,,,B_NO_TABLEAU_CONSUMER,
BI_DB_dbo.SP_H_LiveAcquisitionDashboard,BI_DB_dbo.BI_DB_LiveAcquisitionDashboard,Hourly,SB_Hourly,0,5/31/2026 11:18,11/17/2024 8:38,UpdateDate,1,3979,6/3/2024,727,,KEEP,
BI_DB_dbo.SP_H_LiveAcquisitionDashboard_New,BI_DB_dbo.BI_DB_LiveAcquisitionDashboard,Hourly,SB_Hourly,0,5/31/2026 11:18,11/17/2024 8:38,UpdateDate,1,3979,6/3/2024,727,,KEEP,
BI_DB_dbo.SP_H_Money_Out_STPAnalysis_OPS_Dashboard,BI_DB_dbo.BI_DB_Money_Out_STPAnalysis_OPS_Dashboard,Hourly,SB_Hourly,0,5/31/2026 10:20,11/17/2024 8:38,UpdateDate,4,3293,5/31/2026,0,,KEEP,
BI_DB_dbo.SP_H_Ops_HourlyReport_Withdraws,BI_DB_dbo.BI_DB_HourlyReport_Withdraws,Hourly,SB_Hourly,0,5/31/2026 10:48,4/29/2021 15:55,UpdateDate,5,1549,5/31/2026,0,,KEEP,
BI_DB_dbo.SP_H_VerificationStatus30Days,BI_DB_dbo.BI_DB_VerificationStatus30Days,Hourly,SB_Hourly,0,5/31/2026 10:48,9/12/2023 13:10,UpdateDate,1,101,2/14/2025,471,,KEEP,
BI_DB_dbo.SP_Instrument_Overview,BI_DB_dbo.BI_DB_Instrument_Overview,Daily,SB_Daily,0,5/31/2026 5:21,3/10/2024 8:23,UpdateDate,0,0,,,,B_NO_TABLEAU_CONSUMER,
BI_DB_dbo.SP_Instruments_BidAndAsk,BI_DB_dbo.BI_DB_Instruments_BidAndAsk,Daily,SB_Daily,0,5/31/2026 5:07,5/9/2024 6:21,UpdateDate,0,0,,,,B_NO_TABLEAU_CONSUMER,
BI_DB_dbo.SP_InterestMonthly,BI_DB_dbo.BI_DB_InterestMonthly,Daily,SB_Daily,0,5/31/2026 5:07,4/29/2021 15:55,UpdateDate,5,2494,2/11/2026,109,Y,KEEP,
BI_DB_dbo.SP_Investment_Monthly_Data,BI_DB_dbo.BI_DB_Investment_Monthly_Data,Daily,SB_Daily,0,5/1/2026 8:27,2/23/2026 9:07,UpdateDate,1,14,4/28/2026,33,,KEEP,
BI_DB_dbo.SP_InvestorReport,BI_DB_dbo.BI_DB_Investors_Unclustered,Daily,SB_Daily,0,5/31/2026 6:40,5/11/2023 16:28,UpdateDate,9,15527,5/31/2026,0,,KEEP,
BI_DB_dbo.SP_InvestorReport_Cluster,BI_DB_dbo.BI_DB_Investors,Daily,SB_Daily,0,5/30/2026 6:48,2/9/2022 8:25,UpdateDate,3,8390,3/13/2024,809,,KEEP,
BI_DB_dbo.SP_KYC_DOBover85,BI_DB_dbo.BI_DB_KYC_DOBover85,Daily,SB_Daily,0,5/31/2026 5:09,11/17/2024 8:37,UpdateDate,0,0,,,,B_NO_TABLEAU_CONSUMER,
BI_DB_dbo.SP_KYC_Panel,BI_DB_dbo.BI_DB_KYC_Questions_Answers_Row_Data,Daily,SB_Daily,0,5/31/2026 5:21,5/24/2026 15:04,UpdateDate,1,1240,3/26/2024,796,Y,KEEP,
BI_DB_dbo.SP_KYC_Panel,BI_DB_dbo.BI_DB_KYC_Knowledge_Assessment,Daily,SB_Daily,0,5/31/2026 5:23,12/2/2024 10:59,UpdateDate,0,0,,,,B_NO_TABLEAU_CONSUMER,keep
BI_DB_dbo.SP_KYC_Panel,BI_DB_dbo.BI_DB_KYC_Panel,Daily,SB_Daily,0,5/31/2026 5:26,10/10/2023 13:42,UpdateDate,12,5258,4/28/2026,33,Y,KEEP,
BI_DB_dbo.SP_KYC_Score_CID_Level,BI_DB_dbo.BI_DB_KYC_Score_CID_Level,Daily,SB_Daily,0,5/31/2026 5:32,12/2/2024 11:00,UpdateDate,16,49484,5/31/2026,0,Y,KEEP,
BI_DB_dbo.SP_LargeCashOutReport,BI_DB_dbo.BI_DB_LargeCashoutReport,Daily,SB_Daily,0,5/31/2026 5:07,11/17/2024 8:37,UpdateDate,0,0,,,,B_NO_TABLEAU_CONSUMER,
BI_DB_dbo.SP_LimitedAccountsWithReasonsNEW,BI_DB_dbo.BI_DB_LimitedAccountsWithReasonsNEW,Daily,SB_Daily,0,5/31/2026 5:08,11/17/2024 8:37,UpdateDate,0,0,,,,B_NO_TABLEAU_CONSUMER,
BI_DB_dbo.SP_Local_Currencies_MIMO,BI_DB_dbo.BI_DB_Local_Currencies_MIMO,Daily,SB_Daily,0,5/31/2026 5:08,9/12/2023 11:50,UpdateDate,4,1852,5/31/2026,0,,KEEP,
BI_DB_dbo.SP_LTV_BI_Actual,BI_DB_dbo.BI_DB_LTV_BI_Actual,Daily,SB_Daily,0,5/31/2026 7:37,3/4/2025 11:03,UpdateDate,15,42481,5/31/2026,0,Y,KEEP,
BI_DB_dbo.SP_LTV_By_FTD_MOP,BI_DB_dbo.BI_DB_LTV_By_FTD_MOP,Daily,SB_Daily,0,5/31/2026 7:47,11/14/2023 18:22,UpdateDate,0,0,,,,B_NO_TABLEAU_CONSUMER,keep
BI_DB_dbo.SP_LTV_FromDB_ToBigQuery,BI_DB_dbo.LTV_FromDB_ToBigQuery,Daily,SB_Daily,0,5/31/2026 7:46,7/20/2022 14:08,UpdateDate,0,0,,,,B_NO_TABLEAU_CONSUMER,keep
BI_DB_dbo.SP_LTV_Multiplier_Model,BI_DB_dbo.BI_DB_LTV_Predictions,Daily,SB_Daily,0,5/31/2026 7:37,7/26/2022 11:06,UpdateDate,4,1095,5/31/2026,0,Y,KEEP,
BI_DB_dbo.SP_M_Affiliates_FraudMonitoring,BI_DB_dbo.BI_DB_Affiliates_FraudMonitoring,Monthly,SB_Daily,0,5/1/2026 5:22,11/17/2024 8:37,UpdateDate,1,1181,11/4/2025,208,,KEEP,
BI_DB_dbo.SP_M_Affiliates_FraudMonitoring_Relations,BI_DB_dbo.BI_DB_M_Affiliates_FraudMonitoring_Relations,Monthly,SB_Daily,0,5/1/2026 5:22,12/2/2024 10:04,UpdateDate,1,1181,11/4/2025,208,,KEEP,
BI_DB_dbo.SP_M_AffiliateScore,BI_DB_dbo.BI_DB_AffiliateScore,Monthly,SB_Daily,0,5/1/2026 7:41,4/18/2023 14:08,UpdateDate,0,0,,,,B_NO_TABLEAU_CONSUMER,
BI_DB_dbo.SP_M_AML_Finance_Report,BI_DB_dbo.BI_DB_M_AML_Finance_Report,Monthly,SB_Daily,0,5/1/2026 5:18,8/7/2023 11:04,UpdateDate,0,0,,,,B_NO_TABLEAU_CONSUMER,
BI_DB_dbo.SP_M_EmployeesProgram,BI_DB_dbo.BI_DB_Employees_Program,Monthly,SB_Daily,0,5/1/2026 5:22,2/15/2023 11:56,UpdateDate,0,0,,,,B_NO_TABLEAU_CONSUMER,
BI_DB_dbo.SP_M_EOMExposures,BI_DB_dbo.BI_DB_EOMExposures,Monthly,SB_Daily,0,5/1/2026 5:26,8/22/2023 16:34,UpdateDate,0,0,,,,B_NO_TABLEAU_CONSUMER,keep
BI_DB_dbo.SP_M_LifeStage_Matrix,BI_DB_dbo.BI_DB_M_LifeStage_Matrix,Monthly,SB_Daily,0,5/1/2026,5/8/2024 13:43,UpdateDate,0,0,,,,B_NO_TABLEAU_CONSUMER,
BI_DB_dbo.SP_M_LTV_Multipliers,BI_DB_dbo.BI_DB_LTV_Revenue_Multipliers,Monthly,SB_Daily,0,5/1/2026 7:19,9/19/2023 7:22,UpdateDate,1,1,5/8/2024,753,Y,B_FEEDER_KEEP,
BI_DB_dbo.SP_M_PR_MonthlyData,BI_DB_dbo.BI_DB_PR_MonthlyData,Monthly,SB_Daily,0,5/1/2026 5:20,12/16/2024 9:55,UpdateDate,0,0,,,,B_NO_TABLEAU_CONSUMER,
BI_DB_dbo.SP_M_Snapshot_CID_LifeStageDefinition,BI_DB_dbo.BI_DB_Snapshot_CID_LifeStageDefinition,Monthly,SB_Daily,0,5/1/2026 6:42,12/27/2023 13:10,UpdateDate,0,0,,,,B_NO_TABLEAU_CONSUMER,
BI_DB_dbo.SP_Marketing_Cube,BI_DB_dbo.BI_DB_MarketingMonthlyRawData,Daily,SB_Daily,0,5/31/2026 6:33,5/20/2024 6:54,UpdateDate,9,31955,5/31/2026,0,Y,KEEP,
BI_DB_dbo.SP_Marketing_Cube,BI_DB_dbo.BI_DB_MarketingDailyRawData,Daily,SB_Daily,0,5/31/2026 6:32,5/20/2024 6:54,UpdateDate,4,31873,4/13/2026,48,Y,KEEP,
BI_DB_dbo.SP_MarketingCloudDaily,BI_DB_dbo.BI_DB_MarketingCloudDaily,Daily,SB_Daily,0,5/31/2026 11:34,5/27/2026 14:16,UpdateDate,0,0,,,,B_NO_TABLEAU_CONSUMER,keep
BI_DB_dbo.SP_Money_In_New_Management_Dashboard,BI_DB_dbo.BI_DB_Money_In_New_Management_Dashboard,Daily,SB_Daily,0,5/31/2026 5:14,12/2/2024 9:55,UpdateDate,8,1732,12/11/2025,171,,KEEP,
BI_DB_dbo.SP_Money_Out_New_Management_Dashboard,BI_DB_dbo.BI_DB_Money_Out_New_Management_Dashboard,Daily,SB_Daily,0,5/31/2026 5:13,1/24/2024 11:37,UpdateDate,7,1623,4/15/2026,46,,KEEP,
BI_DB_dbo.SP_Monthly_InterestPayment_Dashboard,BI_DB_dbo.BI_DB_Monthly_InterestPayment_Dashboard,Daily,SB_Daily,0,5/31/2026 5:42,7/28/2024 11:46,UpdateDate,0,0,,,,B_NO_TABLEAU_CONSUMER,
BI_DB_dbo.SP_NewBonusReport,BI_DB_dbo.BI_DB_NewBonusReport,Daily,SB_Daily,0,5/31/2026 6:48,11/18/2025 12:07,UpdateDate,9,96980,1/5/2026,146,Y,KEEP,
BI_DB_dbo.SP_NewContactActivityPerRep,BI_DB_dbo.BI_DB_NewContactsActivityPerRep,Daily,SB_Daily,0,5/31/2026 6:52,4/29/2021 15:59,UpdateDate,0,0,,,,B_NO_TABLEAU_CONSUMER,
BI_DB_dbo.SP_NonPI_HighAUM,BI_DB_dbo.BI_DB_NonPI_HighAUM,Daily,SB_Daily,0,5/31/2026 6:39,4/29/2021 15:59,UpdateDate,0,0,,,,B_NO_TABLEAU_CONSUMER,
BI_DB_dbo.SP_NonUS_Logins,BI_DB_dbo.BI_DB_NonUS_Logins,Daily,SB_Daily,0,5/31/2026 5:18,4/29/2021 15:59,UpdateDate,1,54,2/12/2024,839,,KEEP,
BI_DB_dbo.SP_Operations_Monthly_KPIs_FullData,BI_DB_dbo.BI_DB_Operations_Monthly_KPIs_Cashouts,Daily,SB_Daily,0,5/31/2026 7:47,12/2/2024 10:04,UpdateDate,10,5701,5/31/2026,0,,KEEP,
BI_DB_dbo.SP_Operations_Monthly_KPIs_FullData,BI_DB_dbo.BI_DB_Operations_Monthly_KPIs_Wires,Daily,SB_Daily,0,5/31/2026 7:47,12/2/2024 10:59,UpdateDate,8,2425,5/31/2026,0,,KEEP,
BI_DB_dbo.SP_Operations_Onboarding_Flow_UserKPIs,BI_DB_dbo.BI_DB_Operations_Onboarding_Flow_UserKPIs,Daily,SB_Daily,0,5/31/2026 7:58,7/6/2023 11:55,UpdateDate,6,4406,5/31/2026,0,Y,KEEP,
BI_DB_dbo.SP_OPS_Fraud_Alert_Analysis,BI_DB_dbo.BI_DB_OPS_Fraud_Alert_Analysis,Daily,SB_Daily,0,5/31/2026 7:33,6/29/2025 13:26,UpdateDate,0,0,,,,B_NO_TABLEAU_CONSUMER,
BI_DB_dbo.SP_OPS_HighCompensationsVsDeposits,BI_DB_dbo.BI_DB_OPS_HighCompensationsVsDeposits,Daily,SB_Daily,0,5/31/2026 5:35,11/17/2024 8:37,UpdateDate,1,881,4/23/2024,768,,KEEP,
BI_DB_dbo.SP_OPS_KYC_Verification,BI_DB_dbo.BI_DB_OPS_KYC_Verification,Daily,SB_Daily,0,5/31/2026 5:20,3/23/2025 13:59,UpdateDate,2,1124,5/31/2026,0,,KEEP,
BI_DB_dbo.SP_OPS_MastersAndSubAccounts_AlignmentMonitoringReport,BI_DB_dbo.BI_DB_OPS_MastersAndSubAccounts_AlignmentMonitoringReport,Daily,SB_Daily,0,5/31/2026 6:07,11/25/2025 9:02,UpdateDate,1,394,5/1/2026,30,,KEEP,
BI_DB_dbo.SP_OPS_MultipleAccounts,BI_DB_dbo.BI_DB_OPS_MultipleAccounts,Daily,SB_Daily,0,5/31/2026 5:15,4/28/2025 13:40,UpdateDate,2,1685,5/31/2026,0,Y,KEEP,
BI_DB_dbo.SP_OPS_VerificationLevel2Stuck,BI_DB_dbo.BI_DB_OPS_VerificationLevel2Stuck,Daily,SB_Daily,0,5/31/2026 5:40,11/17/2024 8:37,UpdateDate,4,1338,5/31/2026,0,,KEEP,
BI_DB_dbo.SP_OPS_VerificationPipeline_Level2,BI_DB_dbo.BI_DB_OPS_VerificationPipeline_OverLevel2,Daily,SB_Daily,0,5/31/2026 10:59,7/18/2023 15:00,UpdateDate,4,1531,5/31/2026,0,,KEEP,
BI_DB_dbo.SP_Payoneer_Revenue_Report,BI_DB_dbo.BI_DB_Payoneer_Revenue_Report,Daily,SB_Daily,0,11/1/3922 0:00,4/20/2023 13:31,UpdateDate,2,40,12/11/2025,171,,KEEP,
BI_DB_dbo.SP_PI_Affiliate,BI_DB_dbo.BI_DB_PI_Affiliate,Daily,SB_Daily,0,5/31/2026 6:39,3/24/2022 14:09,UpdateDate,0,0,,,,B_NO_TABLEAU_CONSUMER,
BI_DB_dbo.SP_PI_Gain,BI_DB_dbo.BI_DB_PI_Gain,Daily,SB_Daily,0,5/31/2026 7:42,3/21/2024 7:57,UpdateDate,2,2001,5/31/2026,0,,KEEP,
BI_DB_dbo.SP_PI_StatusPanel,BI_DB_dbo.BI_DB_PI_StatusPanel,Daily,SB_Daily,0,5/29/2026 5:03,5/10/2024 10:08,UpdateDate,0,0,,,,B_NO_TABLEAU_CONSUMER,
BI_DB_dbo.SP_Positions_Closed_To_IBAN,BI_DB_dbo.BI_DB_Positions_Closed_To_IBAN,Daily,SB_Daily,0,5/31/2026 5:13,3/29/2026 15:16,UpdateDate,20,35793,5/31/2026,0,Y,KEEP,
BI_DB_dbo.SP_Positions_Opened_From_IBAN,BI_DB_dbo.BI_DB_Positions_Opened_From_IBAN,Daily,SB_Daily,0,5/31/2026 5:13,4/12/2026 15:10,UpdateDate,20,35793,5/31/2026,0,Y,KEEP,
BI_DB_dbo.SP_ProfessionalCustomers,BI_DB_dbo.BI_DB_ProfessionalCustomersPending,Daily,SB_Daily,0,5/31/2026 5:14,4/29/2021 16:00,UpdateDate,3,1148,11/2/2024,575,,KEEP,
BI_DB_dbo.SP_ProfessionalCustomers,BI_DB_dbo.BI_DB_ProfessionalCustomers,Daily,SB_Daily,0,5/31/2026 5:14,4/29/2021 16:00,UpdateDate,3,1148,11/2/2024,575,,KEEP,
BI_DB_dbo.SP_ProfessionalCustomersDocuments,BI_DB_dbo.BI_DB_ProfessionalCustomersDocuments,Daily,SB_Daily,0,5/31/2026 5:14,12/27/2023 12:52,UpdateDate,0,0,,,,B_NO_TABLEAU_CONSUMER,
BI_DB_dbo.SP_Q_AML_EDD_US_Report,BI_DB_dbo.BI_DB_Q_AML_EDD_US_Report,Quarterly,SB_Daily,0,4/1/2026 5:47,9/1/2025 10:57,UpdateDate,0,0,,,,B_NO_TABLEAU_CONSUMER,
BI_DB_dbo.SP_Q_AML_FSA_Report,BI_DB_dbo.BI_DB_Q_AML_FSA_Report_end_Positions,Quarterly,SB_Daily,0,4/1/2026 5:43,12/10/2024 7:40,UpdateDate,1,466,2/2/2026,118,,KEEP,
BI_DB_dbo.SP_Q_AML_FSA_Report,BI_DB_dbo.BI_DB_Q_AML_FSA_Report_end_Market_Value,Quarterly,SB_Daily,0,4/1/2026 5:43,9/28/2025 8:27,UpdateDate,0,0,,,,B_NO_TABLEAU_CONSUMER,
BI_DB_dbo.SP_Q_AML_FSA_Report,BI_DB_dbo.BI_DB_Q_AML_FSA_Report_end,Quarterly,SB_Daily,0,4/1/2026 5:42,12/10/2024 7:39,UpdateDate,1,466,2/2/2026,118,,KEEP,
BI_DB_dbo.SP_Q_AML_FSA_Report,BI_DB_dbo.BI_DB_Q_AML_FSA_Report_start,Quarterly,SB_Daily,0,4/1/2026 5:42,12/10/2024 7:38,UpdateDate,0,0,,,,B_NO_TABLEAU_CONSUMER,
BI_DB_dbo.SP_QMMF_Report,BI_DB_dbo.BI_DB_QMMF_Report,Daily,SB_Daily,0,5/30/2026,1/4/2024 19:47,UpdateDate,2,1700,12/22/2025,160,,KEEP,
BI_DB_dbo.SP_QMMF_Report,BI_DB_dbo.BI_DB_QMMF_Report_Finance,Daily,SB_Daily,0,5/30/2026,11/14/2023 18:24,UpdateDate,4,2177,5/27/2026,4,,KEEP,
BI_DB_dbo.SP_QTFN_Report,BI_DB_dbo.BI_DB_QTFN_Report,Daily,SB_Daily,0,5/31/2026 5:15,12/22/2024 16:04,UpdateDate,0,0,,,,B_NO_TABLEAU_CONSUMER,
BI_DB_dbo.SP_RAF_InviteeAbuser,BI_DB_dbo.BI_DB_RAF_Invitees_KPIs,Daily,SB_Daily,0,5/31/2026 7:30,7/11/2023 12:12,UpdateDate,2,668,11/11/2025,201,Y,KEEP,
BI_DB_dbo.SP_RecurringInvestment_Positions,BI_DB_dbo.BI_DB_RecurringInvestment_Positions,Daily,SB_Daily,0,5/31/2026 7:41,5/24/2026 15:06,UpdateDate,2,353,5/31/2026,0,,KEEP,
BI_DB_dbo.SP_Revenue14DaysToBigQuery,BI_DB_dbo.BI_DB_Revenue14DaysToBigQuery,Daily,SB_Daily,0,5/31/2026 5:13,5/11/2023 13:59,UpdateDate,0,0,,,,B_NO_TABLEAU_CONSUMER,
BI_DB_dbo.SP_RevenueForum,BI_DB_dbo.BI_DB_RevenueForum,Daily,SB_Daily,0,5/31/2026 8:22,11/16/2025 11:56,UpdateDate,2,2984,5/31/2026,0,,KEEP,
BI_DB_dbo.SP_ReverseCO_Report,BI_DB_dbo.BI_DB_ReverseCoReport,Daily,SB_Daily,0,5/31/2026 5:15,11/17/2024 8:38,UpdateDate,0,0,,,,B_NO_TABLEAU_CONSUMER,
BI_DB_dbo.SP_Risk_PayPalDepositors,BI_DB_dbo.BI_DB_RiskPayPalDepositors,Daily,SB_Daily,0,5/31/2026 5:14,7/18/2023 14:24,UpdateDate,0,0,,,,B_NO_TABLEAU_CONSUMER,
BI_DB_dbo.SP_RiskAlertManagementTool,BI_DB_dbo.BI_DB_RiskAlertManagementTool,Daily,SB_Daily,0,5/31/2026 5:18,11/10/2025 14:33,UpdateDate,10,6960,5/31/2026,0,Y,KEEP,
BI_DB_dbo.SP_rsk_AgregatedRisk,BI_DB_dbo.BI_DB_Mirror_Assets_Allocation,Daily,SB_Daily,0,5/31/2026 6:41,7/12/2023 10:41,UpdateDate,1,1509,5/31/2026,0,,KEEP,
BI_DB_dbo.SP_rsk_AgregatedRisk,BI_DB_dbo.BI_DB_rsk_DailyRiskAgg,Daily,SB_Daily,0,5/31/2026 6:40,7/12/2023 10:43,UpdateDate,1,1509,5/31/2026,0,,KEEP,
BI_DB_dbo.SP_rsk_Portfolio,BI_DB_dbo.BI_DB_rsk_Portfolio,Daily,SB_Daily,0,5/31/2026 5:17,4/29/2021 16:02,UpdateDate,0,0,,,Y,B_FEEDER_KEEP,
BI_DB_dbo.SP_rsk_RiskCorelation_PIs,BI_DB_dbo.BI_DB_rsk_Risk_PI_Correl,Daily,SB_Daily,0,5/31/2026 6:42,4/29/2021 16:02,UpdateDate,1,1509,5/31/2026,0,,KEEP,
BI_DB_dbo.SP_rsk_RiskCorelation_PIs,BI_DB_dbo.BI_DB_rsk_Risk_PI_Stats,Daily,SB_Daily,0,5/31/2026 6:43,4/29/2021 16:02,UpdateDate,3,1909,5/31/2026,0,,KEEP,
BI_DB_dbo.SP_Stocks_HS125,BI_DB_dbo.BI_DB_Stocks_HS125,Daily,SB_Daily,0,5/31/2026 5:17,10/27/2024 7:32,UpdateDate,0,0,,,,B_NO_TABLEAU_CONSUMER,
BI_DB_dbo.SP_Stocks_HS125,BI_DB_dbo.BI_DB_Stocks_HS121_CIDs,Daily,SB_Daily,0,5/31/2026 5:17,12/17/2024 20:07,UpdateDate,0,0,,,,B_NO_TABLEAU_CONSUMER,
BI_DB_dbo.SP_Stocks_Opportunities,BI_DB_dbo.BI_DB_Stocks_Opportunities,Daily,SB_Daily,0,5/30/2026 5:22,4/29/2021 16:01,UpdateDate,1,802,4/13/2026,48,,KEEP,
BI_DB_dbo.SP_SuspiciousActivityTrading_Investing,BI_DB_dbo.BI_DB_SuspiciousActivityTrading_Investing,Daily,SB_Daily,0,5/31/2026 5:29,8/8/2023 13:30,UpdateDate,1,266,12/30/2025,152,,KEEP,
BI_DB_dbo.SP_Taboola,BI_DB_dbo.BI_DB_DailyTaboolaCombineAffwiz,Daily,SB_Daily,0,5/31/2026 5:26,2/9/2022 8:22,UpdateDate,1,0,4/9/2026,52,,B_NEVER_VIEWED,
BI_DB_dbo.SP_TanganyEOD_Recon,BI_DB_dbo.BI_DB_LiveAcquisitionDashboard,Daily,SB_Daily,0,5/31/2026 11:18,11/17/2024 8:38,UpdateDate,1,3979,6/3/2024,727,,KEEP,
BI_DB_dbo.SP_Tax_Compensation_for_1099,BI_DB_dbo.BI_DB_Tax_Compensation_for_1099,Daily,SB_Daily,0,5/31/2026 5:27,12/24/2024 13:02,UpdateDate,0,0,,,,B_NO_TABLEAU_CONSUMER,
BI_DB_dbo.SP_Tax_Compliance_W8_AND_TIN,BI_DB_dbo.BI_DB_Tax_Compliance_Trade_CFD_US_Stocks,Daily,SB_Daily,0,5/31/2026 5:21,4/29/2021 16:01,UpdateDate,1,101,2/14/2024,837,,KEEP,
BI_DB_dbo.SP_Tax_Compliance_W8_AND_TIN,BI_DB_dbo.BI_DB_Tax_Compliance_TIN,Daily,SB_Daily,0,5/31/2026,4/29/2021 16:01,UpdateDate,3,2511,2/11/2026,109,Y,KEEP,
BI_DB_dbo.SP_Tax_PTM_Levy_Report,BI_DB_dbo.BI_DB_PTM_Levy_Report,Daily,SB_Daily,0,5/30/2026,3/31/2024 9:40,UpdateDate,0,0,,,,B_NO_TABLEAU_CONSUMER,
BI_DB_dbo.SP_TaxReports,BI_DB_dbo.BI_DB_Tax_Reports_Status,Daily,SB_Daily,0,5/31/2026,2/21/2024 11:15,UpdateDate,0,0,,,,B_NO_TABLEAU_CONSUMER,
BI_DB_dbo.SP_TIN_Gap,BI_DB_dbo.BI_DB_TIN_Gap,Daily,SB_Daily,0,5/31/2026 5:43,9/9/2024 12:35,UpdateDate,5,1794,11/26/2025,186,Y,KEEP,
BI_DB_dbo.SP_TIN_Gap_Temp_pop,BI_DB_dbo.BI_DB_TIN_Gap_Temp_pop,Daily,SB_Daily,0,5/31/2026 5:41,7/14/2024 8:34,UpdateDate,2,482,11/26/2025,186,,KEEP,
BI_DB_dbo.SP_Trading_Failures_Risk,BI_DB_dbo.BI_DB_Trading_Failures_Risk,Daily,SB_Daily,0,5/31/2026 9:06,8/24/2025 7:10,UpdateDate,1,228,1/21/2025,495,,KEEP,
BI_DB_dbo.SP_Twitter,BI_DB_dbo.BI_DB_Twitter,Daily,SB_Daily,0,5/31/2026 6:34,6/6/2023 11:31,UpdateDate,0,0,,,,B_NO_TABLEAU_CONSUMER,
BI_DB_dbo.SP_Unsettled_Trades_Risk,BI_DB_dbo.BI_DB_Unsettled_Trades_Risk,Daily,SB_Daily,0,5/29/2026 5:33,9/11/2024 8:20,UpdateDate,0,0,,,,B_NO_TABLEAU_CONSUMER,
BI_DB_dbo.SP_US_Apex_Address_Change,BI_DB_dbo.BI_DB_US_Apex_Address_Change,Daily,SB_Daily,0,5/31/2026 5:17,3/29/2023 9:06,UpdateDate,0,0,,,,B_NO_TABLEAU_CONSUMER,
BI_DB_dbo.SP_US_Apex_Rejected_Accounts,BI_DB_dbo.BI_DB_US_Apex_Rejected_Accounts,Daily,SB_Daily,0,5/31/2026 5:17,11/17/2024 8:37,UpdateDate,2,70,5/31/2026,0,,KEEP,
BI_DB_dbo.SP_US_Apex_Stocks_Activity_Recon,BI_DB_dbo.BI_DB_US_Apex_Stocks_Activity_eToroDB,Daily,SB_Daily,0,5/30/2026 5:28,8/24/2023 17:54,UpdateDate,1,178,2/20/2024,831,,KEEP,
BI_DB_dbo.SP_US_Apex_Stocks_Activity_Recon,BI_DB_dbo.BI_DB_US_Apex_Stocks_Activity_Apex,Daily,SB_Daily,0,5/20/2026 6:15,8/24/2023 17:54,UpdateDate,1,178,2/20/2024,831,,KEEP,
BI_DB_dbo.SP_US_Apex_Transactions_Trading_Activity,BI_DB_dbo.BI_DB_US_Apex_Transactions_Trading_Activity,Daily,SB_Daily,0,5/30/2026 11:02,1/24/2024 11:33,UpdateDate,1,1240,3/26/2024,796,,KEEP,
BI_DB_dbo.SP_US_Citizens_Under_Non_US_Regulation,BI_DB_dbo.BI_DB_US_Citizens_Under_Non_US_Regulation,Daily,SB_Daily,0,5/31/2026 5:26,11/17/2024 7:39,UpdateDate,0,0,,,,B_NO_TABLEAU_CONSUMER,
BI_DB_dbo.SP_US_Compliance_Apex_Clients,BI_DB_dbo.BI_DB_US_Compliance_Apex_Clients,Daily,SB_Daily,0,5/31/2026 5:33,8/24/2023 18:02,UpdateDate,1,137,2/1/2026,119,,KEEP,
BI_DB_dbo.SP_US_Compliance_Apex_Clients,BI_DB_dbo.BI_DB_US_Compliance_Apex_Clients_Crypto_Stocks,Daily,SB_Daily,0,5/31/2026 5:34,8/24/2023 18:02,UpdateDate,0,0,,,,B_NO_TABLEAU_CONSUMER,
BI_DB_dbo.SP_US_Customer_Acount_Reconcilation,BI_DB_dbo.BI_DB_US_Customer_Acount_Reconcilation,Daily,SB_Daily,0,5/31/2026 5:17,8/24/2023 17:59,UpdateDate,0,0,,,,B_NO_TABLEAU_CONSUMER,
BI_DB_dbo.SP_US_Daily_Crypto,BI_DB_dbo.BI_DB_FSRA_Weekly_Report,Daily,SB_Daily,0,5/27/2026,12/2/2024 9:55,UpdateDate,0,0,,,,B_NO_TABLEAU_CONSUMER,
BI_DB_dbo.SP_US_Mailing_Address_Non_US_Regulation,BI_DB_dbo.BI_DB_US_Mailing_Address_Non_US_Regulation,Daily,SB_Daily,0,5/30/2026 8:26,11/12/2024 14:55,UpdateDate,1,529,11/20/2024,557,,KEEP,
BI_DB_dbo.SP_US_Mailing_Address_Non_US_Regulation,BI_DB_dbo.BI_DB_US_Mailing_Address_Non_US_Regulation_Email,Daily,SB_Daily,0,5/30/2026 0:00,11/12/2024 14:55,UpdateDate,0,0,,,,B_NO_TABLEAU_CONSUMER,
BI_DB_dbo.SP_US_Popular_Investor,BI_DB_dbo.BI_DB_US_Popular_Investor,Daily,SB_Daily,0,5/31/2026,12/14/2023 10:13,UpdateDate,0,0,,,,B_NO_TABLEAU_CONSUMER,
BI_DB_dbo.SP_US_Stocks_Transactions_Per_Time_Unit,BI_DB_dbo.BI_DB_US_Stocks_Transactions_Per_Time_Unit,Daily,SB_Daily,0,5/31/2026 5:17,8/24/2023 17:49,UpdateDate,0,0,,,,B_NO_TABLEAU_CONSUMER,
BI_DB_dbo.SP_USA_FinanceReport_forTax,BI_DB_dbo.BI_DB_USA_FinanceReport_forTax_CreditID,Daily,SB_Daily,0,5/30/2026 5:30,8/6/2023 18:12,UpdateDate,1,401,2/20/2024,831,,KEEP,
BI_DB_dbo.SP_USA_FinanceReport_forTax,BI_DB_dbo.BI_DB_USA_FinanceReport_forTax,Daily,SB_Daily,0,5/30/2026 5:29,7/6/2022 9:23,UpdateDate,2,602,4/13/2026,48,Y,KEEP,
BI_DB_dbo.SP_UsersEngagement,BI_DB_dbo.BI_DB_UsersEngagement,Daily,SB_Daily,0,5/31/2026 7:32,7/16/2024 13:08,UpdateDate,0,0,,,,B_NO_TABLEAU_CONSUMER,
BI_DB_dbo.SP_VAT_Transaction,BI_DB_dbo.BI_DB_VAT_Transactions,Daily,SB_Daily,0,5/31/2026 5:17,7/20/2023 14:14,UpdateDate,0,0,,,,B_NO_TABLEAU_CONSUMER,
BI_DB_dbo.SP_Vulnerable_Customers,BI_DB_dbo.BI_DB_Vulnerable_Customers,Daily,SB_Daily,0,5/31/2026 5:35,11/17/2024 8:37,UpdateDate,3,580,4/14/2026,47,,KEEP,
BI_DB_dbo.SP_W_AML_PEP_Customers,BI_DB_dbo.BI_DB_W_AML_PEP_Customers,Daily,SB_Daily,0,5/31/2026 5:17,5/27/2025 15:08,UpdateDate,0,0,,,,B_NO_TABLEAU_CONSUMER,
BI_DB_dbo.SP_W_AML_PEP_Customers,BI_DB_dbo.BI_DB_W_AML_PEP_Customers_Trun,Daily,SB_Daily,0,5/31/2026 5:17,5/27/2025 15:08,UpdateDate,0,0,,,,B_NO_TABLEAU_CONSUMER,
BI_DB_dbo.SP_W_AML_PEP_Customers,BI_DB_dbo.BI_DB_AML_Documents_Request,Daily,SB_Daily,0,5/31/2026 5:11,1/19/2025 15:45,UpdateDate,1,115,2/1/2026,119,Y,KEEP,
BI_DB_dbo.SP_W_Compliance_Vulnerability_Detection,BI_DB_dbo.BI_DB_Vulnerability_Positions,Daily,SB_Daily,0,5/31/2026 7:31,10/26/2025 16:31,UpdateDate,0,0,,,,B_NO_TABLEAU_CONSUMER,
BI_DB_dbo.SP_W_Compliance_Vulnerability_Detection,BI_DB_dbo.BI_DB_Vulnerability_CanceledWithdrawals,Daily,SB_Daily,0,5/31/2026 7:32,3/17/2024 7:12,UpdateDate,0,0,,,,B_NO_TABLEAU_CONSUMER,
BI_DB_dbo.SP_W_Compliance_Vulnerability_Detection,BI_DB_dbo.BI_DB_Vulnerability_LifetimeMetrics,Daily,SB_Daily,0,5/31/2026 7:37,5/24/2026 15:06,UpdateDate,0,0,,,,B_NO_TABLEAU_CONSUMER,
BI_DB_dbo.SP_W_Mon_Compliance_CDIM_Report  ,BI_DB_dbo.BI_DB_W_Mon_Compliance_CDIM_Report,Weekly Monday,SB_Daily,0,5/25/2026 5:21,3/2/2025 18:52,UpdateDate,0,0,,,,B_NO_TABLEAU_CONSUMER,
BI_DB_dbo.SP_W_Mon_Staking_Email_for_Marcin,BI_DB_dbo.BI_DB_Staking_Email_For_Marcin,Weekly Monday,SB_Daily,0,5/25/2026,6/27/2024 15:41,UpdateDate,0,0,,,,B_NO_TABLEAU_CONSUMER,
BI_DB_dbo.SP_W_Tue_Email_for_KYT,BI_DB_dbo.BI_DB_W_Tue_Email_for_KYT,Weekly Tuesday,SB_Daily,0,5/26/2026 7:35,7/24/2024 18:06,UpdateDate,0,0,,,,B_NO_TABLEAU_CONSUMER,
BI_DB_dbo.SP_W_Wed_BI_DB_FSRA_Weekly_Report,BI_DB_dbo.BI_DB_FSRA_Weekly_Report,Weekly Wednesday,SB_Daily,0,5/27/2026,12/2/2024 9:55,UpdateDate,0,0,,,,B_NO_TABLEAU_CONSUMER,
BI_DB_dbo.SP_W_Wed_Compliance_Vulnerability,BI_DB_dbo.BI_DB_W_Wed_Compliance_Vulnerability_ALL,Weekly Wednesday,SB_Daily,0,5/27/2026 5:34,8/5/2024 8:43,UpdateDate,0,0,,,,B_NO_TABLEAU_CONSUMER,
BI_DB_dbo.SP_Watchlist_Tracking,BI_DB_dbo.BI_DB_Watchlist_Tracking_Item_Level,Daily,SB_Daily,0,5/31/2026 7:49,12/2/2024 10:04,UpdateDate,0,0,,,,B_NO_TABLEAU_CONSUMER,
BI_DB_dbo.SP_Watchlist_Tracking,BI_DB_dbo.BI_DB_Watchlist_Tracking_High_Level,Daily,SB_Daily,0,5/31/2026 7:49,4/29/2021 16:02,UpdateDate,0,0,,,,B_NO_TABLEAU_CONSUMER,
BI_DB_dbo.SP_WatchListsByFunnel,BI_DB_dbo.BI_DB_WatchListsByFunnel,Daily,SB_Daily,0,5/31/2026 6:13,12/2/2024 9:55,UpdateDate,0,0,,,Y,B_FEEDER_KEEP,
BI_DB_dbo.SP_WeeklyCopyBlock,BI_DB_dbo.BI_DB_WeeklyCopyBlock,Daily,SB_Daily,0,5/31/2026 6:46,4/29/2021 16:02,UpdateDate,0,0,,,,B_NO_TABLEAU_CONSUMER,
BI_DB_dbo.SP_Wires_PIP_Calculation_Report,BI_DB_dbo.BI_DB_Wire_PIP_Report,Daily,SB_Daily,0,5/31/2026,12/3/2024 12:07,UpdateDate,2,400,4/14/2026,47,,KEEP,
Dealing_dbo.SP_AbuseAPI,Dealing_dbo.Dealing_AbuseAPI,Daily,SB_Daily,0,5/31/2026 6:22,12/24/2023 8:42,UpdateDate,0,0,,,,B_NO_TABLEAU_CONSUMER,
Dealing_dbo.SP_AbusersCIDs,Dealing_dbo.Dealing_AbusersCIDs,Daily,SB_Daily,0,5/31/2026 6:20,7/25/2023 13:37,UpdateDate,0,0,,,,B_NO_TABLEAU_CONSUMER,
Dealing_dbo.SP_Apex_Recon,Dealing_dbo.Dealing_ApexRecon_Hedging,Daily,SB_Daily,0,5/30/2026 12:03,8/17/2023 9:22,UpdateDate,0,0,,,,B_NO_TABLEAU_CONSUMER,
Dealing_dbo.SP_Apex_Recon,Dealing_dbo.Dealing_ApexRecon_TradeActivity,Daily,SB_Daily,0,5/30/2026 12:03,2/14/2024 12:31,UpdateDate,0,0,,,,B_NO_TABLEAU_CONSUMER,
Dealing_dbo.SP_BNY_VIRTU_Recon,Dealing_dbo.Dealing_BNY_VIRTU_ReconEODHolding,Daily,SB_Daily,0,5/30/2026 12:04,12/1/2024 12:55,UpdateDate,0,0,,,,B_NO_TABLEAU_CONSUMER,
Dealing_dbo.SP_BNY_VIRTU_Recon,Dealing_dbo.Dealing_BNY_VIRTU_ReconTrades,Daily,SB_Daily,0,5/30/2026 12:04,12/1/2024 12:55,UpdateDate,0,0,,,,B_NO_TABLEAU_CONSUMER,
Dealing_dbo.SP_CapitalGuarantee,Dealing_dbo.Dealing_CapitalGuarantee,Daily,SB_Daily,0,5/31/2026 6:22,10/4/2023 10:07,UpdateDate,0,0,,,,B_NO_TABLEAU_CONSUMER,
Dealing_dbo.SP_CEP_ExecutionMonitoring,Dealing_dbo.Dealing_CEP_ExecutionMonitoring,Daily,SB_Daily,0,5/31/2026 6:22,8/13/2025 11:24,UpdateDate,3,1167,4/5/2026,56,,KEEP,
Dealing_dbo.SP_CEPDailyAudit,Dealing_dbo.Dealing_CEPDailyAudit_Rules,Daily,SB_Daily,0,5/29/2026 6:54,12/13/2023 14:24,UpdateDate,0,0,,,,B_NO_TABLEAU_CONSUMER,
Dealing_dbo.SP_CEPDailyAudit,Dealing_dbo.Dealing_CEPDailyAudit_NameLists,Daily,SB_Daily,0,4/18/2026 6:59,12/13/2023 14:24,UpdateDate,0,0,,,,B_NO_TABLEAU_CONSUMER,
Dealing_dbo.SP_CEPDailyAudit,Dealing_dbo.Dealing_CEPDailyAudit_CP,Daily,SB_Daily,0,5/29/2026 6:55,12/13/2023 14:25,UpdateDate,0,0,,,,B_NO_TABLEAU_CONSUMER,
Dealing_dbo.SP_CEPDailyAudit,Dealing_dbo.Dealing_CEPDailyAudit_CPToRule,Daily,SB_Daily,0,5/30/2026 6:54,12/13/2023 14:25,UpdateDate,0,0,,,,B_NO_TABLEAU_CONSUMER,
Dealing_dbo.SP_CEPDailyAudit,Dealing_dbo.Dealing_CEPDailyAudit_ConditionToCP,Daily,SB_Daily,0,5/29/2026 6:55,12/13/2023 14:25,UpdateDate,0,0,,,,B_NO_TABLEAU_CONSUMER,
Dealing_dbo.SP_CEPDailyAudit,Dealing_dbo.Dealing_CEPDailyAudit_ListCIDMapping,Daily,SB_Daily,0,4/18/2026 7:00,12/13/2023 14:25,UpdateDate,0,0,,,,B_NO_TABLEAU_CONSUMER,
Dealing_dbo.SP_CEPDailyAudit,Dealing_dbo.Dealing_CEPDailyAudit_Conditions,Daily,SB_Daily,0,5/29/2026 6:55,12/13/2023 14:25,UpdateDate,0,0,,,,B_NO_TABLEAU_CONSUMER,
Dealing_dbo.SP_CEPDailyAudit_Emails,Dealing_dbo.V_Dealing_CEPDailyAudit_Rules_Last180Days,Daily,SB_Daily,0,5/29/2026 6:54,7/2/2025 11:18,UpdateDate,0,0,,,,B_NO_TABLEAU_CONSUMER,
Dealing_dbo.SP_CEPDailyAudit_Emails,Dealing_dbo.V_Dealing_CEPDailyAudit_Conditions_Last180Days,Daily,SB_Daily,0,5/29/2026 6:55,7/2/2025 11:22,UpdateDate,0,0,,,,B_NO_TABLEAU_CONSUMER,
Dealing_dbo.SP_CEPDailyAudit_Emails,Dealing_dbo.V_Dealing_CEPDailyAudit_CP_Last180Days,Daily,SB_Daily,0,5/29/2026 6:55,7/2/2025 11:21,UpdateDate,0,0,,,,B_NO_TABLEAU_CONSUMER,
Dealing_dbo.SP_Clicks_OpenClose_Breakdown,Dealing_dbo.Dealing_Clicks_OpenClose_Breakdown,Daily,SB_Daily,0,5/31/2026 6:31,5/24/2026 14:58,UpdateDate,1,164,4/1/2025,425,,KEEP,
Dealing_dbo.SP_ClientCountry,Dealing_dbo.Dealing_ClientCountry,Daily,SB_Daily,0,5/31/2026 6:22,9/4/2023 9:05,UpdateDate,0,0,,,,B_NO_TABLEAU_CONSUMER,
Dealing_dbo.SP_ClientCountry,Dealing_dbo.Dealing_ClientCountry_Reg,Daily,SB_Daily,0,5/31/2026 6:22,9/4/2023 9:05,UpdateDate,0,0,,,,B_NO_TABLEAU_CONSUMER,
Dealing_dbo.SP_CloseOnly_Recon,Dealing_dbo.Dealing_CloseOnly_Recon,Daily,SB_Daily,0,5/30/2026 6:37,7/30/2024 13:14,UpdateDate,0,0,,,,B_NO_TABLEAU_CONSUMER,
Dealing_dbo.SP_CommissionsAndFails_PerCID,Dealing_dbo.Dealing_FailReasons,Daily,SB_Daily,0,5/31/2026 6:31,12/19/2023 14:57,UpdateDate,0,0,,,,B_NO_TABLEAU_CONSUMER,
Dealing_dbo.SP_CommissionsAndFails_PerCID,Dealing_dbo.Dealing_FailReasons_PIs,Daily,SB_Daily,0,5/31/2026 6:31,12/19/2023 14:57,UpdateDate,0,0,,,,B_NO_TABLEAU_CONSUMER,
Dealing_dbo.SP_CommissionsAndFails_PerCID,Dealing_dbo.Dealing_CIDs_CommissionsAndFails_PIs,Daily,SB_Daily,0,5/31/2026 6:31,12/19/2023 14:57,UpdateDate,0,0,,,,B_NO_TABLEAU_CONSUMER,
Dealing_dbo.SP_CommissionsAndFails_PerCID,Dealing_dbo.Dealing_CIDs_CommissionsAndFails,Daily,SB_Daily,0,5/31/2026 6:31,1/16/2024 17:59,UpdateDate,0,0,,,,B_NO_TABLEAU_CONSUMER,
Dealing_dbo.SP_CommissionsAndFails_PerCID,Dealing_dbo.Dealing_FailReasons_Top20_PIs,Daily,SB_Daily,0,5/31/2026 6:31,12/19/2023 14:58,UpdateDate,0,0,,,,B_NO_TABLEAU_CONSUMER,
Dealing_dbo.SP_CommissionsAndFails_PerCID,Dealing_dbo.Dealing_FailReasons_Top20,Daily,SB_Daily,0,5/31/2026 6:31,12/19/2023 14:57,UpdateDate,0,0,,,,B_NO_TABLEAU_CONSUMER,
Dealing_dbo.SP_CommissionsAndFails_PerCID,Dealing_dbo.Dealing_PlayerLevel_Fails,Daily,SB_Daily,0,5/31/2026 6:31,12/19/2023 14:58,UpdateDate,0,0,,,,B_NO_TABLEAU_CONSUMER,
Dealing_dbo.SP_CommissionsAndFails_PerCID,Dealing_dbo.Dealing_PlayerLevel_Data_PIs,Daily,SB_Daily,0,5/31/2026 6:31,12/19/2023 14:58,UpdateDate,0,0,,,,B_NO_TABLEAU_CONSUMER,
Dealing_dbo.SP_CommissionsAndFails_PerCID,Dealing_dbo.Dealing_PlayerLevel_Data,Daily,SB_Daily,0,5/31/2026 6:31,12/19/2023 14:58,UpdateDate,0,0,,,,B_NO_TABLEAU_CONSUMER,
Dealing_dbo.SP_CommissionsAndFails_PerCID,Dealing_dbo.Dealing_PlayerLevel_Fails_PIs,Daily,SB_Daily,0,5/31/2026 6:31,12/19/2023 14:58,UpdateDate,0,0,,,,B_NO_TABLEAU_CONSUMER,
Dealing_dbo.SP_CopierAnalysis,Dealing_dbo.Dealing_CopierAnalysis,Daily,SB_Daily,0,5/31/2026 7:01,1/24/2024 10:29,UpdateDate,1,2502,5/31/2026,0,,KEEP,
Dealing_dbo.SP_DailySpread_ModeFrequency,Dealing_dbo.Dealing_DailySpread_ModeFrequency,Daily,SB_Daily,0,5/31/2026 6:32,3/12/2024 15:04,UpdateDate,0,0,,,,B_NO_TABLEAU_CONSUMER,
Dealing_dbo.SP_DailyVariableSpread,Dealing_dbo.Dealing_DailyVariableSpread,Daily,SB_Daily,0,5/31/2026 6:21,12/18/2023 18:54,UpdateDate,0,0,,,,B_NO_TABLEAU_CONSUMER,
Dealing_dbo.SP_DailyZeroPnL_Stocks,Dealing_dbo.Dealing_DailyZeroPnL_Stocks,Daily,SB_Daily,0,5/31/2026 6:29,2/6/2024 15:51,UpdateDate,0,0,,,Y,B_FEEDER_KEEP,
Dealing_dbo.SP_DataForDuco,Dealing_dbo.Dealing_Duco_EODRecon,Daily,SB_Daily,0,5/30/2026 6:28,9/11/2024 8:51,UpdateDate,2,5558,8/19/2025,285,Y,KEEP,
Dealing_dbo.SP_DataForDuco,Dealing_dbo.Dealing_Duco_ActivityRecon,Daily,SB_Daily,0,5/30/2026 6:28,9/11/2024 8:51,UpdateDate,1,5233,8/19/2025,285,Y,KEEP,
Dealing_dbo.SP_Employees_Report,Dealing_dbo.Dealing_Employees_Report,Daily,SB_Daily,0,5/31/2026 6:27,7/15/2024 7:03,UpdateDate,0,0,,,,B_NO_TABLEAU_CONSUMER,
Dealing_dbo.SP_EquityFees,Dealing_dbo.Dealing_EquityFees,Daily,SB_Daily,0,5/29/2026 7:56,1/18/2024 17:02,UpdateDate,0,0,,,,B_NO_TABLEAU_CONSUMER,
Dealing_dbo.SP_ESMANetLoss,Dealing_dbo.Dealing_ESMANetLoss,Daily,SB_Daily,0,5/31/2026 6:22,7/23/2023 12:55,UpdateDate,1,31,1/16/2026,135,,KEEP,
Dealing_dbo.SP_FactSet_Dependency_Status,Dealing_staging.Dealing_FactSet_Dependency_Status,Daily,SB_Daily,0,,5/31/2026 6:46,modify_date,0,0,,,,B_NO_TABLEAU_CONSUMER,
Dealing_dbo.SP_Fails_PI,Dealing_dbo.Dealing_Fails_PI,Daily,SB_Daily,0,5/31/2026 6:21,2/4/2024 7:30,UpdateDate,2,25,11/20/2024,557,,KEEP,
Dealing_dbo.SP_HedgeCost,Dealing_dbo.Dealing_HedgeCost,Daily,SB_Daily,0,5/31/2026 6:38,7/23/2023 10:48,UpdateDate,0,0,,,,B_NO_TABLEAU_CONSUMER,
Dealing_dbo.SP_Holdings_RealStocks,Dealing_dbo.Dealing_Holdings_RealStocks,Daily,SB_Daily,0,5/31/2026 6:21,11/16/2023 12:33,UpdateDate,0,0,,,,B_NO_TABLEAU_CONSUMER,
Dealing_dbo.SP_IB_Recon,Dealing_dbo.Dealing_IBRecon_EODHoldings,Daily,SB_Daily,0,5/29/2026 8:51,11/21/2023 11:56,UpdateDate,6,13389,5/29/2026,2,,KEEP,
Dealing_dbo.SP_IGRecon,Dealing_dbo.Dealing_IGReconTrades,Daily,SB_Daily,0,5/30/2026 6:39,1/1/2024 16:28,UpdateDate,0,0,,,,B_NO_TABLEAU_CONSUMER,
Dealing_dbo.SP_IGRecon,Dealing_dbo.Dealing_IGReconEODHolding,Daily,SB_Daily,0,5/30/2026 6:39,1/1/2024 16:28,UpdateDate,0,0,,,,B_NO_TABLEAU_CONSUMER,
Dealing_dbo.SP_IntraHourCommodityReport,Dealing_dbo.Dealing_CommoditiesIntraHour_Clients,Daily,SB_Daily,0,5/31/2026 6:42,11/9/2023 13:57,UpdateDate,1,721,1/31/2024,851,,KEEP,
Dealing_dbo.SP_IntraHourCommodityReport,Dealing_dbo.Dealing_CommoditiesIntraHour_Etoro,Daily,SB_Daily,0,5/31/2026 6:42,11/9/2023 13:57,UpdateDate,1,721,1/31/2024,851,,KEEP,
Dealing_dbo.SP_Islamic_Administrative_Fee,Dealing_dbo.Dealing_Islamic_Daily_Administrative_Fee,Daily,SB_Daily,0,5/31/2026 6:22,3/28/2024 15:49,UpdateDate,0,0,,,,B_NO_TABLEAU_CONSUMER,
Dealing_dbo.SP_Islamic_Spot_Price_Adjustment,Dealing_dbo.Dealing_Islamic_Daily_Spot_Price_Adjustment,Daily,SB_Daily,0,5/29/2026 11:32,5/26/2024 9:07,UpdateDate,0,0,,,,B_NO_TABLEAU_CONSUMER,
Dealing_dbo.SP_JPMRecon,Dealing_dbo.Dealing_PriceLocks,Daily,SB_Daily,0,5/31/2026 6:34,4/2/2024 12:15,UpdateDate,0,0,,,,B_NO_TABLEAU_CONSUMER,
Dealing_dbo.SP_Latency_SuspiciousCIDs,Dealing_dbo.Dealing_Latency_SuspiciousCIDs,Daily,SB_Daily,0,5/31/2026 6:30,7/17/2023 6:16,UpdateDate,0,0,,,,B_NO_TABLEAU_CONSUMER,
Dealing_dbo.SP_M_CME_Reporting,Dealing_dbo.Dealing_CME_Reporting,Monthly,SB_Daily,0,5/1/2026 6:17,1/29/2024 9:22,UpdateDate,0,0,,,,B_NO_TABLEAU_CONSUMER,
Dealing_dbo.SP_ManipulationReport_RealStocks,Dealing_dbo.Dealing_ManipulationReport_RealStocks_CID,Daily,SB_Daily,0,5/30/2026 6:28,3/27/2024 8:40,UpdateDate,0,0,,,,B_NO_TABLEAU_CONSUMER,
Dealing_dbo.SP_Manual_Exec_Trade,Dealing_dbo.Dealing_Manual_Exec_Trade,Daily,SB_Daily,0,5/30/2026 6:40,11/22/2023 14:19,UpdateDate,1,518,11/29/2023,914,,KEEP,
Dealing_dbo.SP_Manual_Exec_Trade,Dealing_dbo.Dealing_Manual_Exec_Trade_Summary,Daily,SB_Daily,0,5/30/2026 6:40,11/22/2023 14:20,UpdateDate,0,0,,,,B_NO_TABLEAU_CONSUMER,
Dealing_dbo.SP_ManualPositionClose,Dealing_dbo.Dealing_ManualPositionClose,Daily,SB_Daily,0,5/30/2026 6:33,12/18/2023 12:23,UpdateDate,0,0,,,,B_NO_TABLEAU_CONSUMER,
Dealing_dbo.SP_Marex_Recon,Dealing_dbo.Dealing_Marex_Recon_EODHoldings,Daily,SB_Daily,0,5/30/2026 7:04,4/18/2024 10:35,UpdateDate,0,0,,,,B_NO_TABLEAU_CONSUMER,
Dealing_dbo.SP_Marex_Recon,Dealing_dbo.Dealing_Marex_Recon_EODHoldings_Futures,Daily,SB_Daily,0,5/30/2026 7:04,10/23/2025 18:17,UpdateDate,0,0,,,,B_NO_TABLEAU_CONSUMER,
Dealing_dbo.SP_Market_Manipulation_OutstandingsharesHigherthan005,Dealing_dbo.Dealing_Market_Manipulation_OutstandingsharesHigherthan005_Email,Daily,SB_Daily,0,5/31/2026 6:22,4/1/2024 6:15,UpdateDate,0,0,,,,B_NO_TABLEAU_CONSUMER,
Dealing_dbo.SP_Market_Manipulation_OutstandingsharesHigherthan005,Dealing_dbo.Dealing_Market_Manipulation_OutstandingsharesHigherthan005,Daily,SB_Daily,0,5/31/2026 6:22,4/1/2024 6:15,UpdateDate,0,0,,,,B_NO_TABLEAU_CONSUMER,
Dealing_dbo.SP_Market_Manipulation_Report,Dealing_dbo.Dealing_Market_Manipulation_Report,Daily,SB_Daily,0,5/31/2026 6:52,2/13/2024 9:42,UpdateDate,0,0,,,,B_NO_TABLEAU_CONSUMER,
Dealing_dbo.SP_MarketMakerAllTrade,Dealing_dbo.Dealing_MarketMakerAllTrade,Daily,SB_Daily,0,5/30/2026 11:27,1/1/2024 16:05,UpdateDate,0,0,,,,B_NO_TABLEAU_CONSUMER,
Dealing_dbo.SP_MarketMakerBoundaries,Dealing_dbo.Dealing_MarketMakerBoundaries_Real,Daily,SB_Daily,0,5/31/2026 6:29,1/13/2026 8:21,UpdateDate,0,0,,,,B_NO_TABLEAU_CONSUMER,
Dealing_dbo.SP_MarketMakerBoundaries,Dealing_dbo.Dealing_MarketMakerBoundaries_CFD ,Daily,SB_Daily,0,5/31/2026 6:29,1/13/2026 8:20,UpdateDate,0,0,,,,B_NO_TABLEAU_CONSUMER,
Dealing_dbo.SP_MAXLeverageByNOP,Dealing_dbo.Dealing_MAXLeverageByNOP,Daily,SB_Daily,0,5/31/2026 6:21,12/12/2023 11:48,UpdateDate,0,0,,,,B_NO_TABLEAU_CONSUMER,
Dealing_dbo.SP_MaxNOPLimitSettings,Dealing_dbo.Dealing_MaxNOPLimitSettings,Daily,SB_Daily,0,5/31/2026 6:19,11/23/2023 8:34,UpdateDate,0,0,,,,B_NO_TABLEAU_CONSUMER,
Dealing_dbo.SP_MaxPositionUnits,Dealing_dbo.Dealing_MaxPositionUnits,Daily,SB_Daily,0,5/31/2026 6:21,1/1/2024 12:14,UpdateDate,1,255,3/12/2026,80,,KEEP,
Dealing_dbo.SP_MCS_Model_Report,Dealing_dbo.Dealing_MCS_Model_Report,Daily,SB_Daily,0,5/31/2026 6:18,4/3/2024 12:23,UpdateDate,0,0,,,,B_NO_TABLEAU_CONSUMER,
Dealing_dbo.SP_Monitoring_ADV,Dealing_dbo.Dealing_Monitoring_ADV,Daily,SB_Daily,0,5/31/2026 6:26,5/4/2026 8:49,UpdateDate,0,0,,,,B_NO_TABLEAU_CONSUMER,
Dealing_dbo.SP_Monitoring_ADV,Dealing_dbo.Dealing_Monitoring_ADV_MoreThanPercent,Daily,SB_Daily,0,5/30/2026 6:44,2/20/2024 13:55,UpdateDate,0,0,,,,B_NO_TABLEAU_CONSUMER,
Dealing_dbo.SP_NOP_Report,Dealing_dbo.Dealing_NOP_Report,Daily,SB_Daily,0,5/30/2026 15:03,3/17/2024 7:03,UpdateDate,0,0,,,,B_NO_TABLEAU_CONSUMER,
Dealing_dbo.SP_PDT,Dealing_dbo.Dealing_PDT,Daily,SB_Daily,0,5/31/2026 6:32,8/15/2023 8:17,UpdateDate,0,0,,,,B_NO_TABLEAU_CONSUMER,
Dealing_dbo.SP_PreviouslyIdentifiedAbusers,Dealing_dbo.Dealing_PreviouslyIdentifiedAbusers,Daily,SB_Daily,0,5/31/2026 6:21,4/2/2024 9:28,UpdateDate,0,0,,,,B_NO_TABLEAU_CONSUMER,
Dealing_dbo.SP_PreviouslyIdentifiedAbusers,Dealing_dbo.Dealing_PreviouslyIdentifiedAbusers_Email,Daily,SB_Daily,0,5/31/2026 6:21,4/2/2024 9:28,UpdateDate,0,0,,,,B_NO_TABLEAU_CONSUMER,
Dealing_dbo.SP_PriceLocks,Dealing_dbo.Dealing_PriceLocks,Daily,SB_Daily,0,5/31/2026 6:34,4/2/2024 12:15,UpdateDate,0,0,,,,B_NO_TABLEAU_CONSUMER,
Dealing_dbo.SP_Rev_Assurance,Dealing_dbo.Dealing_Commission_Assurance_By_Position,Daily,SB_Daily,0,5/31/2026 6:29,5/24/2026 14:58,UpdateDate,0,0,,,,B_NO_TABLEAU_CONSUMER,
Dealing_dbo.SP_Rev_Assurance,Dealing_dbo.Dealing_Rollover_Assurance,Daily,SB_Daily,0,5/31/2026 6:32,5/17/2026 14:55,UpdateDate,1,431,11/28/2023,915,,KEEP,
Dealing_dbo.SP_Rev_Assurance,Dealing_dbo.Dealing_Commission_Assurance,Daily,SB_Daily,0,5/31/2026 6:21,11/26/2023 12:37,UpdateDate,0,0,,,,B_NO_TABLEAU_CONSUMER,
Dealing_dbo.SP_Run_NOP_Report,Dealing_dbo.Dealing_NOP_Report,Daily,SB_Daily,0,5/30/2026 15:03,3/17/2024 7:03,UpdateDate,0,0,,,,B_NO_TABLEAU_CONSUMER,
Dealing_dbo.SP_Run_Recon,Dealing_dbo.Dealing_GSReconTrades,Daily,SB_Daily,0,5/30/2026 12:02,10/29/2024 7:02,UpdateDate,0,0,,,,B_NO_TABLEAU_CONSUMER,
Dealing_dbo.SP_Run_Recon,Dealing_dbo.Dealing_ApexRecon_Holdings,Daily,SB_Daily,0,5/30/2026 12:03,2/14/2024 12:26,UpdateDate,0,0,,,Y,B_FEEDER_KEEP,
Dealing_dbo.SP_Run_Recon,Dealing_dbo.Dealing_ApexRecon_TradeActivity,Daily,SB_Daily,0,5/30/2026 12:03,2/14/2024 12:31,UpdateDate,0,0,,,,B_NO_TABLEAU_CONSUMER,
Dealing_dbo.SP_Run_Recon,Dealing_dbo.Dealing_GSReconEODHolding,Daily,SB_Daily,0,5/30/2026 12:02,10/29/2024 7:01,UpdateDate,0,0,,,,B_NO_TABLEAU_CONSUMER,
Dealing_dbo.SP_SAXO_Recon,Dealing_dbo.Dealing_SAXORecon_EODHoldings,Daily,SB_Daily,0,5/30/2026 12:03,2/23/2025 10:44,UpdateDate,0,0,,,,B_NO_TABLEAU_CONSUMER,
Dealing_dbo.SP_SAXO_Recon,Dealing_dbo.Dealing_SAXORecon_Trades,Daily,SB_Daily,0,5/30/2026 12:04,2/23/2025 10:43,UpdateDate,0,0,,,,B_NO_TABLEAU_CONSUMER,
Dealing_dbo.SP_SAXO_Recon_FXnCommed,Dealing_dbo.Dealing_SaxoRecon_FXnCommed_EODHoldings,Daily,SB_Daily,0,5/30/2026 6:37,4/14/2024 8:03,UpdateDate,0,0,,,,B_NO_TABLEAU_CONSUMER,
Dealing_dbo.SP_SpreadsMST,Dealing_dbo.Dealing_SpreadsMST,Daily,SB_Daily,0,5/31/2026 6:29,8/3/2023 8:43,UpdateDate,0,0,,,,B_NO_TABLEAU_CONSUMER,
Dealing_dbo.SP_Staking,Dealing_dbo.Dealing_Staking_Summary,Daily,SB_Daily,0,5/4/2026 10:32,12/16/2024 11:53,UpdateDate,2,8925,5/4/2026,27,Y,KEEP,
Dealing_dbo.SP_Staking,Dealing_dbo.Dealing_Staking_Position,Daily,SB_Daily,0,5/4/2026 10:32,8/12/2024 10:57,UpdateDate,2,8925,5/4/2026,27,,KEEP,
Dealing_dbo.SP_Staking,Dealing_dbo.Dealing_Staking_Results,Daily,SB_Daily,0,5/6/2026 6:30,11/2/2023 13:04,UpdateDate,2,8925,5/4/2026,27,Y,KEEP,
Dealing_dbo.SP_Staking_DailyPool,Dealing_dbo.Dealing_Staking_DailyPool,Daily,SB_Daily,0,5/31/2026 6:31,11/28/2023 7:27,UpdateDate,0,0,,,,B_NO_TABLEAU_CONSUMER,
Dealing_dbo.SP_Staking_DailyPool_US,Dealing_dbo.Dealing_Staking_DailyPool_US,Daily,SB_Daily,0,5/31/2026 6:31,8/10/2025 8:09,UpdateDate,0,0,,,,B_NO_TABLEAU_CONSUMER,
Dealing_dbo.SP_Staking_Emails,Dealing_dbo.Dealing_Staking_Compensation,Daily,SB_Daily,0,5/6/2026 6:30,10/2/2023 10:56,UpdateDate,2,8925,5/4/2026,27,,KEEP,
Dealing_dbo.SP_Staking_Emails_US,Dealing_dbo.Dealing_Staking_Compensation_US,Daily,SB_Daily,0,5/6/2026 6:30,8/5/2025 9:37,UpdateDate,1,1012,5/5/2026,26,,KEEP,
Dealing_dbo.SP_Staking_Emails_US,Dealing_dbo.Dealing_Staking_Emails_US,Daily,SB_Daily,0,5/6/2026 6:30,11/10/2025 11:17,UpdateDate,0,0,,,,B_NO_TABLEAU_CONSUMER,
Dealing_dbo.SP_Staking_US,Dealing_dbo.Dealing_Staking_Results_US,Daily,SB_Daily,0,5/6/2026 6:30,3/8/2026 15:51,UpdateDate,1,1012,5/5/2026,26,Y,KEEP,
Dealing_dbo.SP_Staking_US,Dealing_dbo.Dealing_Staking_Summary_US,Daily,SB_Daily,0,5/4/2026 11:04,8/3/2025 10:57,UpdateDate,1,1012,5/5/2026,26,Y,KEEP,
Dealing_dbo.SP_Staking_US,Dealing_dbo.Dealing_Staking_Position_US,Daily,SB_Daily,0,5/4/2026 11:04,5/10/2026 15:01,UpdateDate,1,1012,5/5/2026,26,,KEEP,
Dealing_dbo.SP_Staking_US,Dealing_dbo.Dealing_Staking_Club_US,Daily,SB_Daily,0,5/4/2026 11:04,8/3/2025 10:57,UpdateDate,0,0,,,,B_NO_TABLEAU_CONSUMER,
Dealing_dbo.SP_StocksOverrideRateLog,Dealing_dbo.StocksOverrideRateLog,Daily,SB_Daily,0,5/31/2026 6:31,8/10/2023 9:36,UpdateDate,0,0,,,,B_NO_TABLEAU_CONSUMER,
Dealing_dbo.SP_SuspiciousActivityTrading_24H,Dealing_dbo.Dealing_SuspiciousActivityTrading_24H,Daily,SB_Daily,0,5/31/2026 6:22,3/26/2024 11:37,UpdateDate,0,0,,,,B_NO_TABLEAU_CONSUMER,
Dealing_dbo.SP_US_Stocks_SmartPortfolio,Dealing_dbo.Dealing_US_Stocks_SmartPortfolio,Daily,SB_Daily,0,5/31/2026 6:22,2/20/2024 11:46,UpdateDate,0,0,,,,B_NO_TABLEAU_CONSUMER,
Dealing_dbo.SP_Vision_Recon,Dealing_dbo.Dealing_VisionRecon_EODHoldings,Daily,SB_Daily,0,1/17/3922 0:00,11/14/2023 8:02,UpdateDate,0,0,,,,B_NO_TABLEAU_CONSUMER,
Dealing_dbo.SP_Vision_Recon,Dealing_dbo.Dealing_VisionRecon_Trades,Daily,SB_Daily,0,5/30/2026 6:46,11/14/2023 8:02,UpdateDate,0,0,,,,B_NO_TABLEAU_CONSUMER,
Dealing_dbo.SP_W_CEPWeeklyAudit,Dealing_dbo.Dealing_CEPWeeklyAudit_CP,Weekly Sunday,SB_Daily,0,5/31/2026 6:47,11/26/2023 15:15,UpdateDate,0,0,,,,B_NO_TABLEAU_CONSUMER,
Dealing_dbo.SP_W_CEPWeeklyAudit,Dealing_dbo.Dealing_CEPWeeklyAudit_CPToRule,Weekly Sunday,SB_Daily,0,5/31/2026 6:48,11/26/2023 15:15,UpdateDate,0,0,,,,B_NO_TABLEAU_CONSUMER,
Dealing_dbo.SP_W_CEPWeeklyAudit,Dealing_dbo.Dealing_CEPWeeklyAudit_Rules,Weekly Sunday,SB_Daily,0,5/31/2026 6:47,11/26/2023 15:15,UpdateDate,0,0,,,,B_NO_TABLEAU_CONSUMER,
Dealing_dbo.SP_W_CEPWeeklyAudit,Dealing_dbo.Dealing_CEPWeeklyAudit_NameLists,Weekly Sunday,SB_Daily,0,5/31/2026 6:48,11/26/2023 15:15,UpdateDate,0,0,,,,B_NO_TABLEAU_CONSUMER,
Dealing_dbo.SP_W_CEPWeeklyAudit,Dealing_dbo.Dealing_CEPWeeklyAudit_Conditions,Weekly Sunday,SB_Daily,0,5/31/2026 6:47,11/26/2023 15:15,UpdateDate,0,0,,,,B_NO_TABLEAU_CONSUMER,
Dealing_dbo.SP_W_CEPWeeklyAudit,Dealing_dbo.Dealing_CEPWeeklyAudit_ConditionToCP,Weekly Sunday,SB_Daily,0,5/31/2026 6:47,11/26/2023 15:15,UpdateDate,0,0,,,,B_NO_TABLEAU_CONSUMER,
Dealing_dbo.SP_W_CEPWeeklyAudit,Dealing_dbo.Dealing_CEPWeeklyAudit_ListCIDMapping,Weekly Sunday,SB_Daily,0,5/31/2026 6:48,11/26/2023 15:15,UpdateDate,0,0,,,,B_NO_TABLEAU_CONSUMER,
Dealing_dbo.SP_W_Sat_WeeklyClientData,Dealing_dbo.Dealing_ClientsDataChange_6Months,Weekly Saturday,SB_Daily,0,5/30/2026 6:56,4/3/2024 12:31,UpdateDate,1,1003,2/24/2025,461,,KEEP,
Dealing_dbo.SP_W_Sat_WeeklyClientData,Dealing_dbo.Dealing_ClientsDataChange_3Months,Weekly Saturday,SB_Daily,0,5/30/2026 6:56,4/3/2024 12:31,UpdateDate,1,1003,2/24/2025,461,,KEEP,
Dealing_dbo.SP_W_Sat_WeeklyClientData,Dealing_dbo.Dealing_ClientDataFinal,Weekly Saturday,SB_Daily,0,5/30/2026 6:56,4/3/2024 12:31,UpdateDate,1,1003,2/24/2025,461,,KEEP,
Dealing_dbo.SP_W_Sat_WeeklyClientData,Dealing_dbo.Dealing_ClientDataTop50,Weekly Saturday,SB_Daily,0,5/30/2026 6:55,4/3/2024 12:31,UpdateDate,1,1003,2/24/2025,461,,KEEP,
Dealing_dbo.SP_W_Sat_WeeklyClientData,Dealing_dbo.Dealing_ClientDataRecurring,Weekly Saturday,SB_Daily,0,5/30/2026 6:56,4/3/2024 12:31,UpdateDate,1,1003,2/24/2025,461,,KEEP,
Dealing_dbo.SP_IntraHourIndexReport,Dealing_dbo.Dealing_IndiciesIntraHour_Clients,Daily,SB_Daily,1,5/31/2026 5:36,5/1/2024 12:07,UpdateDate,1,595,5/5/2024,756,,KEEP,
Dealing_dbo.SP_IntraHourIndexReport,Dealing_dbo.Dealing_IndiciesIntraHour_Etoro,Daily,SB_Daily,1,5/31/2026 5:36,5/1/2024 12:07,UpdateDate,1,595,5/5/2024,756,,KEEP,
BI_DB_dbo.SP_CMR_Automation_Phase2_FinraGap,BI_DB_dbo.BI_DB_CMR_Phase2_FinraGap,Daily,SB_Daily,15,5/31/2026 4:36,5/20/2023 17:41,UpdateDate,0,0,,,,B_NO_TABLEAU_CONSUMER,keep
BI_DB_dbo.SP_CMR_Phase2_ClientBalance,BI_DB_dbo.BI_DB_CMR_Phase2_ClientBalance,Daily,SB_Daily,15,5/31/2026 4:38,3/21/2023 16:20,UpdateDate,0,0,,,,B_NO_TABLEAU_CONSUMER,keep
BI_DB_dbo.SP_CMR_Phase2_CycleGap,BI_DB_dbo.BI_DB_CMR_Phase2_CycleGap,Daily,SB_Daily,15,5/29/2026 4:32,5/20/2023 17:50,UpdateDate,0,0,,,,B_NO_TABLEAU_CONSUMER,keep
BI_DB_dbo.SP_CMR_Phase2_EU_Outliers,BI_DB_dbo.BI_DB_CMR_Phase2_EU_Outliers,Daily,SB_Daily,15,5/28/2026 4:32,5/20/2023 17:44,UpdateDate,0,0,,,,B_NO_TABLEAU_CONSUMER,keep
BI_DB_dbo.SP_CMR_Phase2_Finra_NonCash_Comps,BI_DB_dbo.BI_DB_CMR_Phase2_Finra_NonCash_Comps,Daily,SB_Daily,15,5/22/2026 4:41,11/17/2024 8:38,UpdateDate,0,0,,,,B_NO_TABLEAU_CONSUMER,keep
BI_DB_dbo.SP_CMR_Phase2_LiabilityDecomp,BI_DB_dbo.BI_DB_CMR_Phase2_LiabilityDecomp,Daily,SB_Daily,15,5/31/2026 4:37,5/20/2023 17:39,UpdateDate,0,0,,,,B_NO_TABLEAU_CONSUMER,keep
BI_DB_dbo.SP_CMR_Phase2_USA_CustomerBalance_ApexAdjusted,BI_DB_dbo.BI_DB_CMR_Phase2_USA_CustomerBalance_ApexAdjusted,Daily,SB_Daily,15,5/31/2026 4:36,5/20/2023 17:35,UpdateDate,0,0,,,,B_NO_TABLEAU_CONSUMER,keep
BI_DB_dbo.SP_AccountClosure,BI_DB_dbo.BI_DB_AccountClosure,Daily,SB_Daily,20,5/31/2026 7:09,6/28/2023 14:59,UpdateDate,0,0,,,,B_NO_TABLEAU_CONSUMER,
BI_DB_dbo.SP_Affiliate_Fraud_Loss,BI_DB_dbo.BI_DB_Affiliate_Fraud_Loss,Daily,SB_Daily,20,5/15/2026 4:55,11/17/2024 9:42,UpdateDate,2,3075,8/19/2025,285,,KEEP,
BI_DB_dbo.SP_AffiliateFTDsAndURLS,BI_DB_dbo.BI_DB_AffiliateFTDsAndURLS,Daily,SB_Daily,20,5/31/2026 5:01,3/2/2025 7:14,UpdateDate,1,790,5/31/2026,0,,KEEP,
BI_DB_dbo.SP_Affiliates_VerificationSLA,BI_DB_dbo.BI_DB_Affiliates_VerificationSLA,Daily,SB_Daily,20,5/31/2026 4:13,11/17/2024 8:35,UpdateDate,2,831,2/12/2024,839,,KEEP,
BI_DB_dbo.SP_AM_Contacted,BI_DB_dbo.BI_DB_AM_Contacted,Daily,SB_Daily,20,5/31/2026,3/22/2022 9:08,UpdateDate,0,0,,,,B_NO_TABLEAU_CONSUMER,
BI_DB_dbo.SP_AML_Documents_Dashboard,BI_DB_dbo.BI_DB_AML_Documents_Dashboard,Daily,SB_Daily,20,5/31/2026 4:16,6/1/2023 10:06,UpdateDate,0,0,,,,B_NO_TABLEAU_CONSUMER,
BI_DB_dbo.SP_AML_PlayerStatus_Changes,BI_DB_dbo.BI_DB_AML_PlayerStatus_Changes,Daily,SB_Daily,20,5/31/2026 4:03,5/14/2023 13:04,UpdateDate,10,3215,5/31/2026,0,Y,KEEP,
BI_DB_dbo.SP_AML_SAR_Report,BI_DB_dbo.BI_DB_AML_SAR_Report_FCA,Daily,SB_Daily,20,5/31/2026 5:35,7/25/2023 17:50,UpdateDate,0,0,,,,B_NO_TABLEAU_CONSUMER,
BI_DB_dbo.SP_AML_SubEntity_Categorization,BI_DB_dbo.BI_DB_AML_SubEntity_Categorization,Daily,SB_Daily,20,5/31/2026 4:08,1/1/2025 14:17,UpdateDate,2,1726,9/15/2025,258,Y,KEEP,
BI_DB_dbo.SP_ASIC_CreditLine_At_transfer,BI_DB_dbo.BI_DB_ASIC_CreditLine_At_transfer,Daily,SB_Daily,20,5/31/2026 4:02,5/9/2023 11:16,UpdateDate,0,0,,,,B_NO_TABLEAU_CONSUMER,
BI_DB_dbo.SP_ASIC_Monthly_Positions,BI_DB_dbo.BI_DB_ASIC_Monthly_Positions,Daily,SB_Daily,20,5/31/2026 4:07,4/29/2021 15:45,UpdateDate,0,0,,,,B_NO_TABLEAU_CONSUMER,
BI_DB_dbo.SP_AvgHoldingTime,BI_DB_dbo.BI_DB_AvgHoldingTime,Daily,SB_Daily,20,5/3/2026 4:06,3/15/2023 6:58,UpdateDate,0,0,,,,B_NO_TABLEAU_CONSUMER,
BI_DB_dbo.SP_BI_DB_Crypto_Airdrop,BI_DB_dbo.BI_DB_Crypto_Airdrop,Daily,SB_Daily,20,5/31/2026 5:07,11/17/2024 8:38,UpdateDate,0,0,,,,B_NO_TABLEAU_CONSUMER,
BI_DB_dbo.SP_BI_DB_Scored_Appropriateness_Negative_Market,BI_DB_dbo.BI_DB_Scored_Appropriateness_Negative_Market,Daily,SB_Daily,20,5/31/2026 4:41,7/30/2023 15:04,UpdateDate,8,6804,5/31/2026,0,Y,KEEP,
BI_DB_dbo.SP_Bing_PBI,BI_DB_dbo.BI_DB_Bing_PBI_Group_Dict,Daily,SB_Daily,20,5/31/2026 5:28,5/9/2023 12:50,UpdateDate,0,0,,,,B_NO_TABLEAU_CONSUMER,
BI_DB_dbo.SP_Bing_PBI,BI_DB_dbo.BI_DB_Bing_PBI_Campaign_Dict,Daily,SB_Daily,20,5/31/2026 5:28,5/9/2023 12:50,UpdateDate,0,0,,,,B_NO_TABLEAU_CONSUMER,
BI_DB_dbo.SP_Blocked_Customers,BI_DB_dbo.BI_DB_Blocked_Customers,Daily,SB_Daily,20,5/31/2026 5:02,6/13/2023 12:23,UpdateDate,0,0,,,,B_NO_TABLEAU_CONSUMER,
BI_DB_dbo.SP_ChargebackReport,BI_DB_dbo.BI_DB_ChargebackReport,Daily,SB_Daily,20,5/30/2026,11/17/2024 8:36,UpdateDate,3,7072,5/31/2026,0,,KEEP,
BI_DB_dbo.SP_CID_Compliance_CID_And_Country_Risk_Lists,BI_DB_dbo.BI_DB_Compliance_Restriction_Lists_Forbidden_Trading,Daily,SB_Daily,20,5/31/2026 4:11,11/23/2023 19:02,UpdateDate,0,0,,,Y,B_FEEDER_KEEP,
BI_DB_dbo.SP_CID_Compliance_CID_And_Country_Risk_Lists,BI_DB_dbo.BI_DB_Compliance_Restriction_Lists_CIDs,Daily,SB_Daily,20,5/31/2026 4:11,11/17/2024 8:36,UpdateDate,0,0,,,,B_NO_TABLEAU_CONSUMER,
BI_DB_dbo.SP_CID_Compliance_CID_And_Country_Risk_Lists,BI_DB_dbo.BI_DB_Compliance_Restriction_Lists_Countries,Daily,SB_Daily,20,5/31/2026 4:11,4/29/2021 15:51,UpdateDate,0,0,,,,B_NO_TABLEAU_CONSUMER,
BI_DB_dbo.SP_CID_Daily_AcquisitionFunnel_VBT,BI_DB_dbo.BI_DB_CID_Daily_AcquisitionFunnel_VBT,Daily,SB_Daily,20,5/31/2026 5:04,4/29/2021 15:50,UpdateDate,0,0,,,,B_NO_TABLEAU_CONSUMER,
BI_DB_dbo.SP_CID_DailyCopyRevenue,BI_DB_dbo.BI_DB_DailyCopyRevenue,Daily,SB_Daily,20,5/31/2026 4:08,6/29/2023 11:04,UpdateDate,7,5788,5/31/2026,0,,KEEP,
BI_DB_dbo.SP_CIDFunnelFlow,BI_DB_dbo.BI_DB_CIDFunnelFlow,Daily,SB_Daily,20,5/31/2026 4:16,4/29/2021 15:46,UpdateDate,0,0,,,,B_NO_TABLEAU_CONSUMER,
BI_DB_dbo.SP_Client_Balance_Breakdown,BI_DB_dbo.Client_Balance_Breakdown_Instrument_Level,Daily,SB_Daily,20,5/31/2026 4:41,12/3/2025 11:00,UpdateDate,9,4727,5/26/2026,5,Y,KEEP,
BI_DB_dbo.SP_ClubChangeLogProduct,BI_DB_dbo.BI_DB_ClubChangeLogProduct,Daily,SB_Daily,20,5/31/2026 4:08,6/6/2023 9:53,UpdateDate,9,1503,1/5/2026,146,Y,KEEP,
BI_DB_dbo.SP_ClusteringDailyPrepData,BI_DB_dbo.BI_DB_ClusteringDailyPrepData,Daily,SB_Daily,20,5/31/2026 6:09,4/29/2021 15:51,UpdateDate,0,0,,,Y,B_FEEDER_KEEP,
BI_DB_dbo.SP_CorporatesSummaryReport,BI_DB_dbo.BI_DB_Corporates_SummaryReport,Daily,SB_Daily,20,5/31/2026 4:05,11/17/2024 8:36,UpdateDate,0,0,,,,B_NO_TABLEAU_CONSUMER,
BI_DB_dbo.SP_CryptoDashboard,BI_DB_dbo.BI_DB_Crypto_Dashboard,Daily,SB_Daily,20,5/31/2026 4:09,6/27/2023 14:03,UpdateDate,0,0,,,,B_NO_TABLEAU_CONSUMER,
BI_DB_dbo.SP_D_LTV_BI_Actual_Snapshot,BI_DB_dbo.BI_DB_LTV_BI_Actual_Daily_Snapshot,Daily,SB_Daily,20,5/31/2026 7:37,10/30/2024 12:31,UpdateDate,0,0,,,,B_NO_TABLEAU_CONSUMER,
BI_DB_dbo.SP_Daily_TradeData,BI_DB_dbo.BI_DB_Daily_TradeData,Daily,SB_Daily,20,5/31/2026 4:07,4/29/2021 15:54,UpdateDate,4,2918,5/31/2026,0,Y,KEEP,
BI_DB_dbo.SP_DailyCommisionReport,BI_DB_dbo.BI_DB_DailyCommisionReport_ThisMonth,Daily,SB_Daily,20,5/31/2026 4:10,10/29/2025 10:18,UpdateDate,9,2179,5/31/2026,0,,KEEP,
BI_DB_dbo.SP_DailyCommisionReport,BI_DB_dbo.BI_DB_DailyCommisionReport_Last2weeks,Daily,SB_Daily,20,5/31/2026 4:10,10/29/2025 10:18,UpdateDate,4,1643,12/24/2025,158,,KEEP,
BI_DB_dbo.SP_DailyCommisionReport,BI_DB_dbo.BI_DB_DailyCommisionReport,Daily,SB_Daily,20,5/31/2026 4:10,10/29/2025 10:18,UpdateDate,17,6627,5/31/2026,0,Y,KEEP,
BI_DB_dbo.SP_DailyCommisionReport,BI_DB_dbo.BI_DB_RollOverFee_ByInstrument,Daily,SB_Daily,20,5/31/2026 4:13,10/29/2025 10:18,UpdateDate,0,0,,,,B_NO_TABLEAU_CONSUMER,
BI_DB_dbo.SP_DailyCommisionReport,BI_DB_dbo.BI_DB_DailyCommisionReport_Yesterday,Daily,SB_Daily,20,5/31/2026 4:10,10/29/2025 10:18,UpdateDate,9,2179,5/31/2026,0,,KEEP,
BI_DB_dbo.SP_DailyCommisionReport,BI_DB_dbo.BI_DB_DailyCommisionReport_Instrument_Agg,Daily,SB_Daily,20,5/31/2026 4:10,10/29/2025 10:18,UpdateDate,13,3048,5/31/2026,0,,KEEP,
BI_DB_dbo.SP_DailyCommisionReport,BI_DB_dbo.BI_DB_DailyCommisionReport_MonthlyData,Daily,SB_Daily,20,5/31/2026 4:16,10/29/2025 10:18,UpdateDate,0,0,,,,B_NO_TABLEAU_CONSUMER,
BI_DB_dbo.SP_DailyCommisionReport,BI_DB_dbo.BI_DB_DailyCommisionReport_LastYear,Daily,SB_Daily,20,5/31/2026 4:11,10/29/2025 10:18,UpdateDate,4,1643,12/24/2025,158,,KEEP,
BI_DB_dbo.SP_DailyCommisionReport,BI_DB_dbo.BI_DB_DailyCommisionReport_ThisYear,Daily,SB_Daily,20,5/31/2026 4:10,10/29/2025 10:18,UpdateDate,9,2179,5/31/2026,0,,KEEP,
BI_DB_dbo.SP_DepositUsersFirstTouchPoints,BI_DB_dbo.BI_DB_DepositUsersFirstTouchPoints,Daily,SB_Daily,20,5/31/2026 5:23,1/23/2024 13:07,UpdateDate,4,8543,5/31/2026,0,Y,KEEP,
BI_DB_dbo.SP_Equity_Real_Crypto_Stocks_Total_Cash_by_Regulation,BI_DB_dbo.BI_DB_Equity_Real_Crypto_Stocks_Total_Cash_by_Regulation,Daily,SB_Daily,20,5/31/2026 4:02,1/16/2024 13:28,UpdateDate,1,84,2/20/2024,831,,KEEP,
BI_DB_dbo.SP_eTorian_PnL_NetProfit,BI_DB_dbo.BI_DB_eTorian_NetProfit,Daily,SB_Daily,20,5/31/2026 4:02,2/26/2023 6:59,UpdateDate,0,0,,,,B_NO_TABLEAU_CONSUMER,
BI_DB_dbo.SP_FCA_Liabilities,BI_DB_dbo.BI_DB_FCA_Liabilities,Daily,SB_Daily,20,5/31/2026 4:02,4/29/2021 15:54,UpdateDate,0,0,,,,B_NO_TABLEAU_CONSUMER,
BI_DB_dbo.SP_Finance_Net_MIMO,BI_DB_dbo.BI_DB_Finance_Net_MIMO,Daily,SB_Daily,20,5/31/2026 4:06,4/29/2021 15:54,UpdateDate,0,0,,,,B_NO_TABLEAU_CONSUMER,
BI_DB_dbo.SP_Finance_Panel_Reports_New,BI_DB_dbo.BI_DB_Finance_Panel_Reports_New,Daily,SB_Daily,20,5/30/2026 4:03,12/16/2024 9:55,UpdateDate,0,0,,,,B_NO_TABLEAU_CONSUMER,
BI_DB_dbo.SP_Flare_Eligibility,BI_DB_dbo.BI_DB_Flare_Eligibility,Daily,SB_Daily,20,5/31/2026,11/17/2024 8:36,UpdateDate,0,0,,,,B_NO_TABLEAU_CONSUMER,
BI_DB_dbo.SP_HighCOsAndRedeemsWithSF,BI_DB_dbo.BI_DB_HighCOsAndRedeemsWithSF,Daily,SB_Daily,20,5/31/2026 4:18,11/17/2024 8:36,UpdateDate,1,1136,2/9/2024,842,,KEEP,
BI_DB_dbo.SP_HighRedeemsApprovalForManagement,BI_DB_dbo.BI_DB_D_HighRedeemsApprovalForManagement,Daily,SB_Daily,20,5/31/2026 4:27,11/17/2024 8:36,UpdateDate,1,480,2/12/2024,839,,KEEP,
BI_DB_dbo.SP_IFRS_15_Balance,BI_DB_dbo.BI_DB_IFRS15_Daily_Balance,Daily,SB_Daily,20,5/31/2026 5:16,12/16/2025 13:48,UpdateDate,6,1796,4/6/2026,55,,KEEP,
BI_DB_dbo.SP_IFRS_15_Balance,BI_DB_dbo.BI_DB_IFRS_15_Daily_Positions,Daily,SB_Daily,20,5/31/2026 5:16,12/16/2025 13:47,UpdateDate,1,21,6/11/2025,354,,KEEP,
BI_DB_dbo.SP_Inactivity_Fees,BI_DB_dbo.BI_DB_InactivityFees,Daily,SB_Daily,20,5/31/2026 5:05,6/13/2023 13:10,UpdateDate,0,0,,,,B_NO_TABLEAU_CONSUMER,
BI_DB_dbo.SP_Index_Divident_TaxReport,BI_DB_dbo.BI_DB_Index_Dividend_TaxReport,Daily,SB_Daily,20,5/31/2026 4:03,2/9/2022 8:25,UpdateDate,1,2035,3/30/2026,62,,KEEP,
BI_DB_dbo.SP_Index_Divident_TaxReport_CID_Level,BI_DB_dbo.BI_DB_Index_Dividend_TaxReport_CID_Level,Daily,SB_Daily,20,5/31/2026 4:04,5/2/2023 6:40,UpdateDate,5,2835,3/30/2026,62,,KEEP,
BI_DB_dbo.SP_InstrumentsAlerts,BI_DB_dbo.BI_DB_InstrumentsAlerts,Daily,SB_Daily,20,5/31/2026 5:21,4/13/2023 12:01,UpdateDate,1,802,4/13/2026,48,,KEEP,
BI_DB_dbo.SP_InvestorKPI,BI_DB_dbo.BI_DB_InvestorsKPI,Daily,SB_Daily,20,5/31/2026 6:41,2/9/2022 8:25,UpdateDate,0,0,,,,B_NO_TABLEAU_CONSUMER,
BI_DB_dbo.SP_InvestorReportDetails,BI_DB_dbo.BI_DB_InvestorsDetail,Daily,SB_Daily,20,5/31/2026 4:18,3/13/2024 13:57,UpdateDate,9,36114,5/31/2026,0,,KEEP,
BI_DB_dbo.SP_InvestorReportTop10,BI_DB_dbo.BI_DB_Investors_Top10,Daily,SB_Daily,20,5/31/2026 6:48,4/29/2021 15:55,UpdateDate,8,10842,5/31/2026,0,,KEEP,
BI_DB_dbo.SP_KYC_eToroMoney_UpgradedClubMembers,BI_DB_dbo.BI_DB_KYC_eToroMoney_UpgradedClubMembers,Daily,SB_Daily,20,5/31/2026 6:17,7/27/2023 14:13,UpdateDate,0,0,,,,B_NO_TABLEAU_CONSUMER,
BI_DB_dbo.SP_LimitedAccountsWithReasons,BI_DB_dbo.BI_DB_LimitedAccountsWithReasons,Daily,SB_Daily,20,5/31/2026 5:03,11/17/2024 8:37,UpdateDate,1,1499,5/31/2026,0,,KEEP,
BI_DB_dbo.SP_LiveAcquisitionDashboard_Daily,BI_DB_dbo.BI_DB_LiveAcquisitionDashboard_Daily,Daily,SB_Daily,20,5/31/2026 4:03,4/29/2021 15:56,UpdateDate,0,0,,,Y,B_FEEDER_KEEP,
BI_DB_dbo.SP_M_Active_Aff_Monthly_Region_GroupAff,BI_DB_dbo.BI_DB_ActiveAffActualMonthly_Region_GroupAffName,Monthly,SB_Daily,20,5/1/2026 5:06,4/29/2021 15:45,UpdateDate,0,0,,,,B_NO_TABLEAU_CONSUMER,
BI_DB_dbo.SP_M_Active_Affiliate_Monthly,BI_DB_dbo.BI_DB_ActiveAffiliatesPlanned_Actual,Monthly,SB_Daily,20,5/1/2026 5:07,2/9/2022 8:15,UpdateDate,0,0,,,,B_NO_TABLEAU_CONSUMER,
BI_DB_dbo.SP_M_AML_Report,BI_DB_dbo.BI_DB_M_AML_Report_AGG,Monthly,SB_Daily,20,5/1/2026 4:20,1/6/2025 14:48,UpdateDate,0,0,,,,B_NO_TABLEAU_CONSUMER,
BI_DB_dbo.SP_M_AML_Report,BI_DB_dbo.BI_DB_M_AML_Report,Monthly,SB_Daily,20,5/1/2026 4:20,1/6/2025 14:48,UpdateDate,0,0,,,,B_NO_TABLEAU_CONSUMER,
BI_DB_dbo.SP_M_Finance_Audit_Auxillary_Datapoints,BI_DB_dbo.BI_DB_Finance_Audit_Auxillary_Datapoints,Monthly,SB_Daily,20,5/1/2026 4:59,10/20/2025 16:15,UpdateDate,2,920,12/22/2025,160,,KEEP,
BI_DB_dbo.SP_M_Subsidieries_Realized_Commissions_Adjustments,BI_DB_dbo.BI_DB_Subsidieries_Realized_Commissions_Adjustments,Monthly,SB_Daily,20,5/1/2026,9/19/2023 7:23,UpdateDate,1,237,2/7/2024,844,,KEEP,
BI_DB_dbo.SP_M_UK_CommissionReport_byLeverage,BI_DB_dbo.BI_DB_UK_CommissionReport_byLeverage,Monthly,SB_Daily,20,5/1/2026 4:17,2/9/2022 8:30,UpdateDate,1,271,11/11/2025,201,,KEEP,
BI_DB_dbo.SP_MifidAccountType_Count,BI_DB_dbo.BI_DB_MifidAccountType_Count,Daily,SB_Daily,20,5/31/2026 4:02,2/9/2022 17:08,UpdateDate,0,0,,,,B_NO_TABLEAU_CONSUMER,
BI_DB_dbo.SP_NOP_Distribution_Crypto,BI_DB_dbo.BI_DB_NOP_Distribution_Crypto,Daily,SB_Daily,20,5/31/2026 4:08,5/24/2026 15:04,UpdateDate,0,0,,,,B_NO_TABLEAU_CONSUMER,
BI_DB_dbo.SP_OperationsMonthlyAffiliateKPIsFullData,BI_DB_dbo.BI_DB_Operations_Monthly_KPIs_Affiliates,Daily,SB_Daily,20,5/31/2026 4:13,11/17/2024 8:37,UpdateDate,3,222,5/31/2026,0,,KEEP,
BI_DB_dbo.SP_PositionHoldingTime,BI_DB_dbo.BI_DB_PositionHoldingTime,Daily,SB_Daily,20,5/31/2026 4:11,7/2/2023 19:47,UpdateDate,0,0,,,,B_NO_TABLEAU_CONSUMER,
BI_DB_dbo.SP_Publications,BI_DB_dbo.BI_DB_Publications,Daily,SB_Daily,20,5/31/2026 4:11,4/29/2021 16:00,UpdateDate,0,0,,,,B_NO_TABLEAU_CONSUMER,
BI_DB_dbo.SP_Regulation_Change_Abuse,BI_DB_dbo.BI_DB_Regulation_Change_Abuse_Categories,Daily,SB_Daily,20,5/31/2026 5:33,9/19/2023 7:23,UpdateDate,0,0,,,,B_NO_TABLEAU_CONSUMER,
BI_DB_dbo.SP_Regulation_Change_Abuse,BI_DB_dbo.BI_DB_Regulation_Change_Abuse_CIDs,Daily,SB_Daily,20,5/31/2026 5:34,9/11/2023 13:17,UpdateDate,0,0,,,,B_NO_TABLEAU_CONSUMER,
BI_DB_dbo.SP_RejectedDocuments,BI_DB_dbo.BI_DB_RejectedDocuments,Daily,SB_Daily,20,5/31/2026 4:11,7/17/2024 11:55,UpdateDate,0,0,,,,B_NO_TABLEAU_CONSUMER,
BI_DB_dbo.SP_Risk_Capital_Adequacy,BI_DB_dbo.BI_DB_Capital_Adequacy_Monthly_NOP,Daily,SB_Daily,20,5/31/2026 4:14,4/23/2023 9:06,UpdateDate,0,0,,,,B_NO_TABLEAU_CONSUMER,
BI_DB_dbo.SP_Risk_Capital_Adequacy,BI_DB_dbo.BI_DB_Capital_Adequacy_Daily_Equity,Daily,SB_Daily,20,5/31/2026 4:14,4/1/2025 10:57,UpdateDate,0,0,,,,B_NO_TABLEAU_CONSUMER,
BI_DB_dbo.SP_Risk_Capital_Adequacy,BI_DB_dbo.BI_DB_Capital_Adequacy_Daily_NOP_KASA,Daily,SB_Daily,20,5/31/2026 4:14,4/1/2025 10:57,UpdateDate,0,0,,,,B_NO_TABLEAU_CONSUMER,
BI_DB_dbo.SP_Transactions_Per_Time_Unit,BI_DB_dbo.BI_DB_Transactions_Per_Time_Unit,Daily,SB_Daily,20,5/31/2026 4:12,1/31/2023 12:22,UpdateDate,0,0,,,,B_NO_TABLEAU_CONSUMER,
BI_DB_dbo.SP_US_Apex_Corporate_Cash_Actions_Recon,BI_DB_dbo.BI_DB_US_Apex_Corporate_CA_Apex,Daily,SB_Daily,20,5/29/2026 10:58,9/19/2023 7:24,UpdateDate,1,2587,10/27/2024,581,,KEEP,
BI_DB_dbo.SP_US_Apex_Corporate_Cash_Actions_Recon,BI_DB_dbo.BI_DB_US_Apex_Corporate_CA_etoro,Daily,SB_Daily,20,5/31/2026 11:00,9/19/2023 7:25,UpdateDate,1,2587,10/27/2024,581,,KEEP,
BI_DB_dbo.SP_US_Apex_Fees_Charge,BI_DB_dbo.BI_DB_US_Apex_Fees_Charge,Daily,SB_Daily,20,5/29/2026 10:57,7/6/2023 7:04,UpdateDate,0,0,,,,B_NO_TABLEAU_CONSUMER,
BI_DB_dbo.SP_US_Apex_Instrument_Holders,BI_DB_dbo.BI_DB_US_Apex_Instrument_Holders,Daily,SB_Daily,20,5/31/2026 4:14,7/6/2023 7:14,UpdateDate,1,652,2/26/2024,825,,KEEP,
BI_DB_dbo.SP_US_Apex_Recon_Cash_To_Clients_Accounts,BI_DB_dbo.BI_DB_US_Apex_Recon_Cash_To_Clients_Accounts,Daily,SB_Daily,20,5/29/2026 11:03,7/6/2023 6:48,UpdateDate,0,0,,,,B_NO_TABLEAU_CONSUMER,
BI_DB_dbo.SP_US_Stocks_Apex_PFOF,BI_DB_dbo.BI_DB_US_Stocks_Apex_PFOF,Daily,SB_Daily,20,5/30/2026 17:04,8/11/2022 10:54,UpdateDate,2,131,1/14/2026,137,,KEEP,
BI_DB_dbo.SP_US_Stocks_MAU_DAU_KPI,BI_DB_dbo.BI_DB_US_Stocks_MAU_DAU_KPI,Daily,SB_Daily,20,5/31/2026 4:13,3/8/2023 14:28,UpdateDate,0,0,,,,B_NO_TABLEAU_CONSUMER,
BI_DB_dbo.SP_USA_Equity_Deposits,BI_DB_dbo.BI_DB_USA_Equity_Deposits,Daily,SB_Daily,20,5/31/2026 4:31,4/20/2023 6:28,UpdateDate,0,0,,,,B_NO_TABLEAU_CONSUMER,
BI_DB_dbo.SP_User_Segment_Snapshot,BI_DB_dbo.BI_DB_User_Segment_Snapshot,Daily,SB_Daily,20,5/31/2026 4:31,4/25/2023 9:16,UpdateDate,0,0,,,Y,B_FEEDER_KEEP,
BI_DB_dbo.SP_User_Segment_Snapshot,BI_DB_dbo.BI_DB_STDSnapshots,Daily,SB_Daily,20,5/31/2026 4:24,4/25/2023 8:04,UpdateDate,0,0,,,,B_NO_TABLEAU_CONSUMER,
BI_DB_dbo.SP_User_Segment_Snapshot,BI_DB_dbo.BI_DB_EquitySnapshots,Daily,SB_Daily,20,5/31/2026 4:21,4/25/2023 7:44,UpdateDate,0,0,,,,B_NO_TABLEAU_CONSUMER,
BI_DB_dbo.SP_User_Segment_Snapshot,BI_DB_dbo.BI_DB_DepositSnapshots ,Daily,SB_Daily,20,5/31/2026 4:30,4/25/2023 8:28,UpdateDate,0,0,,,,B_NO_TABLEAU_CONSUMER,
BI_DB_dbo.SP_VerificationStatus,BI_DB_dbo.BI_DB_VerificationStatus,Daily,SB_Daily,20,5/31/2026 4:13,4/13/2023 13:10,UpdateDate,1,137,5/31/2026,0,,KEEP,
BI_DB_dbo.SP_W_Mon_AML_FCA_Crypto_Threshold,BI_DB_dbo.BI_DB_AML_FCA_Crypto_Threshold,Weekly Monday,SB_Daily,20,5/25/2026 4:11,2/8/2023 12:32,UpdateDate,0,0,,,,B_NO_TABLEAU_CONSUMER,
Dealing_dbo.SP_CFDs_Stocks_Credit_Risk,Dealing_dbo.Dealing_CFDs_Stocks_Credit_Risk,Daily,SB_Daily,20,5/31/2026 6:39,5/22/2023 10:31,UpdateDate,0,0,,,,B_NO_TABLEAU_CONSUMER,
Dealing_dbo.SP_CopyPortfolio_Allocation,Dealing_dbo.Dealing_CopyPortfolio_Allocation,Daily,SB_Daily,20,5/31/2026 6:46,2/10/2025 13:14,UpdateDate,0,0,,,,B_NO_TABLEAU_CONSUMER,
Dealing_dbo.SP_DailyAvgSpread,Dealing_dbo.Dealing_DailyAvgSpread,Daily,SB_Daily,20,5/31/2026 4:19,5/22/2023 12:55,UpdateDate,2,1096,4/5/2026,56,,KEEP,
Dealing_dbo.SP_DealingDashboard_Clients,Dealing_dbo.Dealing_DealingDashboard_Clients,Daily,SB_Daily,20,5/31/2026 4:21,5/24/2026 15:00,UpdateDate,5,1209,5/12/2026,19,,KEEP,
Dealing_dbo.SP_DealingDashboard_Clients,Dealing_dbo.Dealing_NumberofPositionsOpened_Agg,Daily,SB_Daily,20,5/31/2026 4:22,2/5/2023 8:25,UpdateDate,0,0,,,,B_NO_TABLEAU_CONSUMER,
Dealing_dbo.SP_Employee_Zero_StocksETFs,Dealing_dbo.Dealing_Employee_Zero_StocksETFs,Daily,SB_Daily,20,5/31/2026 4:16,2/12/2023 11:16,UpdateDate,0,0,,,,B_NO_TABLEAU_CONSUMER,
Dealing_dbo.SP_GS_Credit_Risk,Dealing_dbo.Dealing_GS_Credit_Risk,Daily,SB_Daily,20,5/31/2026 4:27,5/31/2023 12:20,UpdateDate,0,0,,,,B_NO_TABLEAU_CONSUMER,
Dealing_dbo.SP_JP_Credit_Risk,Dealing_dbo.Dealing_JP_Credit_Risk,Daily,SB_Daily,20,5/31/2026 4:28,8/13/2025 10:48,UpdateDate,0,0,,,,B_NO_TABLEAU_CONSUMER,
Dealing_dbo.SP_MIMO_Zero,Dealing_dbo.Dealing_MIMO_Zero,Daily,SB_Daily,20,5/31/2026 4:38,8/15/2023 7:46,UpdateDate,1,134,10/8/2024,600,,KEEP,
Dealing_dbo.SP_NOPDistribution,Dealing_dbo.Dealing_NOPDistribution,Daily,SB_Daily,20,5/31/2026 4:17,12/28/2023 12:23,UpdateDate,0,0,,,,B_NO_TABLEAU_CONSUMER,
Dealing_dbo.SP_OfferedInstruments,Dealing_dbo.Dealing_OfferedInstruments,Daily,SB_Daily,20,5/31/2026 4:41,11/26/2023 12:09,UpdateDate,0,0,,,,B_NO_TABLEAU_CONSUMER,
Dealing_dbo.SP_RolloverCommissionSplit,Dealing_dbo.Dealing_RolloverCommissionSplit,Daily,SB_Daily,20,5/30/2026 6:08,5/28/2024 7:46,UpdateDate,1,446,9/24/2024,614,,KEEP,
BI_DB_dbo.SP_Reg_UK_Compliance_VolumeByInstrument,BI_DB_dbo.BI_DB_Reg_UK_Compliance_VolumeByInstrument,Daily,SB_Daily,21,5/29/2026 4:02,6/8/2023 6:27,UpdateDate,0,0,,,,B_NO_TABLEAU_CONSUMER,
BI_DB_dbo.SP_W_Tue_Reg_UK_Compliance_KYC_Weekly_Export,BI_DB_dbo.BI_DB_Reg_UK_Compliance_KYC_Weekly_Export,Weekly Tuesday,SB_Daily,21,5/26/2026 5:11,6/6/2023 12:59,UpdateDate,0,0,,,,B_NO_TABLEAU_CONSUMER,
BI_DB_dbo.SP_W_Tue_Reg_UK_Compliance_Professional_OptUp,BI_DB_dbo.BI_DB_Reg_UK_Compliance_Professional_OptUp,Weekly Tuesday,SB_Daily,21,5/26/2026 5:12,6/7/2023 8:56,UpdateDate,0,0,,,,B_NO_TABLEAU_CONSUMER,
Dealing_dbo.SP_Capital_Adequacy_IFR_KPMG,Dealing_dbo.Dealing_LP_StocksNOP,Daily,SB_Daily,21,5/31/2026 4:27,7/12/2023 8:30,UpdateDate,0,0,,,,B_NO_TABLEAU_CONSUMER,
Dealing_dbo.SP_Capital_Adequacy_IFR_KPMG,Dealing_dbo.Dealing_ClientsCapitalAdequacy,Daily,SB_Daily,21,5/31/2026 4:28,7/12/2023 8:30,UpdateDate,0,0,,,,B_NO_TABLEAU_CONSUMER,
Dealing_dbo.SP_Dealing_DSC_HedgeOnIndices,Dealing_dbo.DSC_HedgeOnIndices_H,Daily,SB_Daily,21,5/31/2026 4:10,6/19/2023 10:24,UpdateDate,0,0,,,,B_NO_TABLEAU_CONSUMER,
Dealing_dbo.SP_Dealing_DSC_HedgeOnIndices,Dealing_dbo.DSC_HedgeOnIndices,Daily,SB_Daily,21,5/31/2026 4:10,6/19/2023 10:35,UpdateDate,0,0,,,,B_NO_TABLEAU_CONSUMER,
Dealing_dbo.SP_NOP_LPandClients,Dealing_dbo.Dealing_NOP_LPandClients,Daily,SB_Daily,21,5/31/2026 4:28,5/24/2026 15:00,UpdateDate,1,71,1/22/2025,494,,KEEP,
BI_DB_dbo.SP_DDR_Customer_Daily_Status,BI_DB_dbo.BI_DB_DDR_Customer_Daily_Status,Daily,SB_Daily,60,5/31/2026 8:17,12/28/2025 16:47,UpdateDate,16,3490,5/31/2026,0,Y,KEEP,
BI_DB_dbo.SP_DDR_Customer_Periodic_Status,BI_DB_dbo.BI_DB_DDR_Customer_Periodic_Status,Daily,SB_Daily,60,5/31/2026 8:20,12/28/2025 17:03,UpdateDate,2,353,5/31/2026,0,,KEEP,
BI_DB_dbo.SP_DDR_Fact_AUM,BI_DB_dbo.BI_DB_DDR_Fact_AUM,Daily,SB_Daily,60,5/31/2026 7:38,12/21/2025 16:27,UpdateDate,2,353,5/31/2026,0,Y,KEEP,
BI_DB_dbo.SP_DDR_Fact_Fact_MIMO_AllPlatforms,BI_DB_dbo.BI_DB_DDR_Fact_MIMO_AllPlatforms,Daily,SB_Daily,60,5/31/2026 10:31,5/24/2026 15:06,UpdateDate,12,5178,5/31/2026,0,Y,KEEP,
BI_DB_dbo.SP_DDR_Fact_MIMO_eMoney_Platform,BI_DB_dbo.BI_DB_DDR_Fact_MIMO_eMoney_Platform,Daily,SB_Daily,60,5/31/2026 7:31,5/24/2026 15:06,UpdateDate,2,353,5/31/2026,0,Y,KEEP,
BI_DB_dbo.SP_DDR_Fact_PnL,BI_DB_dbo.BI_DB_DDR_Fact_PnL,Daily,SB_Daily,60,5/31/2026 4:51,7/20/2025 15:22,UpdateDate,3,356,5/31/2026,0,,KEEP,
BI_DB_dbo.SP_DDR_Fact_Revenue_Generating_Actions,BI_DB_dbo.BI_DB_DDR_Fact_Revenue_Generating_Actions,Daily,SB_Daily,60,5/31/2026 7:51,5/24/2026 15:07,UpdateDate,3,356,5/31/2026,0,Y,KEEP,
BI_DB_dbo.SP_DDR_Fact_Trading_Volumes_And_Amounts,BI_DB_dbo.BI_DB_DDR_Fact_Trading_Volumes_And_Amounts,Daily,SB_Daily,60,5/31/2026 7:47,5/24/2026 15:02,UpdateDate,4,1266,5/31/2026,0,,KEEP,
BI_DB_dbo.SP_UsageTracking_SF,BI_DB_dbo.BI_DB_UsageTracking_SF,Daily,SB_Daily,70,5/31/2026 4:13,4/29/2021 16:04,UpdateDate,22,118291,5/31/2026,0,Y,KEEP,
BI_DB_dbo.SP_InterestDaily,BI_DB_dbo.BI_DB_InterestDaily,Daily,SB_Daily,80,5/31/2026 5:32,4/29/2021 15:55,UpdateDate,6,6297,2/11/2026,109,Y,KEEP,
BI_DB_dbo.SP_CIDFirstDates,BI_DB_dbo.BI_DB_CIDFirstDates,Daily,SB_Daily,90,5/31/2026 4:26,1/30/2024 9:57,UpdateDate,114,203497,5/31/2026,0,Y,KEEP,
