source_schema,uc_table,column,data_type
DWH_dbo,main.dwh.gold_sql_dp_prod_we_dwh_dbo_dim_instrument_correlation,DateID,INT
DWH_dbo,main.dwh.gold_sql_dp_prod_we_dwh_dbo_dim_instrument_correlation,SampleSize,INT
DWH_dbo,main.dwh.gold_sql_dp_prod_we_dwh_dbo_dim_instrument_correlation,StandardDeviation_a,DECIMAL
DWH_dbo,main.dwh.gold_sql_dp_prod_we_dwh_dbo_dim_instrument_correlation,StandardDeviation_b,DECIMAL
DWH_dbo,main.dwh.gold_sql_dp_prod_we_dwh_dbo_dim_instrument_correlation,Covariance,DECIMAL
DWH_dbo,main.dwh.gold_sql_dp_prod_we_dwh_dbo_dim_instrument_correlation,PearsonCorrelation,DECIMAL
DWH_dbo,main.dwh.gold_sql_dp_prod_we_dwh_dbo_dim_instrument_correlation,InsertDate,TIMESTAMP
DWH_dbo,main.dwh.gold_sql_dp_prod_we_dwh_dbo_dim_instrument_correlation,UpdateDate,TIMESTAMP
DWH_dbo,main.dwh.gold_sql_dp_prod_we_dwh_dbo_dim_instrument_correlation,etr_y,INT
DWH_dbo,main.dwh.gold_sql_dp_prod_we_dwh_dbo_dim_instrument_correlation,etr_ym,STRING
DWH_dbo,main.dwh.gold_sql_dp_prod_we_dwh_dbo_dim_instrument_correlation,etr_ymd,DATE
DWH_dbo,main.dwh.gold_sql_dp_prod_we_dwh_dbo_dim_positionchangelog,etr_y,INT
DWH_dbo,main.dwh.gold_sql_dp_prod_we_dwh_dbo_dim_positionchangelog,etr_ym,STRING
DWH_dbo,main.dwh.gold_sql_dp_prod_we_dwh_dbo_dim_positionchangelog,etr_ymd,DATE
DWH_dbo,main.dwh.gold_sql_dp_prod_we_dwh_dbo_fact_billingredeem,etr_y,INT
DWH_dbo,main.dwh.gold_sql_dp_prod_we_dwh_dbo_fact_billingredeem,etr_ym,STRING
DWH_dbo,main.dwh.gold_sql_dp_prod_we_dwh_dbo_fact_billingredeem,etr_ymd,DATE
DWH_dbo,main.dwh.gold_sql_dp_prod_we_dwh_dbo_fact_customerunrealized_pnl,etr_y,INT
DWH_dbo,main.dwh.gold_sql_dp_prod_we_dwh_dbo_fact_customerunrealized_pnl,etr_ym,STRING
DWH_dbo,main.dwh.gold_sql_dp_prod_we_dwh_dbo_fact_customerunrealized_pnl,etr_ymd,DATE
DWH_dbo,main.dwh.gold_sql_dp_prod_we_dwh_dbo_fact_firstcustomeraction,etr_y,INT
DWH_dbo,main.dwh.gold_sql_dp_prod_we_dwh_dbo_fact_firstcustomeraction,etr_ym,STRING
DWH_dbo,main.dwh.gold_sql_dp_prod_we_dwh_dbo_fact_firstcustomeraction,etr_ymd,DATE
DWH_dbo,main.dwh.gold_sql_dp_prod_we_dwh_dbo_sts_user_operations_data_history,etr_y,INT
DWH_dbo,main.dwh.gold_sql_dp_prod_we_dwh_dbo_sts_user_operations_data_history,etr_ym,STRING
DWH_dbo,main.dwh.gold_sql_dp_prod_we_dwh_dbo_sts_user_operations_data_history,etr_ymd,DATE
DWH_dbo,main.dwh.gold_sql_dp_prod_we_dwh_dbo_v_dim_mirror,etr_y,INT
DWH_dbo,main.dwh.gold_sql_dp_prod_we_dwh_dbo_v_dim_mirror,etr_ym,STRING
DWH_dbo,main.dwh.gold_sql_dp_prod_we_dwh_dbo_v_dim_mirror,etr_ymd,DATE
DWH_dbo,main.bi_db.gold_sql_dp_prod_we_dwh_dbo_util_resultssourcetotarget_actions,DateID,INT
DWH_dbo,main.bi_db.gold_sql_dp_prod_we_dwh_dbo_util_resultssourcetotarget_actions,Category,STRING
DWH_dbo,main.bi_db.gold_sql_dp_prod_we_dwh_dbo_util_resultssourcetotarget_actions,TargetAmount,DECIMAL
DWH_dbo,main.bi_db.gold_sql_dp_prod_we_dwh_dbo_util_resultssourcetotarget_actions,SourcetAmount,DECIMAL
DWH_dbo,main.bi_db.gold_sql_dp_prod_we_dwh_dbo_util_resultssourcetotarget_actions,TargetNumOfActions,INT
DWH_dbo,main.bi_db.gold_sql_dp_prod_we_dwh_dbo_util_resultssourcetotarget_actions,SourceNumOfActions,INT
DWH_dbo,main.bi_db.gold_sql_dp_prod_we_dwh_dbo_util_resultssourcetotarget_actions,TargetCommissionOnOpen,DECIMAL
DWH_dbo,main.bi_db.gold_sql_dp_prod_we_dwh_dbo_util_resultssourcetotarget_actions,SourceCommissionOnOpen,DECIMAL
DWH_dbo,main.bi_db.gold_sql_dp_prod_we_dwh_dbo_util_resultssourcetotarget_actions,DimPositionCommissionOnOpen,DECIMAL
DWH_dbo,main.bi_db.gold_sql_dp_prod_we_dwh_dbo_util_resultssourcetotarget_actions,TargetCommissionOnClose,DECIMAL
DWH_dbo,main.bi_db.gold_sql_dp_prod_we_dwh_dbo_util_resultssourcetotarget_actions,SourceCommissionOnClose,DECIMAL
DWH_dbo,main.bi_db.gold_sql_dp_prod_we_dwh_dbo_util_resultssourcetotarget_actions,DimPositionCommissionOnClose,DECIMAL
DWH_dbo,main.bi_db.gold_sql_dp_prod_we_dwh_dbo_util_resultssourcetotarget_actions,Alert,INT
DWH_dbo,main.bi_db.gold_sql_dp_prod_we_dwh_dbo_util_resultssourcetotarget_actions,UpdateDate,TIMESTAMP
DWH_dbo,main.bi_db.gold_sql_dp_prod_we_dwh_dbo_val_fcv_closingbalance,CID,INT
DWH_dbo,main.bi_db.gold_sql_dp_prod_we_dwh_dbo_val_fcv_closingbalance,Liabilities,DECIMAL
DWH_dbo,main.bi_db.gold_sql_dp_prod_we_dwh_dbo_val_fcv_closingbalance,PositionPnL,DECIMAL
DWH_dbo,main.bi_db.gold_sql_dp_prod_we_dwh_dbo_val_fcv_closingbalance,TotalCash,DECIMAL
DWH_dbo,main.bi_db.gold_sql_dp_prod_we_dwh_dbo_val_fcv_closingbalance,TotalPositionsAmount,DECIMAL
DWH_dbo,main.bi_db.gold_sql_dp_prod_we_dwh_dbo_val_fcv_closingbalance,BonusCredit,DECIMAL
DWH_dbo,main.bi_db.gold_sql_dp_prod_we_dwh_dbo_val_fcv_closingbalance,ActualNWA,DECIMAL
DWH_dbo,main.bi_db.gold_sql_dp_prod_we_dwh_dbo_val_fcv_closingbalance,InProcessCashouts,DECIMAL
DWH_dbo,main.bi_db.gold_sql_dp_prod_we_dwh_dbo_val_fcv_comovements,RealCID,INT
DWH_dbo,main.bi_db.gold_sql_dp_prod_we_dwh_dbo_val_fcv_comovements,COMovements,DECIMAL
DWH_dbo,main.bi_db.gold_sql_dp_prod_we_dwh_dbo_val_fcv_movementsum,RealCID,INT
DWH_dbo,main.bi_db.gold_sql_dp_prod_we_dwh_dbo_val_fcv_movementsum,Amount,DECIMAL
DWH_dbo,main.bi_db.gold_sql_dp_prod_we_dwh_dbo_val_fcv_openingbalance,CID,INT
DWH_dbo,main.bi_db.gold_sql_dp_prod_we_dwh_dbo_val_fcv_openingbalance,Liabilities,DECIMAL
DWH_dbo,main.bi_db.gold_sql_dp_prod_we_dwh_dbo_val_fcv_openingbalance,PositionPnL,DECIMAL
DWH_dbo,main.bi_db.gold_sql_dp_prod_we_dwh_dbo_val_fcv_openingbalance,TotalCash,DECIMAL
DWH_dbo,main.bi_db.gold_sql_dp_prod_we_dwh_dbo_val_fcv_openingbalance,TotalPositionsAmount,DECIMAL
DWH_dbo,main.bi_db.gold_sql_dp_prod_we_dwh_dbo_val_fcv_openingbalance,BonusCredit,DECIMAL
DWH_dbo,main.bi_db.gold_sql_dp_prod_we_dwh_dbo_val_fcv_openingbalance,ActualNWA,DECIMAL
DWH_dbo,main.bi_db.gold_sql_dp_prod_we_dwh_dbo_val_fcv_openingbalance,InProcessCashouts,DECIMAL
BI_DB_dbo,main.bi_db.gold_sql_dp_prod_we_bi_db_dbo_bi_db_aml_sar_report_fca,Source,STRING
BI_DB_dbo,main.bi_db.gold_sql_dp_prod_we_bi_db_dbo_bi_db_appflyer_reports,SubParam1,STRING
BI_DB_dbo,main.bi_db.gold_sql_dp_prod_we_bi_db_dbo_bi_db_appflyer_reports,SubParam2,STRING
BI_DB_dbo,main.bi_db.gold_sql_dp_prod_we_bi_db_dbo_bi_db_appflyer_reports,SubParam3,STRING
BI_DB_dbo,main.bi_db.gold_sql_dp_prod_we_bi_db_dbo_bi_db_appflyer_reports,SubParam4,STRING
BI_DB_dbo,main.bi_db.gold_sql_dp_prod_we_bi_db_dbo_bi_db_appflyer_reports,SubParam5,STRING
BI_DB_dbo,main.bi_db.gold_sql_dp_prod_we_bi_db_dbo_bi_db_appflyer_reports,Contributor3TouchTime,TIMESTAMP
BI_DB_dbo,main.bi_db.gold_sql_dp_prod_we_bi_db_dbo_bi_db_asic_clientbalancefinance,etr_y,INT
BI_DB_dbo,main.bi_db.gold_sql_dp_prod_we_bi_db_dbo_bi_db_asic_clientbalancefinance,etr_ym,STRING
BI_DB_dbo,main.bi_db.gold_sql_dp_prod_we_bi_db_dbo_bi_db_asic_clientbalancefinance,etr_ymd,DATE
BI_DB_dbo,main.bi_db.gold_sql_dp_prod_we_bi_db_dbo_bi_db_cid_daily_nwa,etr_y,INT
BI_DB_dbo,main.bi_db.gold_sql_dp_prod_we_bi_db_dbo_bi_db_cid_daily_nwa,etr_ym,STRING
BI_DB_dbo,main.bi_db.gold_sql_dp_prod_we_bi_db_dbo_bi_db_cid_daily_nwa,etr_ymd,DATE
BI_DB_dbo,main.bi_db.gold_sql_dp_prod_we_bi_db_dbo_bi_db_cidlevel_settlement_report,SettledIn$,DECIMAL
BI_DB_dbo,main.bi_db.gold_sql_dp_prod_we_bi_db_dbo_bi_db_client_balance_aggregate_level_new,StockMarginOvernightFee,DECIMAL
BI_DB_dbo,main.bi_db.gold_sql_dp_prod_we_bi_db_dbo_bi_db_client_balance_cid_level_new,StockMarginOvernightFee,DECIMAL
BI_DB_dbo,main.bi_db.gold_sql_dp_prod_we_bi_db_dbo_bi_db_client_new_compensationbreakdown,etr_y,INT
BI_DB_dbo,main.bi_db.gold_sql_dp_prod_we_bi_db_dbo_bi_db_client_new_compensationbreakdown,etr_ym,STRING
BI_DB_dbo,main.bi_db.gold_sql_dp_prod_we_bi_db_dbo_bi_db_client_new_compensationbreakdown,etr_ymd,DATE
BI_DB_dbo,main.bi_db.gold_sql_dp_prod_we_bi_db_dbo_bi_db_copydailydata,Date,TIMESTAMP
BI_DB_dbo,main.bi_db.gold_sql_dp_prod_we_bi_db_dbo_bi_db_copydailydata,etr_y,INT
BI_DB_dbo,main.bi_db.gold_sql_dp_prod_we_bi_db_dbo_bi_db_copydailydata,etr_ym,STRING
BI_DB_dbo,main.bi_db.gold_sql_dp_prod_we_bi_db_dbo_bi_db_copydailydata,etr_ymd,DATE
BI_DB_dbo,main.bi_db.gold_sql_dp_prod_we_bi_db_dbo_bi_db_cross_selling_monthly,High_Bronze+,INT
BI_DB_dbo,main.bi_db.gold_sql_dp_prod_we_bi_db_dbo_bi_db_crypto_nop,etr_y,INT
BI_DB_dbo,main.bi_db.gold_sql_dp_prod_we_bi_db_dbo_bi_db_crypto_nop,etr_ym,STRING
BI_DB_dbo,main.bi_db.gold_sql_dp_prod_we_bi_db_dbo_bi_db_crypto_nop,etr_ymd,DATE
BI_DB_dbo,main.bi_db.gold_sql_dp_prod_we_bi_db_dbo_bi_db_crypto_nop_cid,etr_y,INT
BI_DB_dbo,main.bi_db.gold_sql_dp_prod_we_bi_db_dbo_bi_db_crypto_nop_cid,etr_ym,STRING
BI_DB_dbo,main.bi_db.gold_sql_dp_prod_we_bi_db_dbo_bi_db_crypto_nop_cid,etr_ymd,DATE
BI_DB_dbo,main.bi_db.gold_sql_dp_prod_we_bi_db_dbo_bi_db_daily_dividends,etr_y,INT
BI_DB_dbo,main.bi_db.gold_sql_dp_prod_we_bi_db_dbo_bi_db_daily_dividends,etr_ym,STRING
BI_DB_dbo,main.bi_db.gold_sql_dp_prod_we_bi_db_dbo_bi_db_daily_dividends,etr_ymd,DATE
BI_DB_dbo,main.bi_db.gold_sql_dp_prod_we_bi_db_dbo_bi_db_dailycommisionreport_test,RealCID,LONG
BI_DB_dbo,main.bi_db.gold_sql_dp_prod_we_bi_db_dbo_bi_db_dailycommisionreport_test,UserName,STRING
BI_DB_dbo,main.bi_db.gold_sql_dp_prod_we_bi_db_dbo_bi_db_dailycommisionreport_test,InstrumentID,INT
BI_DB_dbo,main.bi_db.gold_sql_dp_prod_we_bi_db_dbo_bi_db_dailycommisionreport_test,Instrument,STRING
BI_DB_dbo,main.bi_db.gold_sql_dp_prod_we_bi_db_dbo_bi_db_dailycommisionreport_test,InstrumentTypeID,INT
BI_DB_dbo,main.bi_db.gold_sql_dp_prod_we_bi_db_dbo_bi_db_dailycommisionreport_test,InstrumentType,STRING
BI_DB_dbo,main.bi_db.gold_sql_dp_prod_we_bi_db_dbo_bi_db_dailycommisionreport_test,CountryID,INT
BI_DB_dbo,main.bi_db.gold_sql_dp_prod_we_bi_db_dbo_bi_db_dailycommisionreport_test,Country,STRING
BI_DB_dbo,main.bi_db.gold_sql_dp_prod_we_bi_db_dbo_bi_db_dailycommisionreport_test,Region,STRING
BI_DB_dbo,main.bi_db.gold_sql_dp_prod_we_bi_db_dbo_bi_db_dailycommisionreport_test,Manager,STRING
BI_DB_dbo,main.bi_db.gold_sql_dp_prod_we_bi_db_dbo_bi_db_dailycommisionreport_test,Club,STRING
BI_DB_dbo,main.bi_db.gold_sql_dp_prod_we_bi_db_dbo_bi_db_dailycommisionreport_test,FullDate,TIMESTAMP
BI_DB_dbo,main.bi_db.gold_sql_dp_prod_we_bi_db_dbo_bi_db_dailycommisionreport_test,DateID,INT
BI_DB_dbo,main.bi_db.gold_sql_dp_prod_we_bi_db_dbo_bi_db_dailycommisionreport_test,Commissions,DECIMAL
BI_DB_dbo,main.bi_db.gold_sql_dp_prod_we_bi_db_dbo_bi_db_dailycommisionreport_test,FullCommissions,DECIMAL
BI_DB_dbo,main.bi_db.gold_sql_dp_prod_we_bi_db_dbo_bi_db_dailycommisionreport_test,VolumeOnOpen,DECIMAL
BI_DB_dbo,main.bi_db.gold_sql_dp_prod_we_bi_db_dbo_bi_db_dailycommisionreport_test,VolumeOnClose,DECIMAL
BI_DB_dbo,main.bi_db.gold_sql_dp_prod_we_bi_db_dbo_bi_db_dailycommisionreport_test,UpdateDate,TIMESTAMP
BI_DB_dbo,main.bi_db.gold_sql_dp_prod_we_bi_db_dbo_bi_db_dailycommisionreport_test,RollOverFee,DECIMAL
BI_DB_dbo,main.bi_db.gold_sql_dp_prod_we_bi_db_dbo_bi_db_dailycommisionreport_test,FirstDepositDate,TIMESTAMP
BI_DB_dbo,main.bi_db.gold_sql_dp_prod_we_bi_db_dbo_bi_db_dailycommisionreport_test,Regulation,STRING
BI_DB_dbo,main.bi_db.gold_sql_dp_prod_we_bi_db_dbo_bi_db_dailycommisionreport_test,Mifid,STRING
BI_DB_dbo,main.bi_db.gold_sql_dp_prod_we_bi_db_dbo_bi_db_dailycommisionreport_test,IsSettled,BOOLEAN
BI_DB_dbo,main.bi_db.gold_sql_dp_prod_we_bi_db_dbo_bi_db_dailycommisionreport_test,IsMirror,BOOLEAN
BI_DB_dbo,main.bi_db.gold_sql_dp_prod_we_bi_db_dbo_bi_db_dailycommisionreport_test,CommissionOnOpen,DECIMAL
BI_DB_dbo,main.bi_db.gold_sql_dp_prod_we_bi_db_dbo_bi_db_dailycommisionreport_test,CommissionOnCloseAdjustment,DECIMAL
BI_DB_dbo,main.bi_db.gold_sql_dp_prod_we_bi_db_dbo_bi_db_dailycommisionreport_test,FullCommissionOnOpen,DECIMAL
BI_DB_dbo,main.bi_db.gold_sql_dp_prod_we_bi_db_dbo_bi_db_dailycommisionreport_test,FullCommissionOnCloseAdjustment,DECIMAL
BI_DB_dbo,main.bi_db.gold_sql_dp_prod_we_bi_db_dbo_bi_db_dailycommisionreport_test,RegulationID,INT
BI_DB_dbo,main.bi_db.gold_sql_dp_prod_we_bi_db_dbo_bi_db_dailycommisionreport_test,PlayerLevelID,INT
BI_DB_dbo,main.bi_db.gold_sql_dp_prod_we_bi_db_dbo_bi_db_dailycommisionreport_test,MifidCategorizationID,INT
BI_DB_dbo,main.bi_db.gold_sql_dp_prod_we_bi_db_dbo_bi_db_dailycommisionreport_test,IsValidCustomer,BOOLEAN
BI_DB_dbo,main.bi_db.gold_sql_dp_prod_we_bi_db_dbo_bi_db_dailycommisionreport_test,IsCreditReportValidCB,BOOLEAN
BI_DB_dbo,main.bi_db.gold_sql_dp_prod_we_bi_db_dbo_bi_db_dailycommisionreport_test,Label,STRING
BI_DB_dbo,main.bi_db.gold_sql_dp_prod_we_bi_db_dbo_bi_db_dailycommisionreport_test,PlayerStatusID,INT
BI_DB_dbo,main.bi_db.gold_sql_dp_prod_we_bi_db_dbo_bi_db_dailycommisionreport_test,PlayerStatus,STRING
BI_DB_dbo,main.bi_db.gold_sql_dp_prod_we_bi_db_dbo_bi_db_dailycommisionreport_test,AccountStatusID,INT
BI_DB_dbo,main.bi_db.gold_sql_dp_prod_we_bi_db_dbo_bi_db_dailycommisionreport_test,AccountStatusName,STRING
BI_DB_dbo,main.bi_db.gold_sql_dp_prod_we_bi_db_dbo_bi_db_dailycommisionreport_test,AccountTypeID,INT
BI_DB_dbo,main.bi_db.gold_sql_dp_prod_we_bi_db_dbo_bi_db_dailycommisionreport_test,AccountType,STRING
BI_DB_dbo,main.bi_db.gold_sql_dp_prod_we_bi_db_dbo_bi_db_dailycommisionreport_test,IsOutlier,INT
BI_DB_dbo,main.bi_db.gold_sql_dp_prod_we_bi_db_dbo_bi_db_dailycommisionreport_test,Transition,STRING
BI_DB_dbo,main.bi_db.gold_sql_dp_prod_we_bi_db_dbo_bi_db_dailycommisionreport_test,IsGermanBaFIN,INT
BI_DB_dbo,main.bi_db.gold_sql_dp_prod_we_bi_db_dbo_bi_db_dailycommisionreport_test,IsEtoroTradingCID,INT
BI_DB_dbo,main.bi_db.gold_sql_dp_prod_we_bi_db_dbo_bi_db_dailycommisionreport_test,IsGlenEagleAccount,INT
BI_DB_dbo,main.bi_db.gold_sql_dp_prod_we_bi_db_dbo_bi_db_dailycommisionreport_test,eToroTradingGroupUser,STRING
BI_DB_dbo,main.bi_db.gold_sql_dp_prod_we_bi_db_dbo_bi_db_dailycommisionreport_test,RegulationIDPrev,INT
BI_DB_dbo,main.bi_db.gold_sql_dp_prod_we_bi_db_dbo_bi_db_dailycommisionreport_test,RegulationPrev,STRING
BI_DB_dbo,main.bi_db.gold_sql_dp_prod_we_bi_db_dbo_bi_db_dailycommisionreport_test,IsCreditReportValidCBPrev,INT
BI_DB_dbo,main.bi_db.gold_sql_dp_prod_we_bi_db_dbo_bi_db_dailycommisionreport_test,US_State,STRING
BI_DB_dbo,main.bi_db.gold_sql_dp_prod_we_bi_db_dbo_bi_db_dailycommisionreport_test,CommissionOnClose,DOUBLE
BI_DB_dbo,main.bi_db.gold_sql_dp_prod_we_bi_db_dbo_bi_db_dailycommisionreport_test,CommissionByUnitsAtClose,DOUBLE
BI_DB_dbo,main.bi_db.gold_sql_dp_prod_we_bi_db_dbo_bi_db_dailycommisionreport_test,UnrealizedCommissionNew,DOUBLE
BI_DB_dbo,main.bi_db.gold_sql_dp_prod_we_bi_db_dbo_bi_db_dailycommisionreport_test,UnrealizedCommissionOldClosing,DOUBLE
BI_DB_dbo,main.bi_db.gold_sql_dp_prod_we_bi_db_dbo_bi_db_dailycommisionreport_test,RealizedCommission,DOUBLE
BI_DB_dbo,main.bi_db.gold_sql_dp_prod_we_bi_db_dbo_bi_db_dailycommisionreport_test,UnrealizedCommissionChange,DOUBLE
BI_DB_dbo,main.bi_db.gold_sql_dp_prod_we_bi_db_dbo_bi_db_dailycommisionreport_test,FullCommissionOnClose,DOUBLE
BI_DB_dbo,main.bi_db.gold_sql_dp_prod_we_bi_db_dbo_bi_db_dailycommisionreport_test,FullCommissionByUnitsAtClose,DOUBLE
BI_DB_dbo,main.bi_db.gold_sql_dp_prod_we_bi_db_dbo_bi_db_dailycommisionreport_test,UnrealizedFullCommissionNew,DOUBLE
BI_DB_dbo,main.bi_db.gold_sql_dp_prod_we_bi_db_dbo_bi_db_dailycommisionreport_test,UnrealizedFullCommissionOldClosing,DOUBLE
BI_DB_dbo,main.bi_db.gold_sql_dp_prod_we_bi_db_dbo_bi_db_dailycommisionreport_test,RealizedFullCommission,DOUBLE
BI_DB_dbo,main.bi_db.gold_sql_dp_prod_we_bi_db_dbo_bi_db_dailycommisionreport_test,UnealizedFullCommissionChange,DOUBLE
BI_DB_dbo,main.bi_db.gold_sql_dp_prod_we_bi_db_dbo_bi_db_dailycommisionreport_test,IsBuy,INT
BI_DB_dbo,main.bi_db.gold_sql_dp_prod_we_bi_db_dbo_bi_db_dailycommisionreport_test,IsLeverage,INT
BI_DB_dbo,main.bi_db.gold_sql_dp_prod_we_bi_db_dbo_bi_db_dailycommisionreport_test,IsLeverageMoreThen20,INT
BI_DB_dbo,main.bi_db.gold_sql_dp_prod_we_bi_db_dbo_bi_db_dailycommisionreport_test,IsAirDrop,INT
BI_DB_dbo,main.bi_db.gold_sql_dp_prod_we_bi_db_dbo_bi_db_dailycommisionreport_test,SettlementTypeID,INT
BI_DB_dbo,main.bi_db.gold_sql_dp_prod_we_bi_db_dbo_bi_db_dailycommisionreport_test,RollOverFee_SDRT,DOUBLE
BI_DB_dbo,main.bi_db.gold_sql_dp_prod_we_bi_db_dbo_bi_db_dailycommisionreport_test,TradingFees,DOUBLE
BI_DB_dbo,main.bi_db.gold_sql_dp_prod_we_bi_db_dbo_bi_db_dailycommisionreport_test,IsDLTUser,INT
BI_DB_dbo,main.bi_db.gold_sql_dp_prod_we_bi_db_dbo_bi_db_dailycommisionreport_test,TicketFee,DECIMAL
BI_DB_dbo,main.bi_db.gold_sql_dp_prod_we_bi_db_dbo_bi_db_dailycommisionreport_test,TicketFeeByPercent,DECIMAL
BI_DB_dbo,main.bi_db.gold_sql_dp_prod_we_bi_db_dbo_bi_db_dailycommisionreport_test,AdminFee,DECIMAL
BI_DB_dbo,main.bi_db.gold_sql_dp_prod_we_bi_db_dbo_bi_db_dailycommisionreport_test,SpotAdjustFee,DECIMAL
BI_DB_dbo,main.bi_db.gold_sql_dp_prod_we_bi_db_dbo_bi_db_dailycommisionreport_test,InvestedAmountOpen,DECIMAL
BI_DB_dbo,main.bi_db.gold_sql_dp_prod_we_bi_db_dbo_bi_db_dailycommisionreport_test,CountUU,INT
BI_DB_dbo,main.bi_db.gold_sql_dp_prod_we_bi_db_dbo_bi_db_dailycommisionreport_test,IsMarginTrade,INT
BI_DB_dbo,main.bi_db.gold_sql_dp_prod_we_bi_db_dbo_bi_db_dailycommisionreport_test,etr_y,STRING
BI_DB_dbo,main.bi_db.gold_sql_dp_prod_we_bi_db_dbo_bi_db_dailycommisionreport_test,etr_ym,STRING
BI_DB_dbo,main.bi_db.gold_sql_dp_prod_we_bi_db_dbo_bi_db_dailycommisionreport_test,etr_ymd,STRING
BI_DB_dbo,main.bi_db.gold_sql_dp_prod_we_bi_db_dbo_bi_db_dailycopyrevenue,etr_y,INT
BI_DB_dbo,main.bi_db.gold_sql_dp_prod_we_bi_db_dbo_bi_db_dailycopyrevenue,etr_ym,STRING
BI_DB_dbo,main.bi_db.gold_sql_dp_prod_we_bi_db_dbo_bi_db_dailycopyrevenue,etr_ymd,DATE
BI_DB_dbo,main.bi_db.gold_sql_dp_prod_we_bi_db_dbo_bi_db_dailyzero_treesize_new,etr_y,INT
BI_DB_dbo,main.bi_db.gold_sql_dp_prod_we_bi_db_dbo_bi_db_dailyzero_treesize_new,etr_ym,STRING
BI_DB_dbo,main.bi_db.gold_sql_dp_prod_we_bi_db_dbo_bi_db_dailyzero_treesize_new,etr_ymd,DATE
BI_DB_dbo,main.bi_db.gold_sql_dp_prod_we_bi_db_dbo_bi_db_dailyzeropnl_stocks,etr_y,INT
BI_DB_dbo,main.bi_db.gold_sql_dp_prod_we_bi_db_dbo_bi_db_dailyzeropnl_stocks,etr_ym,STRING
BI_DB_dbo,main.bi_db.gold_sql_dp_prod_we_bi_db_dbo_bi_db_dailyzeropnl_stocks,etr_ymd,DATE
BI_DB_dbo,main.bi_db.gold_sql_dp_prod_we_bi_db_dbo_bi_db_ddr_customer_daily_status_backup,Date,TIMESTAMP
BI_DB_dbo,main.bi_db.gold_sql_dp_prod_we_bi_db_dbo_bi_db_ddr_customer_daily_status_backup,DateID,INT
BI_DB_dbo,main.bi_db.gold_sql_dp_prod_we_bi_db_dbo_bi_db_ddr_customer_daily_status_backup,RealCID,INT
BI_DB_dbo,main.bi_db.gold_sql_dp_prod_we_bi_db_dbo_bi_db_ddr_customer_daily_status_backup,TP_FTD_DateID,INT
BI_DB_dbo,main.bi_db.gold_sql_dp_prod_we_bi_db_dbo_bi_db_ddr_customer_daily_status_backup,TP_FTD_Date,TIMESTAMP
BI_DB_dbo,main.bi_db.gold_sql_dp_prod_we_bi_db_dbo_bi_db_ddr_customer_daily_status_backup,TP_FTDA,DECIMAL
BI_DB_dbo,main.bi_db.gold_sql_dp_prod_we_bi_db_dbo_bi_db_ddr_customer_daily_status_backup,IBAN_FTD_DateID,INT
BI_DB_dbo,main.bi_db.gold_sql_dp_prod_we_bi_db_dbo_bi_db_ddr_customer_daily_status_backup,IBAN_FTD_Date,TIMESTAMP
BI_DB_dbo,main.bi_db.gold_sql_dp_prod_we_bi_db_dbo_bi_db_ddr_customer_daily_status_backup,IBAN_FTDA,DECIMAL
BI_DB_dbo,main.bi_db.gold_sql_dp_prod_we_bi_db_dbo_bi_db_ddr_customer_daily_status_backup,TP_External_FTDA,DECIMAL
BI_DB_dbo,main.bi_db.gold_sql_dp_prod_we_bi_db_dbo_bi_db_ddr_customer_daily_status_backup,Global_FTD_DateID,INT
BI_DB_dbo,main.bi_db.gold_sql_dp_prod_we_bi_db_dbo_bi_db_ddr_customer_daily_status_backup,Global_FTD_Date,TIMESTAMP
BI_DB_dbo,main.bi_db.gold_sql_dp_prod_we_bi_db_dbo_bi_db_ddr_customer_daily_status_backup,Global_FTDA,DECIMAL
BI_DB_dbo,main.bi_db.gold_sql_dp_prod_we_bi_db_dbo_bi_db_ddr_customer_daily_status_backup,IsDepositorGlobal,INT
BI_DB_dbo,main.bi_db.gold_sql_dp_prod_we_bi_db_dbo_bi_db_ddr_customer_daily_status_backup,GlobalDeposited,INT
BI_DB_dbo,main.bi_db.gold_sql_dp_prod_we_bi_db_dbo_bi_db_ddr_customer_daily_status_backup,GlobalFirstDeposited,INT
BI_DB_dbo,main.bi_db.gold_sql_dp_prod_we_bi_db_dbo_bi_db_ddr_customer_daily_status_backup,GlobalRedeposited,INT
BI_DB_dbo,main.bi_db.gold_sql_dp_prod_we_bi_db_dbo_bi_db_ddr_customer_daily_status_backup,GlobalCashedOut,INT
BI_DB_dbo,main.bi_db.gold_sql_dp_prod_we_bi_db_dbo_bi_db_ddr_customer_daily_status_backup,Redeemed,INT
BI_DB_dbo,main.bi_db.gold_sql_dp_prod_we_bi_db_dbo_bi_db_ddr_customer_daily_status_backup,DepositedTP,INT
BI_DB_dbo,main.bi_db.gold_sql_dp_prod_we_bi_db_dbo_bi_db_ddr_customer_daily_status_backup,DepositedIBAN,INT
BI_DB_dbo,main.bi_db.gold_sql_dp_prod_we_bi_db_dbo_bi_db_ddr_customer_daily_status_backup,ReDepositedTP,INT
BI_DB_dbo,main.bi_db.gold_sql_dp_prod_we_bi_db_dbo_bi_db_ddr_customer_daily_status_backup,ReDepositedIBAN,INT
BI_DB_dbo,main.bi_db.gold_sql_dp_prod_we_bi_db_dbo_bi_db_ddr_customer_daily_status_backup,TPFirstDeposited,INT
BI_DB_dbo,main.bi_db.gold_sql_dp_prod_we_bi_db_dbo_bi_db_ddr_customer_daily_status_backup,IBANFirstDeposited,INT
BI_DB_dbo,main.bi_db.gold_sql_dp_prod_we_bi_db_dbo_bi_db_ddr_customer_daily_status_backup,TPExternalFirstDeposited,INT
BI_DB_dbo,main.bi_db.gold_sql_dp_prod_we_bi_db_dbo_bi_db_ddr_customer_daily_status_backup,ActiveTraded,INT
BI_DB_dbo,main.bi_db.gold_sql_dp_prod_we_bi_db_dbo_bi_db_ddr_customer_daily_status_backup,BalanceOnlyAccount,INT
BI_DB_dbo,main.bi_db.gold_sql_dp_prod_we_bi_db_dbo_bi_db_ddr_customer_daily_status_backup,Portfolio_Only,DECIMAL
BI_DB_dbo,main.bi_db.gold_sql_dp_prod_we_bi_db_dbo_bi_db_ddr_customer_daily_status_backup,AccountActive,INT
BI_DB_dbo,main.bi_db.gold_sql_dp_prod_we_bi_db_dbo_bi_db_ddr_customer_daily_status_backup,AccountInActive,INT
BI_DB_dbo,main.bi_db.gold_sql_dp_prod_we_bi_db_dbo_bi_db_ddr_customer_daily_status_backup,RegulationID,INT
BI_DB_dbo,main.bi_db.gold_sql_dp_prod_we_bi_db_dbo_bi_db_ddr_customer_daily_status_backup,DesignatedRegulationID,INT
BI_DB_dbo,main.bi_db.gold_sql_dp_prod_we_bi_db_dbo_bi_db_ddr_customer_daily_status_backup,PlayerStatusID,INT
BI_DB_dbo,main.bi_db.gold_sql_dp_prod_we_bi_db_dbo_bi_db_ddr_customer_daily_status_backup,IsCreditReportValidCB,INT
BI_DB_dbo,main.bi_db.gold_sql_dp_prod_we_bi_db_dbo_bi_db_ddr_customer_daily_status_backup,IsValidCustomer,INT
BI_DB_dbo,main.bi_db.gold_sql_dp_prod_we_bi_db_dbo_bi_db_ddr_customer_daily_status_backup,AccountTypeID,INT
BI_DB_dbo,main.bi_db.gold_sql_dp_prod_we_bi_db_dbo_bi_db_ddr_customer_daily_status_backup,CountryID,DECIMAL
BI_DB_dbo,main.bi_db.gold_sql_dp_prod_we_bi_db_dbo_bi_db_ddr_customer_daily_status_backup,MarketingRegion,STRING
BI_DB_dbo,main.bi_db.gold_sql_dp_prod_we_bi_db_dbo_bi_db_ddr_customer_daily_status_backup,MifidCategorizationID,DECIMAL
BI_DB_dbo,main.bi_db.gold_sql_dp_prod_we_bi_db_dbo_bi_db_ddr_customer_daily_status_backup,PlayerLevelID,INT
BI_DB_dbo,main.bi_db.gold_sql_dp_prod_we_bi_db_dbo_bi_db_ddr_customer_daily_status_backup,IsDepositor,INT
BI_DB_dbo,main.bi_db.gold_sql_dp_prod_we_bi_db_dbo_bi_db_ddr_customer_daily_status_backup,IsFunded,INT
BI_DB_dbo,main.bi_db.gold_sql_dp_prod_we_bi_db_dbo_bi_db_ddr_customer_daily_status_backup,FirstTimeFunded,INT
BI_DB_dbo,main.bi_db.gold_sql_dp_prod_we_bi_db_dbo_bi_db_ddr_customer_daily_status_backup,FirstFundedDateID,INT
BI_DB_dbo,main.bi_db.gold_sql_dp_prod_we_bi_db_dbo_bi_db_ddr_customer_daily_status_backup,FirstActionType,STRING
BI_DB_dbo,main.bi_db.gold_sql_dp_prod_we_bi_db_dbo_bi_db_ddr_customer_daily_status_backup,FirstActionDateID,INT
BI_DB_dbo,main.bi_db.gold_sql_dp_prod_we_bi_db_dbo_bi_db_ddr_customer_daily_status_backup,LoggedIn,INT
BI_DB_dbo,main.bi_db.gold_sql_dp_prod_we_bi_db_dbo_bi_db_ddr_customer_daily_status_backup,LoggedInTPDepositor,INT
BI_DB_dbo,main.bi_db.gold_sql_dp_prod_we_bi_db_dbo_bi_db_ddr_customer_daily_status_backup,LoggedInIBANDepositor,INT
BI_DB_dbo,main.bi_db.gold_sql_dp_prod_we_bi_db_dbo_bi_db_ddr_customer_daily_status_backup,LoggedInGlobalDepositor,INT
BI_DB_dbo,main.bi_db.gold_sql_dp_prod_we_bi_db_dbo_bi_db_ddr_customer_daily_status_backup,UpdateDate,TIMESTAMP
BI_DB_dbo,main.bi_db.gold_sql_dp_prod_we_bi_db_dbo_bi_db_ddr_customer_daily_status_backup,FirstIOBDateID,INT
BI_DB_dbo,main.bi_db.gold_sql_dp_prod_we_bi_db_dbo_bi_db_ddr_customer_daily_status_backup,FirstIOBTime,TIMESTAMP
BI_DB_dbo,main.bi_db.gold_sql_dp_prod_we_bi_db_dbo_bi_db_ddr_customer_daily_status_backup,Options_FTD_DateID,INT
BI_DB_dbo,main.bi_db.gold_sql_dp_prod_we_bi_db_dbo_bi_db_ddr_customer_daily_status_backup,Options_FTD_Date,TIMESTAMP
BI_DB_dbo,main.bi_db.gold_sql_dp_prod_we_bi_db_dbo_bi_db_ddr_customer_daily_status_backup,Options_FTDA,DECIMAL
BI_DB_dbo,main.bi_db.gold_sql_dp_prod_we_bi_db_dbo_bi_db_ddr_customer_daily_status_backup,OptionsFirstDeposited,INT
BI_DB_dbo,main.bi_db.gold_sql_dp_prod_we_bi_db_dbo_bi_db_ddr_customer_daily_status_backup,DepositedOptions,INT
BI_DB_dbo,main.bi_db.gold_sql_dp_prod_we_bi_db_dbo_bi_db_ddr_customer_daily_status_backup,ReDepositedOptions,INT
BI_DB_dbo,main.bi_db.gold_sql_dp_prod_we_bi_db_dbo_bi_db_ddr_customer_daily_status_backup,MoneyFarm_FTD_DateID,INT
BI_DB_dbo,main.bi_db.gold_sql_dp_prod_we_bi_db_dbo_bi_db_ddr_customer_daily_status_backup,MoneyFarm_FTD_Date,TIMESTAMP
BI_DB_dbo,main.bi_db.gold_sql_dp_prod_we_bi_db_dbo_bi_db_ddr_customer_daily_status_backup,MoneyFarm_FTDA,DECIMAL
BI_DB_dbo,main.bi_db.gold_sql_dp_prod_we_bi_db_dbo_bi_db_ddr_customer_daily_status_backup,MoneyFarmFirstDeposited,INT
BI_DB_dbo,main.bi_db.gold_sql_dp_prod_we_bi_db_dbo_bi_db_ddr_daily_aggregated,etr_y,INT
BI_DB_dbo,main.bi_db.gold_sql_dp_prod_we_bi_db_dbo_bi_db_ddr_daily_aggregated,etr_ym,STRING
BI_DB_dbo,main.bi_db.gold_sql_dp_prod_we_bi_db_dbo_bi_db_ddr_daily_aggregated,etr_ymd,DATE
BI_DB_dbo,main.bi_db.gold_sql_dp_prod_we_bi_db_dbo_bi_db_depositwithdrawfee,ExchangeFeePercentage,DECIMAL
BI_DB_dbo,main.bi_db.gold_sql_dp_prod_we_bi_db_dbo_bi_db_depositwithdrawfee_bck,DateID,INT
BI_DB_dbo,main.bi_db.gold_sql_dp_prod_we_bi_db_dbo_bi_db_depositwithdrawfee_bck,CID,INT
BI_DB_dbo,main.bi_db.gold_sql_dp_prod_we_bi_db_dbo_bi_db_depositwithdrawfee_bck,DepositWithdrawID,INT
BI_DB_dbo,main.bi_db.gold_sql_dp_prod_we_bi_db_dbo_bi_db_depositwithdrawfee_bck,Occurred,TIMESTAMP
BI_DB_dbo,main.bi_db.gold_sql_dp_prod_we_bi_db_dbo_bi_db_depositwithdrawfee_bck,CreditTypeID,INT
BI_DB_dbo,main.bi_db.gold_sql_dp_prod_we_bi_db_dbo_bi_db_depositwithdrawfee_bck,TransactionID,STRING
BI_DB_dbo,main.bi_db.gold_sql_dp_prod_we_bi_db_dbo_bi_db_depositwithdrawfee_bck,Date,TIMESTAMP
BI_DB_dbo,main.bi_db.gold_sql_dp_prod_we_bi_db_dbo_bi_db_depositwithdrawfee_bck,Customer,STRING
BI_DB_dbo,main.bi_db.gold_sql_dp_prod_we_bi_db_dbo_bi_db_depositwithdrawfee_bck,TransactionType,STRING
BI_DB_dbo,main.bi_db.gold_sql_dp_prod_we_bi_db_dbo_bi_db_depositwithdrawfee_bck,PaymentMethod,STRING
BI_DB_dbo,main.bi_db.gold_sql_dp_prod_we_bi_db_dbo_bi_db_depositwithdrawfee_bck,Amount,DECIMAL
BI_DB_dbo,main.bi_db.gold_sql_dp_prod_we_bi_db_dbo_bi_db_depositwithdrawfee_bck,Currency,STRING
BI_DB_dbo,main.bi_db.gold_sql_dp_prod_we_bi_db_dbo_bi_db_depositwithdrawfee_bck,ExchangeRate,DECIMAL
BI_DB_dbo,main.bi_db.gold_sql_dp_prod_we_bi_db_dbo_bi_db_depositwithdrawfee_bck,AmountUSD,DECIMAL
BI_DB_dbo,main.bi_db.gold_sql_dp_prod_we_bi_db_dbo_bi_db_depositwithdrawfee_bck,RegulationID,INT
BI_DB_dbo,main.bi_db.gold_sql_dp_prod_we_bi_db_dbo_bi_db_depositwithdrawfee_bck,LabelID,INT
BI_DB_dbo,main.bi_db.gold_sql_dp_prod_we_bi_db_dbo_bi_db_depositwithdrawfee_bck,PlayerLevelID,INT
BI_DB_dbo,main.bi_db.gold_sql_dp_prod_we_bi_db_dbo_bi_db_depositwithdrawfee_bck,Regulation,STRING
BI_DB_dbo,main.bi_db.gold_sql_dp_prod_we_bi_db_dbo_bi_db_depositwithdrawfee_bck,Label,STRING
BI_DB_dbo,main.bi_db.gold_sql_dp_prod_we_bi_db_dbo_bi_db_depositwithdrawfee_bck,IsValidCustomer,INT
BI_DB_dbo,main.bi_db.gold_sql_dp_prod_we_bi_db_dbo_bi_db_depositwithdrawfee_bck,UpdateDate,TIMESTAMP
BI_DB_dbo,main.bi_db.gold_sql_dp_prod_we_bi_db_dbo_bi_db_depositwithdrawfee_bck,BaseExchangeRate,DECIMAL
BI_DB_dbo,main.bi_db.gold_sql_dp_prod_we_bi_db_dbo_bi_db_depositwithdrawfee_bck,ExchangeFee,DECIMAL
BI_DB_dbo,main.bi_db.gold_sql_dp_prod_we_bi_db_dbo_bi_db_depositwithdrawfee_bck,ExternalTransactionID,STRING
BI_DB_dbo,main.bi_db.gold_sql_dp_prod_we_bi_db_dbo_bi_db_depositwithdrawfee_bck,Depot,STRING
BI_DB_dbo,main.bi_db.gold_sql_dp_prod_we_bi_db_dbo_bi_db_depositwithdrawfee_bck,MIDValue,STRING
BI_DB_dbo,main.bi_db.gold_sql_dp_prod_we_bi_db_dbo_bi_db_depositwithdrawfee_bck,Club,STRING
BI_DB_dbo,main.bi_db.gold_sql_dp_prod_we_bi_db_dbo_bi_db_depositwithdrawfee_bck,PlayerStatus,STRING
BI_DB_dbo,main.bi_db.gold_sql_dp_prod_we_bi_db_dbo_bi_db_depositwithdrawfee_bck,PIPsCalculation,DECIMAL
BI_DB_dbo,main.bi_db.gold_sql_dp_prod_we_bi_db_dbo_bi_db_depositwithdrawfee_bck,RegCountry,STRING
BI_DB_dbo,main.bi_db.gold_sql_dp_prod_we_bi_db_dbo_bi_db_depositwithdrawfee_bck,RegCountryByIP,STRING
BI_DB_dbo,main.bi_db.gold_sql_dp_prod_we_bi_db_dbo_bi_db_depositwithdrawfee_bck,CardType,STRING
BI_DB_dbo,main.bi_db.gold_sql_dp_prod_we_bi_db_dbo_bi_db_depositwithdrawfee_bck,CardCategory,STRING
BI_DB_dbo,main.bi_db.gold_sql_dp_prod_we_bi_db_dbo_bi_db_depositwithdrawfee_bck,BinCountry,STRING
BI_DB_dbo,main.bi_db.gold_sql_dp_prod_we_bi_db_dbo_bi_db_depositwithdrawfee_bck,MOPCountry,STRING
BI_DB_dbo,main.bi_db.gold_sql_dp_prod_we_bi_db_dbo_bi_db_depositwithdrawfee_bck,IsGermanBaFin,INT
BI_DB_dbo,main.bi_db.gold_sql_dp_prod_we_bi_db_dbo_bi_db_depositwithdrawfee_bck,IsIBANTrade,INT
BI_DB_dbo,main.bi_db.gold_sql_dp_prod_we_bi_db_dbo_bi_db_depositwithdrawfee_bck,MIDName,STRING
BI_DB_dbo,main.bi_db.gold_sql_dp_prod_we_bi_db_dbo_bi_db_depositwithdrawfee_bck,GuruStatus,STRING
BI_DB_dbo,main.bi_db.gold_sql_dp_prod_we_bi_db_dbo_bi_db_depositwithdrawfee_bck,PreviousTransactionStatus,STRING
BI_DB_dbo,main.bi_db.gold_sql_dp_prod_we_bi_db_dbo_bi_db_depositwithdrawfee_bck,TransactionStatus,STRING
BI_DB_dbo,main.bi_db.gold_sql_dp_prod_we_bi_db_dbo_bi_db_depositwithdrawfee_bck,DepositID,INT
BI_DB_dbo,main.bi_db.gold_sql_dp_prod_we_bi_db_dbo_bi_db_depositwithdrawfee_bck,WithdrawPaymentID,INT
BI_DB_dbo,main.bi_db.gold_sql_dp_prod_we_bi_db_dbo_bi_db_depositwithdrawfee_bck,CreditID,LONG
BI_DB_dbo,main.bi_db.gold_sql_dp_prod_we_bi_db_dbo_bi_db_depositwithdrawfee_bck,etr_y,STRING
BI_DB_dbo,main.bi_db.gold_sql_dp_prod_we_bi_db_dbo_bi_db_depositwithdrawfee_bck,etr_ym,STRING
BI_DB_dbo,main.bi_db.gold_sql_dp_prod_we_bi_db_dbo_bi_db_depositwithdrawfee_bck,etr_ymd,STRING
BI_DB_dbo,main.bi_db.gold_sql_dp_prod_we_bi_db_dbo_bi_db_first5actions,Traded_FX/Commodities/Indices,INT
BI_DB_dbo,main.bi_db.gold_sql_dp_prod_we_bi_db_dbo_bi_db_first5actions,Traded_Stocks/ETFs,INT
BI_DB_dbo,main.bi_db.gold_sql_dp_prod_we_bi_db_dbo_bi_db_money_out_new_management_dashboard,Amount$Withdraw,DECIMAL
BI_DB_dbo,main.bi_db.gold_sql_dp_prod_we_bi_db_dbo_bi_db_money_out_stpanalysis_ops_dashboard,Amount$Withdraw,DECIMAL
BI_DB_dbo,main.bi_db.gold_sql_dp_prod_we_bi_db_dbo_bi_db_ops_verificationpipeline_overlevel2,Uploaded_2_Docs,INT
BI_DB_dbo,main.bi_db.gold_sql_dp_prod_we_bi_db_dbo_bi_db_ops_verificationpipeline_overlevel2,Uploaded_POI_only,INT
BI_DB_dbo,main.bi_db.gold_sql_dp_prod_we_bi_db_dbo_bi_db_ops_verificationpipeline_overlevel2,Uploaded_POA_only,INT
BI_DB_dbo,main.bi_db.gold_sql_dp_prod_we_bi_db_dbo_bi_db_positionpnl,etr_y,INT
BI_DB_dbo,main.bi_db.gold_sql_dp_prod_we_bi_db_dbo_bi_db_positionpnl,etr_ym,STRING
BI_DB_dbo,main.bi_db.gold_sql_dp_prod_we_bi_db_dbo_bi_db_positionpnl,etr_ymd,DATE
BI_DB_dbo,main.bi_db.gold_sql_dp_prod_we_bi_db_dbo_bi_db_positionpnl_eu_custody,etr_y,INT
BI_DB_dbo,main.bi_db.gold_sql_dp_prod_we_bi_db_dbo_bi_db_positionpnl_eu_custody,etr_ym,STRING
BI_DB_dbo,main.bi_db.gold_sql_dp_prod_we_bi_db_dbo_bi_db_positionpnl_eu_custody,etr_ymd,DATE
BI_DB_dbo,main.bi_db.gold_sql_dp_prod_we_bi_db_dbo_bi_db_positionpnl_uk_custody,etr_y,INT
BI_DB_dbo,main.bi_db.gold_sql_dp_prod_we_bi_db_dbo_bi_db_positionpnl_uk_custody,etr_ym,STRING
BI_DB_dbo,main.bi_db.gold_sql_dp_prod_we_bi_db_dbo_bi_db_positionpnl_uk_custody,etr_ymd,DATE
BI_DB_dbo,main.bi_db.gold_sql_dp_prod_we_bi_db_dbo_bi_db_positionpnl_uk_custody_resolver,etr_y,INT
BI_DB_dbo,main.bi_db.gold_sql_dp_prod_we_bi_db_dbo_bi_db_positionpnl_uk_custody_resolver,etr_ym,STRING
BI_DB_dbo,main.bi_db.gold_sql_dp_prod_we_bi_db_dbo_bi_db_positionpnl_uk_custody_resolver,etr_ymd,DATE
BI_DB_dbo,main.bi_db.gold_sql_dp_prod_we_bi_db_dbo_bi_db_sfmc_report_archive,SubscriberKey,STRING
BI_DB_dbo,main.bi_db.gold_sql_dp_prod_we_bi_db_dbo_bi_db_sfmc_report_archive,GCID,STRING
BI_DB_dbo,main.bi_db.gold_sql_dp_prod_we_bi_db_dbo_bi_db_sfmc_report_archive,FileDateID,INT
BI_DB_dbo,main.bi_db.gold_sql_dp_prod_we_bi_db_dbo_bi_db_sfmc_report_archive,SentTime,STRING
BI_DB_dbo,main.bi_db.gold_sql_dp_prod_we_bi_db_dbo_bi_db_sfmc_report_archive,SendDateID,INT
BI_DB_dbo,main.bi_db.gold_sql_dp_prod_we_bi_db_dbo_bi_db_sfmc_report_archive,Subjectn,STRING
BI_DB_dbo,main.bi_db.gold_sql_dp_prod_we_bi_db_dbo_bi_db_sfmc_report_archive,SendID,STRING
BI_DB_dbo,main.bi_db.gold_sql_dp_prod_we_bi_db_dbo_bi_db_sfmc_report_archive,EmailName,STRING
BI_DB_dbo,main.bi_db.gold_sql_dp_prod_we_bi_db_dbo_bi_db_sfmc_report_archive,CampaignName,STRING
BI_DB_dbo,main.bi_db.gold_sql_dp_prod_we_bi_db_dbo_bi_db_sfmc_report_archive,CampaignNumber,STRING
BI_DB_dbo,main.bi_db.gold_sql_dp_prod_we_bi_db_dbo_bi_db_sfmc_report_archive,CountSend,INT
BI_DB_dbo,main.bi_db.gold_sql_dp_prod_we_bi_db_dbo_bi_db_sfmc_report_archive,CountOpen,INT
BI_DB_dbo,main.bi_db.gold_sql_dp_prod_we_bi_db_dbo_bi_db_sfmc_report_archive,UniqueOpen,INT
BI_DB_dbo,main.bi_db.gold_sql_dp_prod_we_bi_db_dbo_bi_db_sfmc_report_archive,CountClicks,INT
BI_DB_dbo,main.bi_db.gold_sql_dp_prod_we_bi_db_dbo_bi_db_sfmc_report_archive,UniqueClicks,INT
BI_DB_dbo,main.bi_db.gold_sql_dp_prod_we_bi_db_dbo_bi_db_sfmc_report_archive,CountBounce,INT
BI_DB_dbo,main.bi_db.gold_sql_dp_prod_we_bi_db_dbo_bi_db_sfmc_report_archive,Delivered,INT
BI_DB_dbo,main.bi_db.gold_sql_dp_prod_we_bi_db_dbo_bi_db_sfmc_report_archive,UpdateDate,TIMESTAMP
BI_DB_dbo,main.bi_db.gold_sql_dp_prod_we_bi_db_dbo_bi_db_sfmc_report_archive,SubscriberID,INT
BI_DB_dbo,main.bi_db.gold_sql_dp_prod_we_bi_db_dbo_bi_db_sfmc_report_archive,OpenDate,TIMESTAMP
BI_DB_dbo,main.bi_db.gold_sql_dp_prod_we_bi_db_dbo_bi_db_sfmc_report_archive,ClickDate,TIMESTAMP
BI_DB_dbo,main.bi_db.gold_sql_dp_prod_we_bi_db_dbo_bi_db_sfmc_report_archive,CampaignGroup,STRING
BI_DB_dbo,main.bi_db.gold_sql_dp_prod_we_bi_db_dbo_bi_db_sfmc_report_archive,CampaignSubGroup,STRING
BI_DB_dbo,main.bi_db.gold_sql_dp_prod_we_bi_db_dbo_bi_db_sfmc_report_archive,etr_y,INT
BI_DB_dbo,main.bi_db.gold_sql_dp_prod_we_bi_db_dbo_bi_db_sfmc_report_archive,etr_ym,STRING
BI_DB_dbo,main.bi_db.gold_sql_dp_prod_we_bi_db_dbo_bi_db_sfmc_report_archive,etr_ymd,DATE
BI_DB_dbo,main.bi_db.gold_sql_dp_prod_we_bi_db_dbo_bi_db_social_activity,etr_y,INT
BI_DB_dbo,main.bi_db.gold_sql_dp_prod_we_bi_db_dbo_bi_db_social_activity,etr_ym,STRING
BI_DB_dbo,main.bi_db.gold_sql_dp_prod_we_bi_db_dbo_bi_db_social_activity,etr_ymd,DATE
BI_DB_dbo,main.bi_db.gold_sql_dp_prod_we_bi_db_dbo_bi_db_spreadedpricecandle60minsplitted,etr_y,INT
BI_DB_dbo,main.bi_db.gold_sql_dp_prod_we_bi_db_dbo_bi_db_spreadedpricecandle60minsplitted,etr_ym,STRING
BI_DB_dbo,main.bi_db.gold_sql_dp_prod_we_bi_db_dbo_bi_db_spreadedpricecandle60minsplitted,etr_ymd,DATE
BI_DB_dbo,main.bi_db.gold_sql_dp_prod_we_bi_db_dbo_dwh_gaindaily,etr_y,INT
BI_DB_dbo,main.bi_db.gold_sql_dp_prod_we_bi_db_dbo_dwh_gaindaily,etr_ym,STRING
BI_DB_dbo,main.bi_db.gold_sql_dp_prod_we_bi_db_dbo_dwh_gaindaily,etr_ymd,DATE
BI_DB_dbo,main.bi_db.gold_sql_dp_prod_we_bi_db_dbo_from_synapse_emoneyclientbalance_to_generic_20260216,BalanceDate,TIMESTAMP
BI_DB_dbo,main.bi_db.gold_sql_dp_prod_we_bi_db_dbo_from_synapse_emoneyclientbalance_to_generic_20260216,BalanceDateID,INT
BI_DB_dbo,main.bi_db.gold_sql_dp_prod_we_bi_db_dbo_from_synapse_emoneyclientbalance_to_generic_20260216,AccountId,INT
BI_DB_dbo,main.bi_db.gold_sql_dp_prod_we_bi_db_dbo_from_synapse_emoneyclientbalance_to_generic_20260216,OpeningBalance,DECIMAL
BI_DB_dbo,main.bi_db.gold_sql_dp_prod_we_bi_db_dbo_from_synapse_emoneyclientbalance_to_generic_20260216,OpeningPositiveBalance,DECIMAL
BI_DB_dbo,main.bi_db.gold_sql_dp_prod_we_bi_db_dbo_from_synapse_emoneyclientbalance_to_generic_20260216,BankPayIns,DECIMAL
BI_DB_dbo,main.bi_db.gold_sql_dp_prod_we_bi_db_dbo_from_synapse_emoneyclientbalance_to_generic_20260216,BankPayOuts,DECIMAL
BI_DB_dbo,main.bi_db.gold_sql_dp_prod_we_bi_db_dbo_from_synapse_emoneyclientbalance_to_generic_20260216,Card_POS,DECIMAL
BI_DB_dbo,main.bi_db.gold_sql_dp_prod_we_bi_db_dbo_from_synapse_emoneyclientbalance_to_generic_20260216,Card_ATM,DECIMAL
BI_DB_dbo,main.bi_db.gold_sql_dp_prod_we_bi_db_dbo_from_synapse_emoneyclientbalance_to_generic_20260216,EtoroDeposits,DECIMAL
BI_DB_dbo,main.bi_db.gold_sql_dp_prod_we_bi_db_dbo_from_synapse_emoneyclientbalance_to_generic_20260216,EtoroCashouts,DECIMAL
BI_DB_dbo,main.bi_db.gold_sql_dp_prod_we_bi_db_dbo_from_synapse_emoneyclientbalance_to_generic_20260216,EtoroC2FDeposits,DECIMAL
BI_DB_dbo,main.bi_db.gold_sql_dp_prod_we_bi_db_dbo_from_synapse_emoneyclientbalance_to_generic_20260216,BalanceAdjustments,DECIMAL
BI_DB_dbo,main.bi_db.gold_sql_dp_prod_we_bi_db_dbo_from_synapse_emoneyclientbalance_to_generic_20260216,ChargeBackAdjustments,DECIMAL
BI_DB_dbo,main.bi_db.gold_sql_dp_prod_we_bi_db_dbo_from_synapse_emoneyclientbalance_to_generic_20260216,ATMFee,DECIMAL
BI_DB_dbo,main.bi_db.gold_sql_dp_prod_we_bi_db_dbo_from_synapse_emoneyclientbalance_to_generic_20260216,FxFee,DECIMAL
BI_DB_dbo,main.bi_db.gold_sql_dp_prod_we_bi_db_dbo_from_synapse_emoneyclientbalance_to_generic_20260216,OtherFee,DECIMAL
BI_DB_dbo,main.bi_db.gold_sql_dp_prod_we_bi_db_dbo_from_synapse_emoneyclientbalance_to_generic_20260216,ClosingBalanceCalc,DECIMAL
BI_DB_dbo,main.bi_db.gold_sql_dp_prod_we_bi_db_dbo_from_synapse_emoneyclientbalance_to_generic_20260216,ClosingBalanceBO,DECIMAL
BI_DB_dbo,main.bi_db.gold_sql_dp_prod_we_bi_db_dbo_from_synapse_emoneyclientbalance_to_generic_20260216,ClosingBalanceGAP,DECIMAL
BI_DB_dbo,main.bi_db.gold_sql_dp_prod_we_bi_db_dbo_from_synapse_emoneyclientbalance_to_generic_20260216,OpeningBalanceGAP,DECIMAL
BI_DB_dbo,main.bi_db.gold_sql_dp_prod_we_bi_db_dbo_from_synapse_emoneyclientbalance_to_generic_20260216,ClosingNegativeBalanceBO,DECIMAL
BI_DB_dbo,main.bi_db.gold_sql_dp_prod_we_bi_db_dbo_from_synapse_emoneyclientbalance_to_generic_20260216,NegativeBalanceMovement,DECIMAL
BI_DB_dbo,main.bi_db.gold_sql_dp_prod_we_bi_db_dbo_from_synapse_emoneyclientbalance_to_generic_20260216,ClosingPositiveBalanceBO,DECIMAL
BI_DB_dbo,main.bi_db.gold_sql_dp_prod_we_bi_db_dbo_from_synapse_emoneyclientbalance_to_generic_20260216,ClosingPositiveBalanceCalc,DECIMAL
BI_DB_dbo,main.bi_db.gold_sql_dp_prod_we_bi_db_dbo_from_synapse_emoneyclientbalance_to_generic_20260216,ClosingPositiveBalanceGAP,DECIMAL
BI_DB_dbo,main.bi_db.gold_sql_dp_prod_we_bi_db_dbo_from_synapse_emoneyclientbalance_to_generic_20260216,CheckCalc,DECIMAL
BI_DB_dbo,main.bi_db.gold_sql_dp_prod_we_bi_db_dbo_from_synapse_emoneyclientbalance_to_generic_20260216,TransOutOfDate,DECIMAL
BI_DB_dbo,main.bi_db.gold_sql_dp_prod_we_bi_db_dbo_from_synapse_emoneyclientbalance_to_generic_20260216,HolderId,INT
BI_DB_dbo,main.bi_db.gold_sql_dp_prod_we_bi_db_dbo_from_synapse_emoneyclientbalance_to_generic_20260216,ProgramId,INT
BI_DB_dbo,main.bi_db.gold_sql_dp_prod_we_bi_db_dbo_from_synapse_emoneyclientbalance_to_generic_20260216,Program,STRING
BI_DB_dbo,main.bi_db.gold_sql_dp_prod_we_bi_db_dbo_from_synapse_emoneyclientbalance_to_generic_20260216,CurrencyIson,INT
BI_DB_dbo,main.bi_db.gold_sql_dp_prod_we_bi_db_dbo_from_synapse_emoneyclientbalance_to_generic_20260216,AccountStatus,STRING
BI_DB_dbo,main.bi_db.gold_sql_dp_prod_we_bi_db_dbo_from_synapse_emoneyclientbalance_to_generic_20260216,AccountStatusDescription,STRING
BI_DB_dbo,main.bi_db.gold_sql_dp_prod_we_bi_db_dbo_from_synapse_emoneyclientbalance_to_generic_20260216,Entity,STRING
BI_DB_dbo,main.bi_db.gold_sql_dp_prod_we_bi_db_dbo_from_synapse_emoneyclientbalance_to_generic_20260216,GCID,INT
BI_DB_dbo,main.bi_db.gold_sql_dp_prod_we_bi_db_dbo_from_synapse_emoneyclientbalance_to_generic_20260216,CID,INT
BI_DB_dbo,main.bi_db.gold_sql_dp_prod_we_bi_db_dbo_from_synapse_emoneyclientbalance_to_generic_20260216,AccountSubProgram,STRING
BI_DB_dbo,main.bi_db.gold_sql_dp_prod_we_bi_db_dbo_from_synapse_emoneyclientbalance_to_generic_20260216,IsExistingUser,INT
BI_DB_dbo,main.bi_db.gold_sql_dp_prod_we_bi_db_dbo_from_synapse_emoneyclientbalance_to_generic_20260216,UpdateDate,TIMESTAMP
BI_DB_dbo,main.bi_db.gold_sql_dp_prod_we_bi_db_dbo_from_synapse_emoneyclientbalance_to_generic_20260216,USDApproxRate,DECIMAL
BI_DB_dbo,main.bi_db.gold_sql_dp_prod_we_bi_db_dbo_from_synapse_emoneyclientbalance_to_generic_20260216,HolderCurrency,STRING
BI_DB_dbo,main.bi_db.gold_sql_dp_prod_we_bi_db_dbo_from_synapse_emoneyclientbalance_to_generic_20260216,ReportingCurrency,STRING
BI_DB_dbo,main.bi_db.gold_sql_dp_prod_we_bi_db_dbo_from_synapse_emoneyclientbalance_to_generic_20260216,IsTest,INT
BI_DB_dbo,main.bi_db.gold_sql_dp_prod_we_bi_db_dbo_from_synapse_emoneyclientbalance_to_generic_20260216,CrossExchangeRate,DECIMAL
BI_DB_dbo,main.bi_db.gold_sql_dp_prod_we_bi_db_dbo_from_synapse_emoneyclientbalance_to_generic_20260216,ExchangeRate,DECIMAL
BI_DB_dbo,main.bi_db.gold_sql_dp_prod_we_bi_db_dbo_from_synapse_emoneyclientbalance_to_generic_20260216,OpeningBalanceRepCur,DECIMAL
BI_DB_dbo,main.bi_db.gold_sql_dp_prod_we_bi_db_dbo_from_synapse_emoneyclientbalance_to_generic_20260216,OpeningPositiveBalanceRepCur,DECIMAL
BI_DB_dbo,main.bi_db.gold_sql_dp_prod_we_bi_db_dbo_from_synapse_emoneyclientbalance_to_generic_20260216,FX,DECIMAL
BI_DB_dbo,main.bi_db.gold_sql_dp_prod_we_bi_db_dbo_from_synapse_emoneyclientbalance_to_generic_20260216,PositiveFX,DECIMAL
BI_DB_dbo,main.bi_db.gold_sql_dp_prod_we_bi_db_dbo_from_synapse_emoneyclientbalance_to_generic_20260216,BankPayInsRepCur,DECIMAL
BI_DB_dbo,main.bi_db.gold_sql_dp_prod_we_bi_db_dbo_from_synapse_emoneyclientbalance_to_generic_20260216,BankPayOutsRepCur,DECIMAL
BI_DB_dbo,main.bi_db.gold_sql_dp_prod_we_bi_db_dbo_from_synapse_emoneyclientbalance_to_generic_20260216,Card_POSRepCur,DECIMAL
BI_DB_dbo,main.bi_db.gold_sql_dp_prod_we_bi_db_dbo_from_synapse_emoneyclientbalance_to_generic_20260216,Card_ATMRepCur,DECIMAL
BI_DB_dbo,main.bi_db.gold_sql_dp_prod_we_bi_db_dbo_from_synapse_emoneyclientbalance_to_generic_20260216,EtoroDepositsRepCur,DECIMAL
BI_DB_dbo,main.bi_db.gold_sql_dp_prod_we_bi_db_dbo_from_synapse_emoneyclientbalance_to_generic_20260216,EtoroCashoutsRepCur,DECIMAL
BI_DB_dbo,main.bi_db.gold_sql_dp_prod_we_bi_db_dbo_from_synapse_emoneyclientbalance_to_generic_20260216,EtoroC2FDepositsRepCur,DECIMAL
BI_DB_dbo,main.bi_db.gold_sql_dp_prod_we_bi_db_dbo_from_synapse_emoneyclientbalance_to_generic_20260216,BalanceAdjustmentsRepCur,DECIMAL
BI_DB_dbo,main.bi_db.gold_sql_dp_prod_we_bi_db_dbo_from_synapse_emoneyclientbalance_to_generic_20260216,ChargeBackAdjustmentsRepCur,DECIMAL
BI_DB_dbo,main.bi_db.gold_sql_dp_prod_we_bi_db_dbo_from_synapse_emoneyclientbalance_to_generic_20260216,ATMFeeRepCur,DECIMAL
BI_DB_dbo,main.bi_db.gold_sql_dp_prod_we_bi_db_dbo_from_synapse_emoneyclientbalance_to_generic_20260216,FxFeeRepCur,DECIMAL
BI_DB_dbo,main.bi_db.gold_sql_dp_prod_we_bi_db_dbo_from_synapse_emoneyclientbalance_to_generic_20260216,OtherFeeRepCur,DECIMAL
BI_DB_dbo,main.bi_db.gold_sql_dp_prod_we_bi_db_dbo_from_synapse_emoneyclientbalance_to_generic_20260216,ClosingBalanceBORepCur,DECIMAL
BI_DB_dbo,main.bi_db.gold_sql_dp_prod_we_bi_db_dbo_from_synapse_emoneyclientbalance_to_generic_20260216,ClosingBalanceCalcRepCur,DECIMAL
BI_DB_dbo,main.bi_db.gold_sql_dp_prod_we_bi_db_dbo_from_synapse_emoneyclientbalance_to_generic_20260216,ClosingBalanceGAPRepCur,DECIMAL
BI_DB_dbo,main.bi_db.gold_sql_dp_prod_we_bi_db_dbo_from_synapse_emoneyclientbalance_to_generic_20260216,ClosingNegativeBalanceBORepCur,DECIMAL
BI_DB_dbo,main.bi_db.gold_sql_dp_prod_we_bi_db_dbo_from_synapse_emoneyclientbalance_to_generic_20260216,NegativeBalanceMovementRepCur,DECIMAL
BI_DB_dbo,main.bi_db.gold_sql_dp_prod_we_bi_db_dbo_from_synapse_emoneyclientbalance_to_generic_20260216,ClosingPositiveBalanceBORepCur,DECIMAL
BI_DB_dbo,main.bi_db.gold_sql_dp_prod_we_bi_db_dbo_from_synapse_emoneyclientbalance_to_generic_20260216,ClosingPositiveBalanceCalcRepCur,DECIMAL
BI_DB_dbo,main.bi_db.gold_sql_dp_prod_we_bi_db_dbo_from_synapse_emoneyclientbalance_to_generic_20260216,ClosingPositiveBalanceGAPRepCur,DECIMAL
BI_DB_dbo,main.bi_db.gold_sql_dp_prod_we_bi_db_dbo_from_synapse_emoneyclientbalance_to_generic_20260216,PriceFX,DECIMAL
BI_DB_dbo,main.bi_db.gold_sql_dp_prod_we_bi_db_dbo_from_synapse_emoneyclientbalance_to_generic_20260216,FXGAP,DECIMAL
BI_DB_dbo,main.pii_data.gold_sql_dp_prod_we_bi_db_dbo_bi_db_cidfirstdates_metric_view,CustomerID,INT
BI_DB_dbo,main.pii_data.gold_sql_dp_prod_we_bi_db_dbo_bi_db_cidfirstdates_metric_view,ClubName,STRING
BI_DB_dbo,main.pii_data.gold_sql_dp_prod_we_bi_db_dbo_bi_db_cidfirstdates_metric_view,registered date,DATE
BI_DB_dbo,main.pii_data.gold_sql_dp_prod_we_bi_db_dbo_bi_db_cidfirstdates_metric_view,Total Credit,DECIMAL
BI_DB_dbo,main.pii_data.gold_sql_dp_prod_we_bi_db_dbo_bi_db_cidfirstdates_metric_view,Total Realized Equity,DECIMAL
BI_DB_dbo,main.pii_data.gold_sql_dp_prod_we_bi_db_dbo_bi_db_cidfirstdates_metric_view,Last Deposit Amount,DECIMAL
Dealing_dbo,main.dealing.gold_sql_dp_prod_we_dealing_dbo_dealing_apexrecon_tradeactivity,etr_y,INT
Dealing_dbo,main.dealing.gold_sql_dp_prod_we_dealing_dbo_dealing_apexrecon_tradeactivity,etr_ym,STRING
Dealing_dbo,main.dealing.gold_sql_dp_prod_we_dealing_dbo_dealing_apexrecon_tradeactivity,etr_ymd,DATE
Dealing_dbo,main.dealing.gold_sql_dp_prod_we_dealing_dbo_dealing_boundary_cost,etr_y,STRING
Dealing_dbo,main.dealing.gold_sql_dp_prod_we_dealing_dbo_dealing_boundary_cost,etr_ym,STRING
Dealing_dbo,main.dealing.gold_sql_dp_prod_we_dealing_dbo_dealing_boundary_cost,etr_ymd,STRING
Dealing_dbo,main.dealing.gold_sql_dp_prod_we_dealing_dbo_dealing_clicks_openclose_breakdown,Size_of_Tickets,STRING
Dealing_dbo,main.dealing.gold_sql_dp_prod_we_dealing_dbo_dealing_esmanetloss,etr_y,INT
Dealing_dbo,main.dealing.gold_sql_dp_prod_we_dealing_dbo_dealing_esmanetloss,etr_ym,STRING
Dealing_dbo,main.dealing.gold_sql_dp_prod_we_dealing_dbo_dealing_esmanetloss,etr_ymd,DATE
Dealing_dbo,main.dealing.gold_sql_dp_prod_we_dealing_dbo_dealing_islamic_daily_administrative_fee,NewCloseOccurred,TIMESTAMP
Dealing_dbo,main.dealing.gold_sql_dp_prod_we_dealing_dbo_dealing_islamic_daily_administrative_fee,InstrumentType,STRING
Dealing_dbo,main.dealing.gold_sql_dp_prod_we_dealing_dbo_dealing_islamic_daily_administrative_fee,InstrumentName,STRING
Dealing_dbo,main.dealing.gold_sql_dp_prod_we_dealing_dbo_dealing_islamic_daily_administrative_fee,InstrumentType_ID_InstrumentGroup,INT
Dealing_dbo,main.dealing.gold_sql_dp_prod_we_dealing_dbo_dealing_islamic_daily_administrative_fee,InstrumentName_InstrumentGroup,STRING
Dealing_dbo,main.dealing.gold_sql_dp_prod_we_dealing_dbo_dealing_islamic_daily_administrative_fee,Exchange,STRING
Dealing_dbo,main.dealing.gold_sql_dp_prod_we_dealing_dbo_dealing_islamic_daily_administrative_fee,IsSettled,INT
Dealing_dbo,main.dealing.gold_sql_dp_prod_we_dealing_dbo_dealing_islamic_daily_administrative_fee,ClosedOnWeekend,INT
Dealing_dbo,main.dealing.gold_sql_dp_prod_we_dealing_dbo_dealing_islamic_daily_administrative_fee,Bid,DECIMAL
Dealing_dbo,main.dealing.gold_sql_dp_prod_we_dealing_dbo_dealing_islamic_daily_administrative_fee,Ask,DECIMAL
Dealing_dbo,main.dealing.gold_sql_dp_prod_we_dealing_dbo_dealing_islamic_daily_administrative_fee,ConvertRateIsBuy_1,DECIMAL
Dealing_dbo,main.dealing.gold_sql_dp_prod_we_dealing_dbo_dealing_islamic_daily_administrative_fee,ConvertRateIsBuy_0,DECIMAL
Dealing_dbo,main.dealing.gold_sql_dp_prod_we_dealing_dbo_dealing_islamic_daily_spot_price_adjustment,NewCloseOccurred,TIMESTAMP
Dealing_dbo,main.dealing.gold_sql_dp_prod_we_dealing_dbo_dealing_manipulationreport_realstocks,etr_y,INT
Dealing_dbo,main.dealing.gold_sql_dp_prod_we_dealing_dbo_dealing_manipulationreport_realstocks,etr_ym,STRING
Dealing_dbo,main.dealing.gold_sql_dp_prod_we_dealing_dbo_dealing_manipulationreport_realstocks,etr_ymd,DATE
Dealing_dbo,main.dealing.gold_sql_dp_prod_we_dealing_dbo_dealing_manipulationreport_realstocks_cid,etr_y,INT
Dealing_dbo,main.dealing.gold_sql_dp_prod_we_dealing_dbo_dealing_manipulationreport_realstocks_cid,etr_ym,STRING
Dealing_dbo,main.dealing.gold_sql_dp_prod_we_dealing_dbo_dealing_manipulationreport_realstocks_cid,etr_ymd,DATE
Dealing_dbo,main.dealing.gold_sql_dp_prod_we_dealing_dbo_dealing_marex_recon_eodholdings_futures,etr_y,INT
Dealing_dbo,main.dealing.gold_sql_dp_prod_we_dealing_dbo_dealing_marex_recon_eodholdings_futures,etr_ym,STRING
Dealing_dbo,main.dealing.gold_sql_dp_prod_we_dealing_dbo_dealing_marex_recon_eodholdings_futures,etr_ymd,DATE
Dealing_dbo,main.bi_db.gold_sql_dp_prod_we_dealing_dbo_dealing_nop_report,LiquidityAccountName,STRING
Dealing_dbo,main.bi_db.gold_sql_dp_prod_we_dealing_dbo_dealing_nop_report,AccountNumber,STRING
Dealing_dbo,main.bi_db.gold_sql_dp_prod_we_dealing_dbo_dealing_nop_report,Equity,DOUBLE
Dealing_dbo,main.bi_db.gold_sql_dp_prod_we_dealing_dbo_dealing_nop_report,UnavailableCash,DECIMAL
Dealing_dbo,main.bi_db.gold_sql_dp_prod_we_dealing_dbo_dealing_nop_report,OP,DOUBLE
Dealing_dbo,main.bi_db.gold_sql_dp_prod_we_dealing_dbo_dealing_nop_report,Unrealised_P&L/VariationMargin,DOUBLE
Dealing_dbo,main.bi_db.gold_sql_dp_prod_we_dealing_dbo_dealing_nop_report,CashBalanceSettled,DOUBLE
Dealing_dbo,main.bi_db.gold_sql_dp_prod_we_dealing_dbo_dealing_nop_report,CashBalanceTrade,DOUBLE
Dealing_dbo,main.bi_db.gold_sql_dp_prod_we_dealing_dbo_dealing_nop_report,CashBalanceTradeMidNight,DOUBLE
Dealing_dbo,main.bi_db.gold_sql_dp_prod_we_dealing_dbo_dealing_nop_report,EquityFinance,DOUBLE
EXW_dbo,main.bi_db.gold_sql_dp_prod_we_exw_dbo_exw_reimbursementfollowup,CID,INT
EXW_dbo,main.bi_db.gold_sql_dp_prod_we_exw_dbo_exw_reimbursementfollowup,GCID,INT
EXW_dbo,main.bi_db.gold_sql_dp_prod_we_exw_dbo_exw_reimbursementfollowup,Reimbursement_Rate,DECIMAL
EXW_dbo,main.bi_db.gold_sql_dp_prod_we_exw_dbo_exw_reimbursementfollowup,Date_Rate_For__Reimbursement,TIMESTAMP
EXW_dbo,main.bi_db.gold_sql_dp_prod_we_exw_dbo_exw_reimbursementfollowup,CryptoName,STRING
EXW_dbo,main.bi_db.gold_sql_dp_prod_we_exw_dbo_exw_reimbursementfollowup,CryptoId,INT
EXW_dbo,main.bi_db.gold_sql_dp_prod_we_exw_dbo_exw_reimbursementfollowup,Reimbursement_Coin_Balance,DECIMAL
EXW_dbo,main.bi_db.gold_sql_dp_prod_we_exw_dbo_exw_reimbursementfollowup,Reimbursement_USD_Balance,DECIMAL
EXW_dbo,main.bi_db.gold_sql_dp_prod_we_exw_dbo_exw_reimbursementfollowup,WalletId,STRING
EXW_dbo,main.bi_db.gold_sql_dp_prod_we_exw_dbo_exw_reimbursementfollowup,Address,STRING
EXW_dbo,main.bi_db.gold_sql_dp_prod_we_exw_dbo_exw_reimbursementfollowup,Reimbursement_Country,STRING
EXW_dbo,main.bi_db.gold_sql_dp_prod_we_exw_dbo_exw_reimbursementfollowup,ReimbursementCountryID,INT
EXW_dbo,main.bi_db.gold_sql_dp_prod_we_exw_dbo_exw_reimbursementfollowup,ReportFromDate,TIMESTAMP
EXW_dbo,main.bi_db.gold_sql_dp_prod_we_exw_dbo_exw_reimbursementfollowup,ReportId,INT
EXW_dbo,main.bi_db.gold_sql_dp_prod_we_exw_dbo_exw_reimbursementfollowup,Project,STRING
EXW_dbo,main.bi_db.gold_sql_dp_prod_we_exw_dbo_exw_reimbursementfollowup,CompensationDate,TIMESTAMP
EXW_dbo,main.bi_db.gold_sql_dp_prod_we_exw_dbo_exw_reimbursementfollowup,Reimbursement_Regulation,STRING
EXW_dbo,main.bi_db.gold_sql_dp_prod_we_exw_dbo_exw_reimbursementfollowup,ReimbursementRegulationID,INT
EXW_dbo,main.bi_db.gold_sql_dp_prod_we_exw_dbo_exw_reimbursementfollowup,AMLStatus,STRING
EXW_dbo,main.bi_db.gold_sql_dp_prod_we_exw_dbo_exw_reimbursementfollowup,Current_Country,STRING
EXW_dbo,main.bi_db.gold_sql_dp_prod_we_exw_dbo_exw_reimbursementfollowup,CurrentCountryID,INT
EXW_dbo,main.bi_db.gold_sql_dp_prod_we_exw_dbo_exw_reimbursementfollowup,CurrentRegulation,STRING
EXW_dbo,main.bi_db.gold_sql_dp_prod_we_exw_dbo_exw_reimbursementfollowup,CurrentRegulationID,INT
EXW_dbo,main.bi_db.gold_sql_dp_prod_we_exw_dbo_exw_reimbursementfollowup,CurrentClub,STRING
EXW_dbo,main.bi_db.gold_sql_dp_prod_we_exw_dbo_exw_reimbursementfollowup,UserRegion_State,STRING
EXW_dbo,main.bi_db.gold_sql_dp_prod_we_exw_dbo_exw_reimbursementfollowup,IsTestAccount,INT
EXW_dbo,main.bi_db.gold_sql_dp_prod_we_exw_dbo_exw_reimbursementfollowup,AccountStatusName,STRING
EXW_dbo,main.bi_db.gold_sql_dp_prod_we_exw_dbo_exw_reimbursementfollowup,AccountStatusID,INT
EXW_dbo,main.bi_db.gold_sql_dp_prod_we_exw_dbo_exw_reimbursementfollowup,PlayerStatusID,INT
EXW_dbo,main.bi_db.gold_sql_dp_prod_we_exw_dbo_exw_reimbursementfollowup,PlayerStatus,STRING
EXW_dbo,main.bi_db.gold_sql_dp_prod_we_exw_dbo_exw_reimbursementfollowup,PlayerStatusReason,STRING
EXW_dbo,main.bi_db.gold_sql_dp_prod_we_exw_dbo_exw_reimbursementfollowup,PlayerStatusSubReason,STRING
EXW_dbo,main.bi_db.gold_sql_dp_prod_we_exw_dbo_exw_reimbursementfollowup,CurrentUSDRate,DECIMAL
EXW_dbo,main.bi_db.gold_sql_dp_prod_we_exw_dbo_exw_reimbursementfollowup,Date_of_Current_User_Balance,TIMESTAMP
EXW_dbo,main.bi_db.gold_sql_dp_prod_we_exw_dbo_exw_reimbursementfollowup,VerificationLevelID,INT
EXW_dbo,main.bi_db.gold_sql_dp_prod_we_exw_dbo_exw_reimbursementfollowup,UserWalletAllowance,STRING
EXW_dbo,main.bi_db.gold_sql_dp_prod_we_exw_dbo_exw_reimbursementfollowup,UserWalletAllowanceBeginDate,TIMESTAMP
EXW_dbo,main.bi_db.gold_sql_dp_prod_we_exw_dbo_exw_reimbursementfollowup,DateForCurrentBalanceRate,TIMESTAMP
EXW_dbo,main.bi_db.gold_sql_dp_prod_we_exw_dbo_exw_reimbursementfollowup,Current_Coin_Balance,DECIMAL
EXW_dbo,main.bi_db.gold_sql_dp_prod_we_exw_dbo_exw_reimbursementfollowup,Current_USD_Balance_by_Reimbursement_Rate,DECIMAL
EXW_dbo,main.bi_db.gold_sql_dp_prod_we_exw_dbo_exw_reimbursementfollowup,Current_USD_Balance_by_Current_Rate,DECIMAL
EXW_dbo,main.bi_db.gold_sql_dp_prod_we_exw_dbo_exw_reimbursementfollowup,Regulation_Changed,STRING
EXW_dbo,main.bi_db.gold_sql_dp_prod_we_exw_dbo_exw_reimbursementfollowup,Country_Changed,STRING
EXW_dbo,main.bi_db.gold_sql_dp_prod_we_exw_dbo_exw_reimbursementfollowup,Amount_Change,STRING
EXW_dbo,main.bi_db.gold_sql_dp_prod_we_exw_dbo_exw_reimbursementfollowup,Any_Change,STRING
EXW_dbo,main.bi_db.gold_sql_dp_prod_we_exw_dbo_exw_reimbursementfollowup,Non_Zero_Wallet,STRING
EXW_dbo,main.bi_db.gold_sql_dp_prod_we_exw_dbo_exw_reimbursementfollowup,UpdateDate,TIMESTAMP
EXW_dbo,main.bi_db.gold_sql_dp_prod_we_exw_dbo_exw_reimbursementfollowup,PlatformUSDCompensationPerGCID,DECIMAL
EXW_dbo,main.bi_db.gold_sql_dp_prod_we_exw_dbo_exw_reimbursementfollowup,WalletDataUSDReimbursementPerGCID,DECIMAL
EXW_dbo,main.bi_db.gold_sql_dp_prod_we_exw_dbo_exw_reimbursementfollowup,WalletVsPlatform,STRING
EXW_dbo,main.bi_db.gold_sql_dp_prod_we_exw_dbo_exw_reimbursementfollowup,MaxPlatformCreditDate,TIMESTAMP
EXW_dbo,main.bi_db.gold_sql_dp_prod_we_exw_dbo_exw_reimbursementfollowup,TotalExtractedUnitsPerCrypto,DECIMAL
EXW_dbo,main.bi_db.gold_sql_dp_prod_we_exw_dbo_exw_reimbursementfollowup,TotalExtractedUSDPerCrypto,DECIMAL
EXW_dbo,main.bi_db.gold_sql_dp_prod_we_exw_dbo_exw_reimbursementfollowup,LastExtractionDatePerCrypto,TIMESTAMP
EXW_dbo,main.bi_db.gold_sql_dp_prod_we_exw_dbo_exw_reimbursementfollowup,LastWalletEntity,STRING
EXW_dbo,main.bi_db.gold_sql_dp_prod_we_exw_dbo_exw_reimbursementfollowup,WalletEntity,STRING
