idx,base,target_table,column,direction,status,error
1,bronze_etoro_customer_address,main.pii_data.bronze_etoro_customer_address,Address,masked->pii,OK,
2,bronze_etoro_customer_address,main.pii_data.bronze_etoro_customer_address,AddressTypeID,masked->pii,OK,
3,bronze_etoro_customer_address,main.pii_data.bronze_etoro_customer_address,BeginTime,masked->pii,OK,
4,bronze_etoro_customer_address,main.pii_data.bronze_etoro_customer_address,BuildingNumber,masked->pii,OK,
5,bronze_etoro_customer_address,main.pii_data.bronze_etoro_customer_address,City,masked->pii,OK,
6,bronze_etoro_customer_address,main.pii_data.bronze_etoro_customer_address,CountryID,masked->pii,OK,
7,bronze_etoro_customer_address,main.pii_data.bronze_etoro_customer_address,EndTime,masked->pii,OK,
8,bronze_etoro_customer_address,main.pii_data.bronze_etoro_customer_address,GCID,masked->pii,OK,
9,bronze_etoro_customer_address,main.pii_data.bronze_etoro_customer_address,RegionID,masked->pii,OK,
10,bronze_etoro_customer_address,main.pii_data.bronze_etoro_customer_address,SubRegionID,masked->pii,OK,
11,bronze_etoro_customer_address,main.pii_data.bronze_etoro_customer_address,Zip,masked->pii,OK,
12,bronze_userapidb_customer_extendeduserfield_history,main.bi_db.bronze_userapidb_customer_extendeduserfield_history_masked,Action,pii->masked,OK,
13,bronze_userapidb_customer_extendeduserfield_history,main.bi_db.bronze_userapidb_customer_extendeduserfield_history_masked,AdditionalDetails,pii->masked,OK,
14,bronze_userapidb_customer_extendeduserfield_history,main.bi_db.bronze_userapidb_customer_extendeduserfield_history_masked,CountryId,pii->masked,OK,
15,bronze_userapidb_customer_extendeduserfield_history,main.bi_db.bronze_userapidb_customer_extendeduserfield_history_masked,FieldId,pii->masked,OK,
16,bronze_userapidb_customer_extendeduserfield_history,main.bi_db.bronze_userapidb_customer_extendeduserfield_history_masked,GCID,pii->masked,OK,
17,bronze_userapidb_customer_extendeduserfield_history,main.bi_db.bronze_userapidb_customer_extendeduserfield_history_masked,ID,pii->masked,OK,
18,bronze_userapidb_customer_extendeduserfield_history,main.bi_db.bronze_userapidb_customer_extendeduserfield_history_masked,LastModified,pii->masked,OK,
19,bronze_userapidb_customer_extendeduserfield_history,main.bi_db.bronze_userapidb_customer_extendeduserfield_history_masked,Occurred,pii->masked,OK,
20,bronze_userapidb_customer_extendeduserfield_history,main.bi_db.bronze_userapidb_customer_extendeduserfield_history_masked,TypeId,pii->masked,OK,
21,bronze_userapidb_customer_extendeduserfield_history,main.bi_db.bronze_userapidb_customer_extendeduserfield_history_masked,Value,pii->masked,OK,
22,gold_sql_dp_prod_we_bi_db_dbo_bi_db_cidfirstdates,main.bi_db.gold_sql_dp_prod_we_bi_db_dbo_bi_db_cidfirstdates_masked,Bankruptcy,pii->masked,OK,
23,gold_sql_dp_prod_we_bi_db_dbo_bi_db_cidfirstdates,main.bi_db.gold_sql_dp_prod_we_bi_db_dbo_bi_db_cidfirstdates_masked,BannerID,pii->masked,OK,
24,gold_sql_dp_prod_we_bi_db_dbo_bi_db_cidfirstdates,main.bi_db.gold_sql_dp_prod_we_bi_db_dbo_bi_db_cidfirstdates_masked,BirthDate,pii->masked,OK,
25,gold_sql_dp_prod_we_bi_db_dbo_bi_db_cidfirstdates,main.bi_db.gold_sql_dp_prod_we_bi_db_dbo_bi_db_cidfirstdates_masked,Blocked,pii->masked,OK,
26,gold_sql_dp_prod_we_bi_db_dbo_bi_db_cidfirstdates,main.bi_db.gold_sql_dp_prod_we_bi_db_dbo_bi_db_cidfirstdates_masked,CID,pii->masked,OK,
27,gold_sql_dp_prod_we_bi_db_dbo_bi_db_cidfirstdates,main.bi_db.gold_sql_dp_prod_we_bi_db_dbo_bi_db_cidfirstdates_masked,CertifiedGuru,pii->masked,OK,
28,gold_sql_dp_prod_we_bi_db_dbo_bi_db_cidfirstdates,main.bi_db.gold_sql_dp_prod_we_bi_db_dbo_bi_db_cidfirstdates_masked,Channel,pii->masked,OK,
29,gold_sql_dp_prod_we_bi_db_dbo_bi_db_cidfirstdates,main.bi_db.gold_sql_dp_prod_we_bi_db_dbo_bi_db_cidfirstdates_masked,Club,pii->masked,OK,
30,gold_sql_dp_prod_we_bi_db_dbo_bi_db_cidfirstdates,main.bi_db.gold_sql_dp_prod_we_bi_db_dbo_bi_db_cidfirstdates_masked,CommunicationLanguage,pii->masked,OK,
31,gold_sql_dp_prod_we_bi_db_dbo_bi_db_cidfirstdates,main.bi_db.gold_sql_dp_prod_we_bi_db_dbo_bi_db_cidfirstdates_masked,Country,pii->masked,OK,
32,gold_sql_dp_prod_we_bi_db_dbo_bi_db_cidfirstdates,main.bi_db.gold_sql_dp_prod_we_bi_db_dbo_bi_db_cidfirstdates_masked,CountryID,pii->masked,OK,
33,gold_sql_dp_prod_we_bi_db_dbo_bi_db_cidfirstdates,main.bi_db.gold_sql_dp_prod_we_bi_db_dbo_bi_db_cidfirstdates_masked,Credit,pii->masked,OK,
34,gold_sql_dp_prod_we_bi_db_dbo_bi_db_cidfirstdates,main.bi_db.gold_sql_dp_prod_we_bi_db_dbo_bi_db_cidfirstdates_masked,DepositGroup,pii->masked,OK,
35,gold_sql_dp_prod_we_bi_db_dbo_bi_db_cidfirstdates,main.bi_db.gold_sql_dp_prod_we_bi_db_dbo_bi_db_cidfirstdates_masked,DesignatedRegulationID,pii->masked,OK,
36,gold_sql_dp_prod_we_bi_db_dbo_bi_db_cidfirstdates,main.bi_db.gold_sql_dp_prod_we_bi_db_dbo_bi_db_cidfirstdates_masked,DocsOK,pii->masked,OK,
37,gold_sql_dp_prod_we_bi_db_dbo_bi_db_cidfirstdates,main.bi_db.gold_sql_dp_prod_we_bi_db_dbo_bi_db_cidfirstdates_masked,DownloadID,pii->masked,OK,
38,gold_sql_dp_prod_we_bi_db_dbo_bi_db_cidfirstdates,main.bi_db.gold_sql_dp_prod_we_bi_db_dbo_bi_db_cidfirstdates_masked,Email,pii->masked,OK,
39,gold_sql_dp_prod_we_bi_db_dbo_bi_db_cidfirstdates,main.bi_db.gold_sql_dp_prod_we_bi_db_dbo_bi_db_cidfirstdates_masked,EmailVerifiedDate,pii->masked,OK,
40,gold_sql_dp_prod_we_bi_db_dbo_bi_db_cidfirstdates,main.bi_db.gold_sql_dp_prod_we_bi_db_dbo_bi_db_cidfirstdates_masked,EvMatchStatus,pii->masked,OK,
41,gold_sql_dp_prod_we_bi_db_dbo_bi_db_cidfirstdates,main.bi_db.gold_sql_dp_prod_we_bi_db_dbo_bi_db_cidfirstdates_masked,EvMatchStatusDate,pii->masked,OK,
42,gold_sql_dp_prod_we_bi_db_dbo_bi_db_cidfirstdates,main.bi_db.gold_sql_dp_prod_we_bi_db_dbo_bi_db_cidfirstdates_masked,Evangelist,pii->masked,OK,
43,gold_sql_dp_prod_we_bi_db_dbo_bi_db_cidfirstdates,main.bi_db.gold_sql_dp_prod_we_bi_db_dbo_bi_db_cidfirstdates_masked,FTDIsLessThanAWeek,pii->masked,OK,
44,gold_sql_dp_prod_we_bi_db_dbo_bi_db_cidfirstdates,main.bi_db.gold_sql_dp_prod_we_bi_db_dbo_bi_db_cidfirstdates_masked,FeedUnBlocked,pii->masked,OK,
45,gold_sql_dp_prod_we_bi_db_dbo_bi_db_cidfirstdates,main.bi_db.gold_sql_dp_prod_we_bi_db_dbo_bi_db_cidfirstdates_masked,FeedUnlocked,pii->masked,OK,
46,gold_sql_dp_prod_we_bi_db_dbo_bi_db_cidfirstdates,main.bi_db.gold_sql_dp_prod_we_bi_db_dbo_bi_db_cidfirstdates_masked,FirstCampaignAmount,pii->masked,OK,
47,gold_sql_dp_prod_we_bi_db_dbo_bi_db_cidfirstdates,main.bi_db.gold_sql_dp_prod_we_bi_db_dbo_bi_db_cidfirstdates_masked,FirstCampaignDate,pii->masked,OK,
48,gold_sql_dp_prod_we_bi_db_dbo_bi_db_cidfirstdates,main.bi_db.gold_sql_dp_prod_we_bi_db_dbo_bi_db_cidfirstdates_masked,FirstCampaignID,pii->masked,OK,
49,gold_sql_dp_prod_we_bi_db_dbo_bi_db_cidfirstdates,main.bi_db.gold_sql_dp_prod_we_bi_db_dbo_bi_db_cidfirstdates_masked,FirstCashierLogin,pii->masked,OK,
50,gold_sql_dp_prod_we_bi_db_dbo_bi_db_cidfirstdates,main.bi_db.gold_sql_dp_prod_we_bi_db_dbo_bi_db_cidfirstdates_masked,FirstCashoutDate,pii->masked,OK,
51,gold_sql_dp_prod_we_bi_db_dbo_bi_db_cidfirstdates,main.bi_db.gold_sql_dp_prod_we_bi_db_dbo_bi_db_cidfirstdates_masked,FirstContactAttemptDate,pii->masked,OK,
52,gold_sql_dp_prod_we_bi_db_dbo_bi_db_cidfirstdates,main.bi_db.gold_sql_dp_prod_we_bi_db_dbo_bi_db_cidfirstdates_masked,FirstContactAttemptDate_ByPhone,pii->masked,OK,
53,gold_sql_dp_prod_we_bi_db_dbo_bi_db_cidfirstdates,main.bi_db.gold_sql_dp_prod_we_bi_db_dbo_bi_db_cidfirstdates_masked,FirstContactDate,pii->masked,OK,
54,gold_sql_dp_prod_we_bi_db_dbo_bi_db_cidfirstdates,main.bi_db.gold_sql_dp_prod_we_bi_db_dbo_bi_db_cidfirstdates_masked,FirstContactDate_ByPhone,pii->masked,OK,
55,gold_sql_dp_prod_we_bi_db_dbo_bi_db_cidfirstdates,main.bi_db.gold_sql_dp_prod_we_bi_db_dbo_bi_db_cidfirstdates_masked,FirstDateRetained,pii->masked,OK,
56,gold_sql_dp_prod_we_bi_db_dbo_bi_db_cidfirstdates,main.bi_db.gold_sql_dp_prod_we_bi_db_dbo_bi_db_cidfirstdates_masked,FirstDemoLoggedIn,pii->masked,OK,
57,gold_sql_dp_prod_we_bi_db_dbo_bi_db_cidfirstdates,main.bi_db.gold_sql_dp_prod_we_bi_db_dbo_bi_db_cidfirstdates_masked,FirstDemoMirrorPosOpenDate,pii->masked,OK,
58,gold_sql_dp_prod_we_bi_db_dbo_bi_db_cidfirstdates,main.bi_db.gold_sql_dp_prod_we_bi_db_dbo_bi_db_cidfirstdates_masked,FirstDemoMirrorRegistrationDate,pii->masked,OK,
59,gold_sql_dp_prod_we_bi_db_dbo_bi_db_cidfirstdates,main.bi_db.gold_sql_dp_prod_we_bi_db_dbo_bi_db_cidfirstdates_masked,FirstDemoPosOpenDate,pii->masked,OK,
60,gold_sql_dp_prod_we_bi_db_dbo_bi_db_cidfirstdates,main.bi_db.gold_sql_dp_prod_we_bi_db_dbo_bi_db_cidfirstdates_masked,FirstDepositAmount,pii->masked,OK,
61,gold_sql_dp_prod_we_bi_db_dbo_bi_db_cidfirstdates,main.bi_db.gold_sql_dp_prod_we_bi_db_dbo_bi_db_cidfirstdates_masked,FirstDepositAmountExtended,pii->masked,OK,
62,gold_sql_dp_prod_we_bi_db_dbo_bi_db_cidfirstdates,main.bi_db.gold_sql_dp_prod_we_bi_db_dbo_bi_db_cidfirstdates_masked,FirstDepositAttempt,pii->masked,OK,
63,gold_sql_dp_prod_we_bi_db_dbo_bi_db_cidfirstdates,main.bi_db.gold_sql_dp_prod_we_bi_db_dbo_bi_db_cidfirstdates_masked,FirstDepositAttemptAmount,pii->masked,OK,
64,gold_sql_dp_prod_we_bi_db_dbo_bi_db_cidfirstdates,main.bi_db.gold_sql_dp_prod_we_bi_db_dbo_bi_db_cidfirstdates_masked,FirstDepositAttemptFundingType,pii->masked,OK,
65,gold_sql_dp_prod_we_bi_db_dbo_bi_db_cidfirstdates,main.bi_db.gold_sql_dp_prod_we_bi_db_dbo_bi_db_cidfirstdates_masked,FirstDepositAttemptProcessor,pii->masked,OK,
66,gold_sql_dp_prod_we_bi_db_dbo_bi_db_cidfirstdates,main.bi_db.gold_sql_dp_prod_we_bi_db_dbo_bi_db_cidfirstdates_masked,FirstDepositDate,pii->masked,OK,
67,gold_sql_dp_prod_we_bi_db_dbo_bi_db_cidfirstdates,main.bi_db.gold_sql_dp_prod_we_bi_db_dbo_bi_db_cidfirstdates_masked,FirstDepositFundingType,pii->masked,OK,
68,gold_sql_dp_prod_we_bi_db_dbo_bi_db_cidfirstdates,main.bi_db.gold_sql_dp_prod_we_bi_db_dbo_bi_db_cidfirstdates_masked,FirstDepositProcessor,pii->masked,OK,
69,gold_sql_dp_prod_we_bi_db_dbo_bi_db_cidfirstdates,main.bi_db.gold_sql_dp_prod_we_bi_db_dbo_bi_db_cidfirstdates_masked,FirstEngagementDate,pii->masked,OK,
70,gold_sql_dp_prod_we_bi_db_dbo_bi_db_cidfirstdates,main.bi_db.gold_sql_dp_prod_we_bi_db_dbo_bi_db_cidfirstdates_masked,FirstInstallDate,pii->masked,OK,
71,gold_sql_dp_prod_we_bi_db_dbo_bi_db_cidfirstdates,main.bi_db.gold_sql_dp_prod_we_bi_db_dbo_bi_db_cidfirstdates_masked,FirstLeadDate,pii->masked,OK,
72,gold_sql_dp_prod_we_bi_db_dbo_bi_db_cidfirstdates,main.bi_db.gold_sql_dp_prod_we_bi_db_dbo_bi_db_cidfirstdates_masked,FirstLoggedIn,pii->masked,OK,
73,gold_sql_dp_prod_we_bi_db_dbo_bi_db_cidfirstdates,main.bi_db.gold_sql_dp_prod_we_bi_db_dbo_bi_db_cidfirstdates_masked,FirstMenualPosOpenDate,pii->masked,OK,
74,gold_sql_dp_prod_we_bi_db_dbo_bi_db_cidfirstdates,main.bi_db.gold_sql_dp_prod_we_bi_db_dbo_bi_db_cidfirstdates_masked,FirstMirrorPosOpenDate,pii->masked,OK,
75,gold_sql_dp_prod_we_bi_db_dbo_bi_db_cidfirstdates,main.bi_db.gold_sql_dp_prod_we_bi_db_dbo_bi_db_cidfirstdates_masked,FirstMirrorRegistrationDate,pii->masked,OK,
76,gold_sql_dp_prod_we_bi_db_dbo_bi_db_cidfirstdates,main.bi_db.gold_sql_dp_prod_we_bi_db_dbo_bi_db_cidfirstdates_masked,FirstNewFundedDate,pii->masked,OK,
77,gold_sql_dp_prod_we_bi_db_dbo_bi_db_cidfirstdates,main.bi_db.gold_sql_dp_prod_we_bi_db_dbo_bi_db_cidfirstdates_masked,FirstPosOpenDate,pii->masked,OK,
78,gold_sql_dp_prod_we_bi_db_dbo_bi_db_cidfirstdates,main.bi_db.gold_sql_dp_prod_we_bi_db_dbo_bi_db_cidfirstdates_masked,FirstStocksOpenDate,pii->masked,OK,
79,gold_sql_dp_prod_we_bi_db_dbo_bi_db_cidfirstdates,main.bi_db.gold_sql_dp_prod_we_bi_db_dbo_bi_db_cidfirstdates_masked,FirstTimeBeingCopied,pii->masked,OK,
80,gold_sql_dp_prod_we_bi_db_dbo_bi_db_cidfirstdates,main.bi_db.gold_sql_dp_prod_we_bi_db_dbo_bi_db_cidfirstdates_masked,FirstTimeSocialConnect,pii->masked,OK,
81,gold_sql_dp_prod_we_bi_db_dbo_bi_db_cidfirstdates,main.bi_db.gold_sql_dp_prod_we_bi_db_dbo_bi_db_cidfirstdates_masked,FirstTimeUser,pii->masked,OK,
82,gold_sql_dp_prod_we_bi_db_dbo_bi_db_cidfirstdates,main.bi_db.gold_sql_dp_prod_we_bi_db_dbo_bi_db_cidfirstdates_masked,FirstToSevenDayRetained,pii->masked,OK,
83,gold_sql_dp_prod_we_bi_db_dbo_bi_db_cidfirstdates,main.bi_db.gold_sql_dp_prod_we_bi_db_dbo_bi_db_cidfirstdates_masked,FirstToThirtyDayRetained,pii->masked,OK,
84,gold_sql_dp_prod_we_bi_db_dbo_bi_db_cidfirstdates,main.bi_db.gold_sql_dp_prod_we_bi_db_dbo_bi_db_cidfirstdates_masked,FirstWallEngagement,pii->masked,OK,
85,gold_sql_dp_prod_we_bi_db_dbo_bi_db_cidfirstdates,main.bi_db.gold_sql_dp_prod_we_bi_db_dbo_bi_db_cidfirstdates_masked,Follow5UsersDate,pii->masked,OK,
86,gold_sql_dp_prod_we_bi_db_dbo_bi_db_cidfirstdates,main.bi_db.gold_sql_dp_prod_we_bi_db_dbo_bi_db_cidfirstdates_masked,FunnelFromName,pii->masked,OK,
87,gold_sql_dp_prod_we_bi_db_dbo_bi_db_cidfirstdates,main.bi_db.gold_sql_dp_prod_we_bi_db_dbo_bi_db_cidfirstdates_masked,FunnelName,pii->masked,OK,
88,gold_sql_dp_prod_we_bi_db_dbo_bi_db_cidfirstdates,main.bi_db.gold_sql_dp_prod_we_bi_db_dbo_bi_db_cidfirstdates_masked,GCID,pii->masked,OK,
89,gold_sql_dp_prod_we_bi_db_dbo_bi_db_cidfirstdates,main.bi_db.gold_sql_dp_prod_we_bi_db_dbo_bi_db_cidfirstdates_masked,Gender,pii->masked,OK,
90,gold_sql_dp_prod_we_bi_db_dbo_bi_db_cidfirstdates,main.bi_db.gold_sql_dp_prod_we_bi_db_dbo_bi_db_cidfirstdates_masked,HasPic,pii->masked,OK,
91,gold_sql_dp_prod_we_bi_db_dbo_bi_db_cidfirstdates,main.bi_db.gold_sql_dp_prod_we_bi_db_dbo_bi_db_cidfirstdates_masked,IP,pii->masked,OK,
92,gold_sql_dp_prod_we_bi_db_dbo_bi_db_cidfirstdates,main.bi_db.gold_sql_dp_prod_we_bi_db_dbo_bi_db_cidfirstdates_masked,IsAirDropBefore,pii->masked,OK,
93,gold_sql_dp_prod_we_bi_db_dbo_bi_db_cidfirstdates,main.bi_db.gold_sql_dp_prod_we_bi_db_dbo_bi_db_cidfirstdates_masked,IsFundedNew,pii->masked,OK,
94,gold_sql_dp_prod_we_bi_db_dbo_bi_db_cidfirstdates,main.bi_db.gold_sql_dp_prod_we_bi_db_dbo_bi_db_cidfirstdates_masked,IsSales,pii->masked,OK,
95,gold_sql_dp_prod_we_bi_db_dbo_bi_db_cidfirstdates,main.bi_db.gold_sql_dp_prod_we_bi_db_dbo_bi_db_cidfirstdates_masked,KYC,pii->masked,OK,
96,gold_sql_dp_prod_we_bi_db_dbo_bi_db_cidfirstdates,main.bi_db.gold_sql_dp_prod_we_bi_db_dbo_bi_db_cidfirstdates_masked,KycModeID,pii->masked,OK,
97,gold_sql_dp_prod_we_bi_db_dbo_bi_db_cidfirstdates,main.bi_db.gold_sql_dp_prod_we_bi_db_dbo_bi_db_cidfirstdates_masked,LabelName,pii->masked,OK,
98,gold_sql_dp_prod_we_bi_db_dbo_bi_db_cidfirstdates,main.bi_db.gold_sql_dp_prod_we_bi_db_dbo_bi_db_cidfirstdates_masked,Language,pii->masked,OK,
99,gold_sql_dp_prod_we_bi_db_dbo_bi_db_cidfirstdates,main.bi_db.gold_sql_dp_prod_we_bi_db_dbo_bi_db_cidfirstdates_masked,LastActionDateForLifeStage,pii->masked,OK,
100,gold_sql_dp_prod_we_bi_db_dbo_bi_db_cidfirstdates,main.bi_db.gold_sql_dp_prod_we_bi_db_dbo_bi_db_cidfirstdates_masked,LastCampaignSentDate,pii->masked,OK,
101,gold_sql_dp_prod_we_bi_db_dbo_bi_db_cidfirstdates,main.bi_db.gold_sql_dp_prod_we_bi_db_dbo_bi_db_cidfirstdates_masked,LastCashierLogin,pii->masked,OK,
102,gold_sql_dp_prod_we_bi_db_dbo_bi_db_cidfirstdates,main.bi_db.gold_sql_dp_prod_we_bi_db_dbo_bi_db_cidfirstdates_masked,LastCashoutDate,pii->masked,OK,
103,gold_sql_dp_prod_we_bi_db_dbo_bi_db_cidfirstdates,main.bi_db.gold_sql_dp_prod_we_bi_db_dbo_bi_db_cidfirstdates_masked,LastContactAttemptDate,pii->masked,OK,
104,gold_sql_dp_prod_we_bi_db_dbo_bi_db_cidfirstdates,main.bi_db.gold_sql_dp_prod_we_bi_db_dbo_bi_db_cidfirstdates_masked,LastContactAttemptDate_ByPhone,pii->masked,OK,
105,gold_sql_dp_prod_we_bi_db_dbo_bi_db_cidfirstdates,main.bi_db.gold_sql_dp_prod_we_bi_db_dbo_bi_db_cidfirstdates_masked,LastContactDate,pii->masked,OK,
106,gold_sql_dp_prod_we_bi_db_dbo_bi_db_cidfirstdates,main.bi_db.gold_sql_dp_prod_we_bi_db_dbo_bi_db_cidfirstdates_masked,LastContactDate_ByPhone,pii->masked,OK,
107,gold_sql_dp_prod_we_bi_db_dbo_bi_db_cidfirstdates,main.bi_db.gold_sql_dp_prod_we_bi_db_dbo_bi_db_cidfirstdates_masked,LastDemoLoggedIn,pii->masked,OK,
108,gold_sql_dp_prod_we_bi_db_dbo_bi_db_cidfirstdates,main.bi_db.gold_sql_dp_prod_we_bi_db_dbo_bi_db_cidfirstdates_masked,LastDemoMirrorPosOpenDate,pii->masked,OK,
109,gold_sql_dp_prod_we_bi_db_dbo_bi_db_cidfirstdates,main.bi_db.gold_sql_dp_prod_we_bi_db_dbo_bi_db_cidfirstdates_masked,LastDemoMirrorRegistrationDate,pii->masked,OK,
110,gold_sql_dp_prod_we_bi_db_dbo_bi_db_cidfirstdates,main.bi_db.gold_sql_dp_prod_we_bi_db_dbo_bi_db_cidfirstdates_masked,LastDemoPosOpenDate,pii->masked,OK,
111,gold_sql_dp_prod_we_bi_db_dbo_bi_db_cidfirstdates,main.bi_db.gold_sql_dp_prod_we_bi_db_dbo_bi_db_cidfirstdates_masked,LastDepositAmount,pii->masked,OK,
112,gold_sql_dp_prod_we_bi_db_dbo_bi_db_cidfirstdates,main.bi_db.gold_sql_dp_prod_we_bi_db_dbo_bi_db_cidfirstdates_masked,LastDepositDate,pii->masked,OK,
113,gold_sql_dp_prod_we_bi_db_dbo_bi_db_cidfirstdates,main.bi_db.gold_sql_dp_prod_we_bi_db_dbo_bi_db_cidfirstdates_masked,LastDepositFundingType,pii->masked,OK,
114,gold_sql_dp_prod_we_bi_db_dbo_bi_db_cidfirstdates,main.bi_db.gold_sql_dp_prod_we_bi_db_dbo_bi_db_cidfirstdates_masked,LastEngagementDate,pii->masked,OK,
115,gold_sql_dp_prod_we_bi_db_dbo_bi_db_cidfirstdates,main.bi_db.gold_sql_dp_prod_we_bi_db_dbo_bi_db_cidfirstdates_masked,LastLoggedIn,pii->masked,OK,
116,gold_sql_dp_prod_we_bi_db_dbo_bi_db_cidfirstdates,main.bi_db.gold_sql_dp_prod_we_bi_db_dbo_bi_db_cidfirstdates_masked,LastMenualPosOpenDate,pii->masked,OK,
117,gold_sql_dp_prod_we_bi_db_dbo_bi_db_cidfirstdates,main.bi_db.gold_sql_dp_prod_we_bi_db_dbo_bi_db_cidfirstdates_masked,LastMirrorPosOpenDate,pii->masked,OK,
118,gold_sql_dp_prod_we_bi_db_dbo_bi_db_cidfirstdates,main.bi_db.gold_sql_dp_prod_we_bi_db_dbo_bi_db_cidfirstdates_masked,LastMirrorRegistrationDate,pii->masked,OK,
119,gold_sql_dp_prod_we_bi_db_dbo_bi_db_cidfirstdates,main.bi_db.gold_sql_dp_prod_we_bi_db_dbo_bi_db_cidfirstdates_masked,LastNewFundedDate,pii->masked,OK,
120,gold_sql_dp_prod_we_bi_db_dbo_bi_db_cidfirstdates,main.bi_db.gold_sql_dp_prod_we_bi_db_dbo_bi_db_cidfirstdates_masked,LastPosOpenDate,pii->masked,OK,
121,gold_sql_dp_prod_we_bi_db_dbo_bi_db_cidfirstdates,main.bi_db.gold_sql_dp_prod_we_bi_db_dbo_bi_db_cidfirstdates_masked,LastPublishedPostDate,pii->masked,OK,
122,gold_sql_dp_prod_we_bi_db_dbo_bi_db_cidfirstdates,main.bi_db.gold_sql_dp_prod_we_bi_db_dbo_bi_db_cidfirstdates_masked,LastTimeBeingCopied,pii->masked,OK,
123,gold_sql_dp_prod_we_bi_db_dbo_bi_db_cidfirstdates,main.bi_db.gold_sql_dp_prod_we_bi_db_dbo_bi_db_cidfirstdates_masked,Manager,pii->masked,OK,
124,gold_sql_dp_prod_we_bi_db_dbo_bi_db_cidfirstdates,main.bi_db.gold_sql_dp_prod_we_bi_db_dbo_bi_db_cidfirstdates_masked,Model_FTDsOTDs,pii->masked,OK,
125,gold_sql_dp_prod_we_bi_db_dbo_bi_db_cidfirstdates,main.bi_db.gold_sql_dp_prod_we_bi_db_dbo_bi_db_cidfirstdates_masked,Model_Leads,pii->masked,OK,
126,gold_sql_dp_prod_we_bi_db_dbo_bi_db_cidfirstdates,main.bi_db.gold_sql_dp_prod_we_bi_db_dbo_bi_db_cidfirstdates_masked,Model_ReDepositor,pii->masked,OK,
127,gold_sql_dp_prod_we_bi_db_dbo_bi_db_cidfirstdates,main.bi_db.gold_sql_dp_prod_we_bi_db_dbo_bi_db_cidfirstdates_masked,NewMarketingRegion,pii->masked,OK,
128,gold_sql_dp_prod_we_bi_db_dbo_bi_db_cidfirstdates,main.bi_db.gold_sql_dp_prod_we_bi_db_dbo_bi_db_cidfirstdates_masked,NumberOfUsersFollowed,pii->masked,OK,
129,gold_sql_dp_prod_we_bi_db_dbo_bi_db_cidfirstdates,main.bi_db.gold_sql_dp_prod_we_bi_db_dbo_bi_db_cidfirstdates_masked,OriginalCID,pii->masked,OK,
130,gold_sql_dp_prod_we_bi_db_dbo_bi_db_cidfirstdates,main.bi_db.gold_sql_dp_prod_we_bi_db_dbo_bi_db_cidfirstdates_masked,PEPCreatedTime,pii->masked,OK,
131,gold_sql_dp_prod_we_bi_db_dbo_bi_db_cidfirstdates,main.bi_db.gold_sql_dp_prod_we_bi_db_dbo_bi_db_cidfirstdates_masked,PEPStatusID,pii->masked,OK,
132,gold_sql_dp_prod_we_bi_db_dbo_bi_db_cidfirstdates,main.bi_db.gold_sql_dp_prod_we_bi_db_dbo_bi_db_cidfirstdates_masked,PEPStatusUpdatedDate,pii->masked,OK,
133,gold_sql_dp_prod_we_bi_db_dbo_bi_db_cidfirstdates,main.bi_db.gold_sql_dp_prod_we_bi_db_dbo_bi_db_cidfirstdates_masked,PassedSuitabilityTest,pii->masked,OK,
134,gold_sql_dp_prod_we_bi_db_dbo_bi_db_cidfirstdates,main.bi_db.gold_sql_dp_prod_we_bi_db_dbo_bi_db_cidfirstdates_masked,PhoneVerifiedDate,pii->masked,OK,
135,gold_sql_dp_prod_we_bi_db_dbo_bi_db_cidfirstdates,main.bi_db.gold_sql_dp_prod_we_bi_db_dbo_bi_db_cidfirstdates_masked,PopularInvestor,pii->masked,OK,
136,gold_sql_dp_prod_we_bi_db_dbo_bi_db_cidfirstdates,main.bi_db.gold_sql_dp_prod_we_bi_db_dbo_bi_db_cidfirstdates_masked,PotentialDesk,pii->masked,OK,
137,gold_sql_dp_prod_we_bi_db_dbo_bi_db_cidfirstdates,main.bi_db.gold_sql_dp_prod_we_bi_db_dbo_bi_db_cidfirstdates_masked,PremiumAccount,pii->masked,OK,
138,gold_sql_dp_prod_we_bi_db_dbo_bi_db_cidfirstdates,main.bi_db.gold_sql_dp_prod_we_bi_db_dbo_bi_db_cidfirstdates_masked,PrivacyPolicyID,pii->masked,OK,
139,gold_sql_dp_prod_we_bi_db_dbo_bi_db_cidfirstdates,main.bi_db.gold_sql_dp_prod_we_bi_db_dbo_bi_db_cidfirstdates_masked,ProfessionalApplicationDate,pii->masked,OK,
140,gold_sql_dp_prod_we_bi_db_dbo_bi_db_cidfirstdates,main.bi_db.gold_sql_dp_prod_we_bi_db_dbo_bi_db_cidfirstdates_masked,RealizedEquity,pii->masked,OK,
141,gold_sql_dp_prod_we_bi_db_dbo_bi_db_cidfirstdates,main.bi_db.gold_sql_dp_prod_we_bi_db_dbo_bi_db_cidfirstdates_masked,ReferralID,pii->masked,OK,
142,gold_sql_dp_prod_we_bi_db_dbo_bi_db_cidfirstdates,main.bi_db.gold_sql_dp_prod_we_bi_db_dbo_bi_db_cidfirstdates_masked,Region,pii->masked,OK,
143,gold_sql_dp_prod_we_bi_db_dbo_bi_db_cidfirstdates,main.bi_db.gold_sql_dp_prod_we_bi_db_dbo_bi_db_cidfirstdates_masked,RegulationID,pii->masked,OK,
144,gold_sql_dp_prod_we_bi_db_dbo_bi_db_cidfirstdates,main.bi_db.gold_sql_dp_prod_we_bi_db_dbo_bi_db_cidfirstdates_masked,RiskGroup,pii->masked,OK,
145,gold_sql_dp_prod_we_bi_db_dbo_bi_db_cidfirstdates,main.bi_db.gold_sql_dp_prod_we_bi_db_dbo_bi_db_cidfirstdates_masked,SerialID,pii->masked,OK,
146,gold_sql_dp_prod_we_bi_db_dbo_bi_db_cidfirstdates,main.bi_db.gold_sql_dp_prod_we_bi_db_dbo_bi_db_cidfirstdates_masked,SevenDayRetained,pii->masked,OK,
147,gold_sql_dp_prod_we_bi_db_dbo_bi_db_cidfirstdates,main.bi_db.gold_sql_dp_prod_we_bi_db_dbo_bi_db_cidfirstdates_masked,SignedW8Date,pii->masked,OK,
148,gold_sql_dp_prod_we_bi_db_dbo_bi_db_cidfirstdates,main.bi_db.gold_sql_dp_prod_we_bi_db_dbo_bi_db_cidfirstdates_masked,SocialConnect,pii->masked,OK,
149,gold_sql_dp_prod_we_bi_db_dbo_bi_db_cidfirstdates,main.bi_db.gold_sql_dp_prod_we_bi_db_dbo_bi_db_cidfirstdates_masked,State,pii->masked,OK,
150,gold_sql_dp_prod_we_bi_db_dbo_bi_db_cidfirstdates,main.bi_db.gold_sql_dp_prod_we_bi_db_dbo_bi_db_cidfirstdates_masked,SubAffiliateID,pii->masked,OK,
151,gold_sql_dp_prod_we_bi_db_dbo_bi_db_cidfirstdates,main.bi_db.gold_sql_dp_prod_we_bi_db_dbo_bi_db_cidfirstdates_masked,SubChannel,pii->masked,OK,
152,gold_sql_dp_prod_we_bi_db_dbo_bi_db_cidfirstdates,main.bi_db.gold_sql_dp_prod_we_bi_db_dbo_bi_db_cidfirstdates_masked,SuitabilityTestCompletedAt,pii->masked,OK,
153,gold_sql_dp_prod_we_bi_db_dbo_bi_db_cidfirstdates,main.bi_db.gold_sql_dp_prod_we_bi_db_dbo_bi_db_cidfirstdates_masked,UpdateDate,pii->masked,OK,
154,gold_sql_dp_prod_we_bi_db_dbo_bi_db_cidfirstdates,main.bi_db.gold_sql_dp_prod_we_bi_db_dbo_bi_db_cidfirstdates_masked,UserName,pii->masked,OK,
155,gold_sql_dp_prod_we_bi_db_dbo_bi_db_cidfirstdates,main.bi_db.gold_sql_dp_prod_we_bi_db_dbo_bi_db_cidfirstdates_masked,VerificationLevel1Date,pii->masked,OK,
156,gold_sql_dp_prod_we_bi_db_dbo_bi_db_cidfirstdates,main.bi_db.gold_sql_dp_prod_we_bi_db_dbo_bi_db_cidfirstdates_masked,VerificationLevel2Date,pii->masked,OK,
157,gold_sql_dp_prod_we_bi_db_dbo_bi_db_cidfirstdates,main.bi_db.gold_sql_dp_prod_we_bi_db_dbo_bi_db_cidfirstdates_masked,VerificationLevel3Date,pii->masked,OK,
158,gold_sql_dp_prod_we_bi_db_dbo_bi_db_cidfirstdates,main.bi_db.gold_sql_dp_prod_we_bi_db_dbo_bi_db_cidfirstdates_masked,Verified,pii->masked,OK,
159,gold_sql_dp_prod_we_bi_db_dbo_bi_db_cidfirstdates,main.bi_db.gold_sql_dp_prod_we_bi_db_dbo_bi_db_cidfirstdates_masked,isPassedPEP,pii->masked,OK,
160,gold_sql_dp_prod_we_bi_db_dbo_bi_db_cidfirstdates,main.bi_db.gold_sql_dp_prod_we_bi_db_dbo_bi_db_cidfirstdates_masked,registered,pii->masked,OK,
