wiki_path,uc_full_name,synapse_schema,topological_layer,tier1_claim_count,has_alter_sql,wiki_kind
knowledge/UC_generated/etoro_kpi_prep/Views/v_fact_customeraction.md,main.etoro_kpi_prep.v_fact_customeraction,,1,36,NO,uc_generated
knowledge/UC_generated/etoro_kpi_prep/Views/v_fact_customeraction_enriched.md,main.etoro_kpi_prep.v_fact_customeraction_enriched,,1,36,YES,uc_generated
knowledge/UC_generated/etoro_kpi_prep/Views/v_dim_instrument_enriched.md,main.etoro_kpi_prep.v_dim_instrument_enriched,,1,30,NO,uc_generated
knowledge/UC_generated/etoro_kpi_prep/Views/v_copyfund_positions.md,main.etoro_kpi_prep.v_copyfund_positions,,1,5,NO,uc_generated
knowledge/UC_generated/etoro_kpi_prep/Views/v_mimo_tradingplatform.md,main.etoro_kpi_prep.v_mimo_tradingplatform,,1,3,NO,uc_generated
knowledge/UC_generated/etoro_kpi_prep/Views/v_dim_ftdplatform.md,main.etoro_kpi_prep.v_dim_ftdplatform,,1,1,NO,uc_generated
knowledge/UC_generated/etoro_kpi_prep/Views/v_globalftdplatform.md,main.etoro_kpi_prep.v_globalftdplatform,,1,1,NO,uc_generated
knowledge/UC_generated/etoro_kpi_prep/Views/v_revenue_ticketfee_bypercent.md,main.etoro_kpi_prep.v_revenue_ticketfee_bypercent,,1,1,NO,uc_generated
knowledge/UC_generated/etoro_kpi_prep/Views/v_fact_customeraction_w_metrics.md,main.etoro_kpi_prep.v_fact_customeraction_w_metrics,,2,25,YES,uc_generated
knowledge/synapse/Wiki/BI_DB_dbo/Tables/BI_DB_CID_DailyPanel_FullData_SWITCH.md,main.dwh.gold_sql_dp_prod_we_bi_db_dbo_bi_db_cid__daily_panel__full_data_switch,BI_DB_dbo,999,169,NO,synapse_mirror
knowledge/synapse/Wiki/BI_DB_dbo/Tables/BI_DB_Client_Balance_CID_Level_New_Blocked.md,main.dwh.gold_sql_dp_prod_we_bi_db_dbo_bi_db__client__balance_cid__level__new__blocked,BI_DB_dbo,999,120,NO,synapse_mirror
knowledge/synapse/Wiki/DWH_dbo/Tables/Dim_Position.md,main.dwh.gold_sql_dp_prod_we_dwh_dbo_dim__position,DWH_dbo,999,83,YES,synapse_mirror
knowledge/synapse/Wiki/DWH_dbo/Tables/Dim_Customer.md,main.dwh.gold_sql_dp_prod_we_dwh_dbo_dim__customer,DWH_dbo,999,63,YES,synapse_mirror
knowledge/synapse/Wiki/DWH_dbo/Views/V_Dim_Customer.md,main.dwh.gold_sql_dp_prod_we_dwh_dbo_v__dim__customer,DWH_dbo,999,58,NO,synapse_mirror
knowledge/synapse/Wiki/DWH_dbo/Tables/Fact_CustomerAction.md,main.dwh.gold_sql_dp_prod_we_dwh_dbo_fact__customer_action,DWH_dbo,999,41,YES,synapse_mirror
knowledge/synapse/Wiki/EXW_dbo/Tables/EXW_C2F_E2E.md,main.dwh.gold_sql_dp_prod_we_exw_dbo_exw_c2_f_e2_e,EXW_dbo,999,38,YES,synapse_mirror
knowledge/synapse/Wiki/EXW_dbo/Views/V_EXW_C2F_E2E_4Export.md,main.dwh.gold_sql_dp_prod_we_exw_dbo_v_exw_c2_f_e2_e_4_export,EXW_dbo,999,38,YES,synapse_mirror
knowledge/synapse/Wiki/BI_DB_dbo/Tables/BI_DB_CIDFirstDates.md,main.dwh.gold_sql_dp_prod_we_bi_db_dbo_bi_db_cid_first_dates,BI_DB_dbo,999,34,YES,synapse_mirror
knowledge/synapse/Wiki/BI_DB_dbo/Tables/BI_DB_Deposits.md,main.dwh.gold_sql_dp_prod_we_bi_db_dbo_bi_db__deposits,BI_DB_dbo,999,34,NO,synapse_mirror
knowledge/synapse/Wiki/DWH_dbo/Tables/Fact_BillingWithdraw.md,main.dwh.gold_sql_dp_prod_we_dwh_dbo_fact__billing_withdraw,DWH_dbo,999,34,YES,synapse_mirror
knowledge/synapse/Wiki/EXW_dbo/Tables/EXW_RedeemReconciliation.md,main.dwh.gold_sql_dp_prod_we_exw_dbo_exw__redeem_reconciliation,EXW_dbo,999,34,YES,synapse_mirror
knowledge/synapse/Wiki/DWH_dbo/Tables/Fact_BillingDeposit.md,main.dwh.gold_sql_dp_prod_we_dwh_dbo_fact__billing_deposit,DWH_dbo,999,33,YES,synapse_mirror
knowledge/synapse/Wiki/EXW_dbo/Views/EXW_V_RedeemReconciliation.md,main.dwh.gold_sql_dp_prod_we_exw_dbo_exw_v__redeem_reconciliation,EXW_dbo,999,33,YES,synapse_mirror
knowledge/synapse/Wiki/BI_DB_dbo/Tables/BI_DB_Fact_Customer_Action_Position_Distribution.md,main.dwh.gold_sql_dp_prod_we_bi_db_dbo_bi_db__fact__customer__action__position__distribution,BI_DB_dbo,999,32,YES,synapse_mirror
knowledge/synapse/Wiki/DWH_dbo/Tables/Dim_Instrument.md,main.dwh.gold_sql_dp_prod_we_dwh_dbo_dim__instrument,DWH_dbo,999,30,YES,synapse_mirror
knowledge/synapse/Wiki/BI_DB_dbo/Tables/BI_DB_PositionPnL_EU_Custody.md,main.dwh.gold_sql_dp_prod_we_bi_db_dbo_bi_db__position_pn_l_eu__custody,BI_DB_dbo,999,28,YES,synapse_mirror
knowledge/synapse/Wiki/BI_DB_dbo/Tables/BI_DB_PositionPnL_UK_Custody.md,main.dwh.gold_sql_dp_prod_we_bi_db_dbo_bi_db__position_pn_l_uk__custody,BI_DB_dbo,999,28,YES,synapse_mirror
knowledge/synapse/Wiki/eMoney_dbo/Tables/eMoney_Dim_Account.md,main.dwh.gold_sql_dp_prod_we_emoney_dbo_e_money__dim__account,eMoney_dbo,999,28,YES,synapse_mirror
knowledge/synapse/Wiki/DWH_dbo/Tables/Dim_Date.md,main.dwh.gold_sql_dp_prod_we_dwh_dbo_dim__date,DWH_dbo,999,27,YES,synapse_mirror
knowledge/synapse/Wiki/DWH_dbo/Views/VU_FactBilling_ForBigQuery.md,main.dwh.gold_sql_dp_prod_we_dwh_dbo_vu__fact_billing__for_big_query,DWH_dbo,999,26,NO,synapse_mirror
knowledge/synapse/Wiki/eMoney_dbo/Views/v_eMoney_Dim_Account.md,main.dwh.gold_sql_dp_prod_we_emoney_dbo_v_e_money__dim__account,eMoney_dbo,999,26,YES,synapse_mirror
knowledge/synapse/Wiki/BI_DB_dbo/Tables/BI_DB_Compliance_Surveillance_ShortTermTrades.md,main.dwh.gold_sql_dp_prod_we_bi_db_dbo_bi_db__compliance__surveillance__short_term_trades,BI_DB_dbo,999,25,NO,synapse_mirror
knowledge/synapse/Wiki/BI_DB_dbo/Tables/BI_DB_EY_Audit_BO_Deposits_With_PIPs.md,main.dwh.gold_sql_dp_prod_we_bi_db_dbo_bi_db_ey__audit_bo__deposits__with_pi_ps,BI_DB_dbo,999,25,NO,synapse_mirror
knowledge/synapse/Wiki/EXW_dbo/Tables/EXW_C2P_E2E.md,main.dwh.gold_sql_dp_prod_we_exw_dbo_exw_c2_p_e2_e,EXW_dbo,999,25,YES,synapse_mirror
knowledge/synapse/Wiki/BI_DB_dbo/Tables/BI_DB_AMLPeriodicReview_PostReview.md,main.dwh.gold_sql_dp_prod_we_bi_db_dbo_bi_db_aml_periodic_review__post_review,BI_DB_dbo,999,24,NO,synapse_mirror
knowledge/synapse/Wiki/BI_DB_dbo/Tables/Synapse_Table_etoro_History_DepositAction.md,main.dwh.gold_sql_dp_prod_we_bi_db_dbo_synapse__table_etoro__history__deposit_action,BI_DB_dbo,999,23,NO,synapse_mirror
knowledge/synapse/Wiki/BI_DB_dbo/Tables/BI_DB_AML_Multiple_Accounts_Withdrawfulldata.md,main.dwh.gold_sql_dp_prod_we_bi_db_dbo_bi_db_aml__multiple__accounts__withdrawfulldata,BI_DB_dbo,999,22,NO,synapse_mirror
knowledge/synapse/Wiki/BI_DB_dbo/Tables/BI_DB_Compliance_Surveillance_Snapshot.md,main.dwh.gold_sql_dp_prod_we_bi_db_dbo_bi_db__compliance__surveillance__snapshot,BI_DB_dbo,999,21,NO,synapse_mirror
knowledge/synapse/Wiki/DWH_dbo/Views/v_Dim_Mirror.md,main.dwh.gold_sql_dp_prod_we_dwh_dbo_v__dim__mirror,DWH_dbo,999,21,YES,synapse_mirror
knowledge/synapse/Wiki/EXW_dbo/Tables/EXW_FactTransactions.md,main.dwh.gold_sql_dp_prod_we_exw_dbo_exw__fact_transactions,EXW_dbo,999,21,YES,synapse_mirror
knowledge/synapse/Wiki/BI_DB_dbo/Tables/BI_DB_US_Compliance_Apex_Clients.md,main.dwh.gold_sql_dp_prod_we_bi_db_dbo_bi_db_us__compliance__apex__clients,BI_DB_dbo,999,20,NO,synapse_mirror
knowledge/synapse/Wiki/eMoney_dbo/Tables/eMoney_Account_Mappings.md,main.dwh.gold_sql_dp_prod_we_emoney_dbo_e_money__account__mappings,eMoney_dbo,999,20,YES,synapse_mirror
knowledge/synapse/Wiki/BI_DB_dbo/Tables/BI_DB_AML_PlayerStatus_Changes.md,main.dwh.gold_sql_dp_prod_we_bi_db_dbo_bi_db_aml__player_status__changes,BI_DB_dbo,999,19,NO,synapse_mirror
knowledge/synapse/Wiki/BI_DB_dbo/Tables/BI_DB_OPS_Fraud_Alert_Analysis.md,main.dwh.gold_sql_dp_prod_we_bi_db_dbo_bi_db_ops__fraud__alert__analysis,BI_DB_dbo,999,19,YES,synapse_mirror
knowledge/synapse/Wiki/DWH_dbo/Tables/Dim_Mirror.md,main.dwh.gold_sql_dp_prod_we_dwh_dbo_dim__mirror,DWH_dbo,999,19,YES,synapse_mirror
knowledge/synapse/Wiki/BI_DB_dbo/Tables/BI_DB_AML_PI_Abuse.md,main.dwh.gold_sql_dp_prod_we_bi_db_dbo_bi_db_aml_pi__abuse,BI_DB_dbo,999,18,NO,synapse_mirror
knowledge/synapse/Wiki/BI_DB_dbo/Tables/BI_DB_OPS_MultipleAccounts.md,main.dwh.gold_sql_dp_prod_we_bi_db_dbo_bi_db_ops__multiple_accounts,BI_DB_dbo,999,18,NO,synapse_mirror
knowledge/synapse/Wiki/BI_DB_dbo/Tables/BI_DB_AMLPeriodicReview.md,main.dwh.gold_sql_dp_prod_we_bi_db_dbo_bi_db_aml_periodic_review,BI_DB_dbo,999,17,YES,synapse_mirror
knowledge/synapse/Wiki/BI_DB_dbo/Tables/BI_DB_Operations_Monthly_KPIs_Cashouts.md,main.dwh.gold_sql_dp_prod_we_bi_db_dbo_bi_db__operations__monthly_kp_is__cashouts,BI_DB_dbo,999,17,NO,synapse_mirror
knowledge/synapse/Wiki/DWH_dbo/Tables/Fact_Cashout_Rollback.md,main.dwh.gold_sql_dp_prod_we_dwh_dbo_fact__cashout__rollback,DWH_dbo,999,17,YES,synapse_mirror
knowledge/synapse/Wiki/BI_DB_dbo/Tables/BI_DB_AML_KYC_Process.md,main.dwh.gold_sql_dp_prod_we_bi_db_dbo_bi_db_aml_kyc__process,BI_DB_dbo,999,16,NO,synapse_mirror
knowledge/synapse/Wiki/BI_DB_dbo/Tables/BI_DB_AML_Terror_Monitor_Dashboard.md,main.dwh.gold_sql_dp_prod_we_bi_db_dbo_bi_db_aml__terror__monitor__dashboard,BI_DB_dbo,999,16,NO,synapse_mirror
knowledge/synapse/Wiki/BI_DB_dbo/Tables/BI_DB_CID_Daily_AcquisitionFunnel_VBT.md,main.dwh.gold_sql_dp_prod_we_bi_db_dbo_bi_db_cid__daily__acquisition_funnel_vbt,BI_DB_dbo,999,16,NO,synapse_mirror
knowledge/synapse/Wiki/BI_DB_dbo/Tables/BI_DB_PI_Positions.md,main.dwh.gold_sql_dp_prod_we_bi_db_dbo_bi_db_pi__positions,BI_DB_dbo,999,16,NO,synapse_mirror
knowledge/synapse/Wiki/EXW_dbo/Tables/EXW_FactPayments.md,main.dwh.gold_sql_dp_prod_we_exw_dbo_exw__fact_payments,EXW_dbo,999,16,YES,synapse_mirror
knowledge/synapse/Wiki/EXW_dbo/Tables/EXW_PaymentReconciliation.md,main.dwh.gold_sql_dp_prod_we_exw_dbo_exw__payment_reconciliation,EXW_dbo,999,16,YES,synapse_mirror
knowledge/synapse/Wiki/BI_DB_dbo/Tables/BI_DB_AML_SAR_Report_FCA.md,main.dwh.gold_sql_dp_prod_we_bi_db_dbo_bi_db_aml_sar__report_fca,BI_DB_dbo,999,15,YES,synapse_mirror
knowledge/synapse/Wiki/BI_DB_dbo/Tables/BI_DB_Deposit_Reversals_PIPs.md,main.dwh.gold_sql_dp_prod_we_bi_db_dbo_bi_db__deposit__reversals_pi_ps,BI_DB_dbo,999,15,YES,synapse_mirror
knowledge/synapse/Wiki/BI_DB_dbo/Tables/BI_DB_Instrument_Overview.md,main.dwh.gold_sql_dp_prod_we_bi_db_dbo_bi_db__instrument__overview,BI_DB_dbo,999,15,NO,synapse_mirror
knowledge/synapse/Wiki/EXW_dbo/Tables/EXW_FactRedeemTransactions.md,main.dwh.gold_sql_dp_prod_we_exw_dbo_exw__fact_redeem_transactions,EXW_dbo,999,15,YES,synapse_mirror
knowledge/synapse/Wiki/BI_DB_dbo/Tables/AML_German_Video_Ident.md,main.dwh.gold_sql_dp_prod_we_bi_db_dbo_aml__german__video__ident,BI_DB_dbo,999,14,NO,synapse_mirror
knowledge/synapse/Wiki/BI_DB_dbo/Tables/BI_DB_AML_Documents_Request.md,main.dwh.gold_sql_dp_prod_we_bi_db_dbo_bi_db_aml__documents__request,BI_DB_dbo,999,14,NO,synapse_mirror
knowledge/synapse/Wiki/BI_DB_dbo/Tables/BI_DB_CID_MonthlyPanel_FullData.md,main.dwh.gold_sql_dp_prod_we_bi_db_dbo_bi_db_cid__monthly_panel__full_data,BI_DB_dbo,999,14,YES,synapse_mirror
knowledge/synapse/Wiki/BI_DB_dbo/Tables/BI_DB_DDR_Fact_AUM.md,main.dwh.gold_sql_dp_prod_we_bi_db_dbo_bi_db_ddr__fact_aum,BI_DB_dbo,999,14,YES,synapse_mirror
knowledge/synapse/Wiki/BI_DB_dbo/Tables/BI_DB_DailyPanel_Copy.md,main.dwh.gold_sql_dp_prod_we_bi_db_dbo_bi_db__daily_panel__copy,BI_DB_dbo,999,14,YES,synapse_mirror
knowledge/synapse/Wiki/BI_DB_dbo/Tables/BI_DB_EY_Audit_Cashouts.md,main.dwh.gold_sql_dp_prod_we_bi_db_dbo_bi_db_ey__audit__cashouts,BI_DB_dbo,999,14,NO,synapse_mirror
knowledge/synapse/Wiki/BI_DB_dbo/Tables/BI_DB_Operations_Onboarding_Flow_UserKPIs.md,main.dwh.gold_sql_dp_prod_we_bi_db_dbo_bi_db__operations__onboarding__flow__user_kp_is,BI_DB_dbo,999,14,YES,synapse_mirror
knowledge/synapse/Wiki/DWH_dbo/Tables/History_CurrencyPrice.md,main.dwh.gold_sql_dp_prod_we_dwh_dbo_history__currency_price,DWH_dbo,999,14,YES,synapse_mirror
knowledge/synapse/Wiki/DWH_dbo/Views/V_Fact_SnapshotCustomer.md,main.dwh.gold_sql_dp_prod_we_dwh_dbo_v__fact__snapshot_customer,DWH_dbo,999,14,YES,synapse_mirror
knowledge/synapse/Wiki/DWH_dbo/Views/V_Fact_SnapshotCustomer_FromDateID.md,main.dwh.gold_sql_dp_prod_we_dwh_dbo_v__fact__snapshot_customer__from_date_id,DWH_dbo,999,14,YES,synapse_mirror
knowledge/synapse/Wiki/EXW_dbo/Tables/EXW_FactConversions.md,main.dwh.gold_sql_dp_prod_we_exw_dbo_exw__fact_conversions,EXW_dbo,999,14,YES,synapse_mirror
knowledge/synapse/Wiki/EXW_dbo/Tables/EXW_FinanceReportsBalancesNew.md,main.dwh.gold_sql_dp_prod_we_exw_dbo_exw__finance_reports_balances_new,EXW_dbo,999,14,YES,synapse_mirror
knowledge/synapse/Wiki/BI_DB_dbo/Tables/BI_DB_AML_Periodic_Review_AR.md,main.dwh.gold_sql_dp_prod_we_bi_db_dbo_bi_db_aml__periodic__review_ar,BI_DB_dbo,999,13,NO,synapse_mirror
knowledge/synapse/Wiki/BI_DB_dbo/Tables/BI_DB_AML_Periodic_Review_HR.md,main.dwh.gold_sql_dp_prod_we_bi_db_dbo_bi_db_aml__periodic__review_hr,BI_DB_dbo,999,13,NO,synapse_mirror
knowledge/synapse/Wiki/BI_DB_dbo/Tables/BI_DB_AllDeposits.md,main.dwh.gold_sql_dp_prod_we_bi_db_dbo_bi_db__all_deposits,BI_DB_dbo,999,13,NO,synapse_mirror
knowledge/synapse/Wiki/BI_DB_dbo/Tables/BI_DB_EY_Audit_ChangeLog.md,main.dwh.gold_sql_dp_prod_we_bi_db_dbo_bi_db_ey__audit__change_log,BI_DB_dbo,999,13,NO,synapse_mirror
knowledge/synapse/Wiki/BI_DB_dbo/Tables/BI_DB_Instruments_BidAndAsk.md,main.dwh.gold_sql_dp_prod_we_bi_db_dbo_bi_db__instruments__bid_and_ask,BI_DB_dbo,999,13,NO,synapse_mirror
knowledge/synapse/Wiki/BI_DB_dbo/Tables/BI_DB_OPS_MastersAndSubAccounts_AlignmentMonitoringReport.md,main.dwh.gold_sql_dp_prod_we_bi_db_dbo_bi_db_ops__masters_and_sub_accounts__alignment_monitoring_report,BI_DB_dbo,999,13,NO,synapse_mirror
knowledge/synapse/Wiki/BI_DB_dbo/Tables/BI_DB_Withdraw_Rollback_PIPs.md,main.dwh.gold_sql_dp_prod_we_bi_db_dbo_bi_db__withdraw__rollback_pi_ps,BI_DB_dbo,999,13,YES,synapse_mirror
knowledge/synapse/Wiki/BI_DB_dbo/Tables/BI_DB_AML_Affiliate_Abuse_Users.md,main.dwh.gold_sql_dp_prod_we_bi_db_dbo_bi_db_aml__affiliate__abuse__users,BI_DB_dbo,999,12,NO,synapse_mirror
knowledge/synapse/Wiki/BI_DB_dbo/Tables/BI_DB_CopyDailyData.md,main.dwh.gold_sql_dp_prod_we_bi_db_dbo_bi_db__copy_daily_data,BI_DB_dbo,999,12,YES,synapse_mirror
knowledge/synapse/Wiki/BI_DB_dbo/Tables/BI_DB_DepositWithdrawFee_Reversals.md,main.dwh.gold_sql_dp_prod_we_bi_db_dbo_bi_db__deposit_withdraw_fee__reversals,BI_DB_dbo,999,12,YES,synapse_mirror
knowledge/synapse/Wiki/BI_DB_dbo/Tables/BI_DB_IFRS_15_Daily_Positions.md,main.dwh.gold_sql_dp_prod_we_bi_db_dbo_bi_db_ifrs_15__daily__positions,BI_DB_dbo,999,12,NO,synapse_mirror
knowledge/synapse/Wiki/BI_DB_dbo/Tables/External_Cmrdb_FxRate.md,main.dwh.gold_sql_dp_prod_we_bi_db_dbo_external__cmrdb__fx_rate,BI_DB_dbo,999,12,YES,synapse_mirror
knowledge/synapse/Wiki/Dealing_dbo/Tables/Dealing_Rollover_Assurance.md,main.dwh.gold_sql_dp_prod_we_dealing_dbo_dealing__rollover__assurance,Dealing_dbo,999,12,YES,synapse_mirror
knowledge/synapse/Wiki/EXW_dbo/Tables/Hourly_WalletAllocations.md,main.dwh.gold_sql_dp_prod_we_exw_dbo_hourly__wallet_allocations,EXW_dbo,999,12,YES,synapse_mirror
knowledge/synapse/Wiki/BI_DB_dbo/Tables/BI_DB_AML_High_Risk_Wallet.md,main.dwh.gold_sql_dp_prod_we_bi_db_dbo_bi_db_aml__high__risk__wallet,BI_DB_dbo,999,11,NO,synapse_mirror
knowledge/synapse/Wiki/BI_DB_dbo/Tables/BI_DB_AML_KYC_SOF.md,main.dwh.gold_sql_dp_prod_we_bi_db_dbo_bi_db_aml_kyc_sof,BI_DB_dbo,999,11,NO,synapse_mirror
knowledge/synapse/Wiki/BI_DB_dbo/Tables/BI_DB_CashRiskMatrix.md,main.dwh.gold_sql_dp_prod_we_bi_db_dbo_bi_db__cash_risk_matrix,BI_DB_dbo,999,11,NO,synapse_mirror
knowledge/synapse/Wiki/BI_DB_dbo/Tables/BI_DB_EY_Audit_CashoutReason.md,main.dwh.gold_sql_dp_prod_we_bi_db_dbo_bi_db_ey__audit__cashout_reason,BI_DB_dbo,999,11,NO,synapse_mirror
knowledge/synapse/Wiki/BI_DB_dbo/Tables/BI_DB_M_Compliance_CDIM_Report.md,main.dwh.gold_sql_dp_prod_we_bi_db_dbo_bi_db_m__compliance_cdim__report,BI_DB_dbo,999,11,NO,synapse_mirror
knowledge/synapse/Wiki/BI_DB_dbo/Tables/BI_DB_Monthly_InterestPayment_Dashboard.md,main.dwh.gold_sql_dp_prod_we_bi_db_dbo_bi_db__monthly__interest_payment__dashboard,BI_DB_dbo,999,11,NO,synapse_mirror
knowledge/synapse/Wiki/BI_DB_dbo/Tables/BI_DB_OPS_VerificationLevel2Stuck.md,main.dwh.gold_sql_dp_prod_we_bi_db_dbo_bi_db_ops__verification_level2_stuck,BI_DB_dbo,999,11,NO,synapse_mirror
knowledge/synapse/Wiki/BI_DB_dbo/Tables/BI_DB_Scored_Appropriateness_Negative_Market.md,main.dwh.gold_sql_dp_prod_we_bi_db_dbo_bi_db__scored__appropriateness__negative__market,BI_DB_dbo,999,11,YES,synapse_mirror
knowledge/synapse/Wiki/BI_DB_dbo/Tables/BI_DB_TIN_Gap.md,main.dwh.gold_sql_dp_prod_we_bi_db_dbo_bi_db_tin__gap,BI_DB_dbo,999,11,NO,synapse_mirror
knowledge/synapse/Wiki/BI_DB_dbo/Tables/BI_DB_Tax_Compensation_for_1099.md,main.dwh.gold_sql_dp_prod_we_bi_db_dbo_bi_db__tax__compensation_for_1099,BI_DB_dbo,999,11,NO,synapse_mirror
knowledge/synapse/Wiki/BI_DB_dbo/Tables/BI_DB_Tax_Compliance_TIN.md,main.dwh.gold_sql_dp_prod_we_bi_db_dbo_bi_db__tax__compliance_tin,BI_DB_dbo,999,11,YES,synapse_mirror
knowledge/synapse/Wiki/BI_DB_dbo/Tables/BI_DB_VerificationStatus.md,main.dwh.gold_sql_dp_prod_we_bi_db_dbo_bi_db__verification_status,BI_DB_dbo,999,11,NO,synapse_mirror
knowledge/synapse/Wiki/DWH_dbo/Views/V_Customers.md,main.dwh.gold_sql_dp_prod_we_dwh_dbo_v__customers,DWH_dbo,999,11,NO,synapse_mirror
knowledge/synapse/Wiki/EXW_Wallet/Tables/PaymentTransactions.md,main.dwh.gold_sql_dp_prod_we_exw_wallet_payment_transactions,EXW_Wallet,999,11,NO,synapse_mirror
knowledge/synapse/Wiki/EXW_dbo/Tables/EXW_DimUser_Enriched.md,main.dwh.gold_sql_dp_prod_we_exw_dbo_exw__dim_user__enriched,EXW_dbo,999,11,YES,synapse_mirror
knowledge/synapse/Wiki/BI_DB_dbo/Tables/BI_DB_AML_ASIC_Dashboard.md,main.dwh.gold_sql_dp_prod_we_bi_db_dbo_bi_db_aml_asic__dashboard,BI_DB_dbo,999,10,NO,synapse_mirror
knowledge/synapse/Wiki/BI_DB_dbo/Tables/BI_DB_AML_IOB_Report.md,main.dwh.gold_sql_dp_prod_we_bi_db_dbo_bi_db_aml_iob__report,BI_DB_dbo,999,10,NO,synapse_mirror
knowledge/synapse/Wiki/BI_DB_dbo/Tables/BI_DB_AcquisitionFunnel_AGG.md,main.dwh.gold_sql_dp_prod_we_bi_db_dbo_bi_db__acquisition_funnel_agg,BI_DB_dbo,999,10,NO,synapse_mirror
knowledge/synapse/Wiki/BI_DB_dbo/Tables/BI_DB_CapitalGuarantee_Panel.md,main.dwh.gold_sql_dp_prod_we_bi_db_dbo_bi_db__capital_guarantee__panel,BI_DB_dbo,999,10,NO,synapse_mirror
knowledge/synapse/Wiki/BI_DB_dbo/Tables/BI_DB_Crypto_Top_1000_List.md,main.dwh.gold_sql_dp_prod_we_bi_db_dbo_bi_db__crypto__top_1000__list,BI_DB_dbo,999,10,NO,synapse_mirror
knowledge/synapse/Wiki/BI_DB_dbo/Tables/BI_DB_Index_Dividend_TaxReport_CID_Level.md,main.dwh.gold_sql_dp_prod_we_bi_db_dbo_bi_db__index__dividend__tax_report_cid__level,BI_DB_dbo,999,10,NO,synapse_mirror
knowledge/synapse/Wiki/BI_DB_dbo/Tables/BI_DB_KYC_Panel.md,main.dwh.gold_sql_dp_prod_we_bi_db_dbo_bi_db_kyc__panel,BI_DB_dbo,999,10,YES,synapse_mirror
knowledge/synapse/Wiki/BI_DB_dbo/Tables/BI_DB_LiveAcquisitionDashboard.md,main.dwh.gold_sql_dp_prod_we_bi_db_dbo_bi_db__live_acquisition_dashboard,BI_DB_dbo,999,10,NO,synapse_mirror
knowledge/synapse/Wiki/BI_DB_dbo/Tables/BI_DB_Operations_Monthly_KPIs_Affiliates.md,main.dwh.gold_sql_dp_prod_we_bi_db_dbo_bi_db__operations__monthly_kp_is__affiliates,BI_DB_dbo,999,10,NO,synapse_mirror
knowledge/synapse/Wiki/BI_DB_dbo/Tables/BI_DB_Operations_Monthly_KPIs_Verifications.md,main.dwh.gold_sql_dp_prod_we_bi_db_dbo_bi_db__operations__monthly_kp_is__verifications,BI_DB_dbo,999,10,NO,synapse_mirror
knowledge/synapse/Wiki/BI_DB_dbo/Tables/BI_DB_Operations_Monthly_KPIs_Wires.md,main.dwh.gold_sql_dp_prod_we_bi_db_dbo_bi_db__operations__monthly_kp_is__wires,BI_DB_dbo,999,10,NO,synapse_mirror
knowledge/synapse/Wiki/BI_DB_dbo/Tables/BI_DB_RiskPayPalDepositors.md,main.dwh.gold_sql_dp_prod_we_bi_db_dbo_bi_db__risk_pay_pal_depositors,BI_DB_dbo,999,10,NO,synapse_mirror
knowledge/synapse/Wiki/BI_DB_dbo/Tables/BI_DB_TIN_Gap_Temp_pop.md,main.dwh.gold_sql_dp_prod_we_bi_db_dbo_bi_db_tin__gap__temp_pop,BI_DB_dbo,999,10,NO,synapse_mirror
knowledge/synapse/Wiki/DWH_dbo/Tables/Dim_Campaign.md,main.dwh.gold_sql_dp_prod_we_dwh_dbo_dim__campaign,DWH_dbo,999,10,YES,synapse_mirror
knowledge/synapse/Wiki/DWH_dbo/Tables/Dim_PlayerStatus.md,main.dwh.gold_sql_dp_prod_we_dwh_dbo_dim__player_status,DWH_dbo,999,10,YES,synapse_mirror
knowledge/synapse/Wiki/EXW_dbo/Tables/EXW_DimUser.md,main.dwh.gold_sql_dp_prod_we_exw_dbo_exw__dim_user,EXW_dbo,999,10,YES,synapse_mirror
knowledge/synapse/Wiki/EXW_dbo/Tables/EXW_WalletInventory.md,main.dwh.gold_sql_dp_prod_we_exw_dbo_exw__wallet_inventory,EXW_dbo,999,10,YES,synapse_mirror
knowledge/synapse/Wiki/BI_DB_dbo/Tables/BI_DB_Blocked_Customers.md,main.dwh.gold_sql_dp_prod_we_bi_db_dbo_bi_db__blocked__customers,BI_DB_dbo,999,9,NO,synapse_mirror
knowledge/synapse/Wiki/BI_DB_dbo/Tables/BI_DB_CID_NPS_Panel.md,main.dwh.gold_sql_dp_prod_we_bi_db_dbo_bi_db_cid_nps__panel,BI_DB_dbo,999,9,NO,synapse_mirror
knowledge/synapse/Wiki/BI_DB_dbo/Tables/BI_DB_CopyFund_Positions.md,main.dwh.gold_sql_dp_prod_we_bi_db_dbo_bi_db__copy_fund__positions,BI_DB_dbo,999,9,NO,synapse_mirror
knowledge/synapse/Wiki/BI_DB_dbo/Tables/BI_DB_DailyZero_TreeSize_NEW_InvalidCustomers.md,main.dwh.gold_sql_dp_prod_we_bi_db_dbo_bi_db__daily_zero__tree_size_new__invalid_customers,BI_DB_dbo,999,9,NO,synapse_mirror
knowledge/synapse/Wiki/BI_DB_dbo/Tables/BI_DB_OPS_KYC_Verification.md,main.dwh.gold_sql_dp_prod_we_bi_db_dbo_bi_db_ops_kyc__verification,BI_DB_dbo,999,9,YES,synapse_mirror
knowledge/synapse/Wiki/BI_DB_dbo/Tables/BI_DB_PI_StatusPanel.md,main.dwh.gold_sql_dp_prod_we_bi_db_dbo_bi_db_pi__status_panel,BI_DB_dbo,999,9,YES,synapse_mirror
knowledge/synapse/Wiki/BI_DB_dbo/Tables/BI_DB_PositionPnL_UnrealizedPnL_Close_Adjustment.md,main.dwh.gold_sql_dp_prod_we_bi_db_dbo_bi_db__position_pn_l__unrealized_pn_l__close__adjustment,BI_DB_dbo,999,9,NO,synapse_mirror
knowledge/synapse/Wiki/BI_DB_dbo/Tables/BI_DB_Q_AML_EDD_US_Report.md,main.dwh.gold_sql_dp_prod_we_bi_db_dbo_bi_db_q_aml_edd_us__report,BI_DB_dbo,999,9,NO,synapse_mirror
knowledge/synapse/Wiki/EXW_dbo/Tables/EXW_FCA_UserLogin.md,main.dwh.gold_sql_dp_prod_we_exw_dbo_exw_fca__user_login,EXW_dbo,999,9,YES,synapse_mirror
knowledge/synapse/Wiki/EXW_dbo/Tables/EXW_WalletEntity.md,main.dwh.gold_sql_dp_prod_we_exw_dbo_exw__wallet_entity,EXW_dbo,999,9,YES,synapse_mirror
knowledge/synapse/Wiki/BI_DB_dbo/Tables/BI_DB_Compliance_Surveillance_KYC_PnL_Monitoring.md,main.dwh.gold_sql_dp_prod_we_bi_db_dbo_bi_db__compliance__surveillance_kyc__pn_l__monitoring,BI_DB_dbo,999,8,NO,synapse_mirror
knowledge/synapse/Wiki/BI_DB_dbo/Tables/BI_DB_DailyZeroPnL_Stocks.md,main.dwh.gold_sql_dp_prod_we_bi_db_dbo_bi_db__daily_zero_pn_l__stocks,BI_DB_dbo,999,8,YES,synapse_mirror
knowledge/synapse/Wiki/BI_DB_dbo/Tables/BI_DB_EY_Audit_CashoutFees.md,main.dwh.gold_sql_dp_prod_we_bi_db_dbo_bi_db_ey__audit__cashout_fees,BI_DB_dbo,999,8,NO,synapse_mirror
knowledge/synapse/Wiki/BI_DB_dbo/Tables/BI_DB_Finance_Panel_Reports_New.md,main.dwh.gold_sql_dp_prod_we_bi_db_dbo_bi_db__finance__panel__reports__new,BI_DB_dbo,999,8,NO,synapse_mirror
knowledge/synapse/Wiki/BI_DB_dbo/Tables/BI_DB_Index_Dividend_TaxReport.md,main.dwh.gold_sql_dp_prod_we_bi_db_dbo_bi_db__index__dividend__tax_report,BI_DB_dbo,999,8,NO,synapse_mirror
knowledge/synapse/Wiki/BI_DB_dbo/Tables/BI_DB_US_Customer_Acount_Reconcilation.md,main.dwh.gold_sql_dp_prod_we_bi_db_dbo_bi_db_us__customer__acount__reconcilation,BI_DB_dbo,999,8,NO,synapse_mirror
knowledge/synapse/Wiki/BI_DB_dbo/Tables/BI_DB_W_AML_PEP_Customers.md,main.dwh.gold_sql_dp_prod_we_bi_db_dbo_bi_db_w_aml_pep__customers,BI_DB_dbo,999,8,NO,synapse_mirror
knowledge/synapse/Wiki/BI_DB_dbo/Tables/BI_DB_W_AML_PEP_Customers_Trun.md,main.dwh.gold_sql_dp_prod_we_bi_db_dbo_bi_db_w_aml_pep__customers__trun,BI_DB_dbo,999,8,NO,synapse_mirror
knowledge/synapse/Wiki/BI_DB_dbo/Views/V_BI_DB_KYC_Score_CID_Level.md,main.dwh.gold_sql_dp_prod_we_bi_db_dbo_v_bi_db_kyc__score_cid__level,BI_DB_dbo,999,8,YES,synapse_mirror
knowledge/synapse/Wiki/DWH_dbo/Tables/Dim_BillingProtocolMIDSettingsID.md,main.dwh.gold_sql_dp_prod_we_dwh_dbo_dim__billing_protocol_mid_settings_id,DWH_dbo,999,8,YES,synapse_mirror
knowledge/synapse/Wiki/DWH_dbo/Tables/Dim_Fund.md,main.dwh.gold_sql_dp_prod_we_dwh_dbo_dim__fund,DWH_dbo,999,8,YES,synapse_mirror
knowledge/synapse/Wiki/DWH_dbo/Tables/Dim_PlayerLevel.md,main.dwh.gold_sql_dp_prod_we_dwh_dbo_dim__player_level,DWH_dbo,999,8,YES,synapse_mirror
knowledge/synapse/Wiki/EXW_dbo/Tables/EXW_AML_Users_Report.md,main.dwh.gold_sql_dp_prod_we_exw_dbo_exw_aml__users__report,EXW_dbo,999,8,YES,synapse_mirror
knowledge/synapse/Wiki/EXW_dbo/Tables/Staking_BI_Version_ETH_Transactions.md,main.dwh.gold_sql_dp_prod_we_exw_dbo_staking_bi__version_eth__transactions,EXW_dbo,999,8,YES,synapse_mirror
knowledge/synapse/Wiki/eMoney_dbo/Tables/eMoney_Dim_Transaction.md,main.dwh.gold_sql_dp_prod_we_emoney_dbo_e_money__dim__transaction,eMoney_dbo,999,8,YES,synapse_mirror
knowledge/synapse/Wiki/eMoney_dbo/Tables/eMoney_Fact_Transaction_Status.md,main.dwh.gold_sql_dp_prod_we_emoney_dbo_e_money__fact__transaction__status,eMoney_dbo,999,8,YES,synapse_mirror
knowledge/synapse/Wiki/BI_DB_dbo/Tables/BI_DB_AML_Documents_Dashboard.md,main.dwh.gold_sql_dp_prod_we_bi_db_dbo_bi_db_aml__documents__dashboard,BI_DB_dbo,999,7,NO,synapse_mirror
knowledge/synapse/Wiki/BI_DB_dbo/Tables/BI_DB_Client_Balance_CID_Level_New.md,main.dwh.gold_sql_dp_prod_we_bi_db_dbo_bi_db__client__balance_cid__level__new,BI_DB_dbo,999,7,YES,synapse_mirror
knowledge/synapse/Wiki/BI_DB_dbo/Tables/BI_DB_Copyfunds_Watched_Not_Invested.md,main.dwh.gold_sql_dp_prod_we_bi_db_dbo_bi_db__copyfunds__watched__not__invested,BI_DB_dbo,999,7,NO,synapse_mirror
knowledge/synapse/Wiki/BI_DB_dbo/Tables/BI_DB_DDR_Fact_Revenue_Generating_Actions.md,main.dwh.gold_sql_dp_prod_we_bi_db_dbo_bi_db_ddr__fact__revenue__generating__actions,BI_DB_dbo,999,7,YES,synapse_mirror
knowledge/synapse/Wiki/BI_DB_dbo/Tables/BI_DB_Daily_Open_Closed_Position.md,main.dwh.gold_sql_dp_prod_we_bi_db_dbo_bi_db__daily__open__closed__position,BI_DB_dbo,999,7,NO,synapse_mirror
knowledge/synapse/Wiki/BI_DB_dbo/Tables/BI_DB_KYC_eToroMoney_UpgradedClubMembers.md,main.dwh.gold_sql_dp_prod_we_bi_db_dbo_bi_db_kyc_e_toro_money__upgraded_club_members,BI_DB_dbo,999,7,NO,synapse_mirror
knowledge/synapse/Wiki/BI_DB_dbo/Tables/BI_DB_OPS_VerificationPipeline_OverLevel2.md,main.dwh.gold_sql_dp_prod_we_bi_db_dbo_bi_db_ops__verification_pipeline__over_level2,BI_DB_dbo,999,7,YES,synapse_mirror
knowledge/synapse/Wiki/BI_DB_dbo/Tables/BI_DB_PositionPnL_EU_Custody_Instrument_Agg.md,main.dwh.gold_sql_dp_prod_we_bi_db_dbo_bi_db__position_pn_l_eu__custody__instrument__agg,BI_DB_dbo,999,7,NO,synapse_mirror
knowledge/synapse/Wiki/BI_DB_dbo/Tables/BI_DB_PositionPnL_UK_Instrument_Agg.md,main.dwh.gold_sql_dp_prod_we_bi_db_dbo_bi_db__position_pn_l_uk__instrument__agg,BI_DB_dbo,999,7,NO,synapse_mirror
knowledge/synapse/Wiki/BI_DB_dbo/Tables/BI_DB_VerificationStatus30Days.md,main.dwh.gold_sql_dp_prod_we_bi_db_dbo_bi_db__verification_status30_days,BI_DB_dbo,999,7,NO,synapse_mirror
knowledge/synapse/Wiki/BI_DB_dbo/Tables/BI_DB_Vulnerability_LifetimeMetrics.md,main.dwh.gold_sql_dp_prod_we_bi_db_dbo_bi_db__vulnerability__lifetime_metrics,BI_DB_dbo,999,7,NO,synapse_mirror
knowledge/synapse/Wiki/BI_DB_dbo/Tables/BI_DB_W_Mon_Compliance_CDIM_Report.md,main.dwh.gold_sql_dp_prod_we_bi_db_dbo_bi_db_w__mon__compliance_cdim__report,BI_DB_dbo,999,7,NO,synapse_mirror
knowledge/synapse/Wiki/DWH_dbo/Tables/Dim_Country.md,main.dwh.gold_sql_dp_prod_we_dwh_dbo_dim__country,DWH_dbo,999,7,YES,synapse_mirror
knowledge/synapse/Wiki/DWH_dbo/Tables/Dim_CountryBin.md,main.dwh.gold_sql_dp_prod_we_dwh_dbo_dim__country_bin,DWH_dbo,999,7,YES,synapse_mirror
knowledge/synapse/Wiki/DWH_dbo/Tables/Dim_HistorySplitRatio.md,main.dwh.gold_sql_dp_prod_we_dwh_dbo_dim__history_split_ratio,DWH_dbo,999,7,YES,synapse_mirror
knowledge/synapse/Wiki/Dealing_dbo/Tables/Dealing_Clicks_OpenClose_Breakdown.md,main.dwh.gold_sql_dp_prod_we_dealing_dbo_dealing__clicks__open_close__breakdown,Dealing_dbo,999,7,YES,synapse_mirror
knowledge/synapse/Wiki/Dealing_dbo/Tables/Dealing_Staking_Position_US.md,main.dwh.gold_sql_dp_prod_we_dealing_dbo_dealing__staking__position_us,Dealing_dbo,999,7,NO,synapse_mirror
knowledge/synapse/Wiki/eMoney_dbo/Tables/eMoney_Risk_Portfolio.md,main.dwh.gold_sql_dp_prod_we_emoney_dbo_e_money__risk__portfolio,eMoney_dbo,999,7,YES,synapse_mirror
knowledge/synapse/Wiki/BI_DB_dbo/Tables/BI_DB_AML_FCA_Crypto_Threshold.md,main.dwh.gold_sql_dp_prod_we_bi_db_dbo_bi_db_aml_fca__crypto__threshold,BI_DB_dbo,999,6,NO,synapse_mirror
knowledge/synapse/Wiki/BI_DB_dbo/Tables/BI_DB_ASIC_ClientBalanceFinance.md,main.dwh.gold_sql_dp_prod_we_bi_db_dbo_bi_db_asic__client_balance_finance,BI_DB_dbo,999,6,YES,synapse_mirror
knowledge/synapse/Wiki/BI_DB_dbo/Tables/BI_DB_CID_WeeklyPanel_FullData.md,main.dwh.gold_sql_dp_prod_we_bi_db_dbo_bi_db_cid__weekly_panel__full_data,BI_DB_dbo,999,6,NO,synapse_mirror
knowledge/synapse/Wiki/BI_DB_dbo/Tables/BI_DB_Compliance_VP_Monthly_MI.md,main.dwh.gold_sql_dp_prod_we_bi_db_dbo_bi_db__compliance_vp__monthly_mi,BI_DB_dbo,999,6,NO,synapse_mirror
knowledge/synapse/Wiki/BI_DB_dbo/Tables/BI_DB_Finance_Real_Futures_Custody_And_Transfers.md,main.dwh.gold_sql_dp_prod_we_bi_db_dbo_bi_db__finance__real__futures__custody__and__transfers,BI_DB_dbo,999,6,NO,synapse_mirror
knowledge/synapse/Wiki/BI_DB_dbo/Tables/BI_DB_HourlyReport_Redeems.md,main.dwh.gold_sql_dp_prod_we_bi_db_dbo_bi_db__hourly_report__redeems,BI_DB_dbo,999,6,NO,synapse_mirror
knowledge/synapse/Wiki/BI_DB_dbo/Tables/BI_DB_HourlyReport_Withdraws.md,main.dwh.gold_sql_dp_prod_we_bi_db_dbo_bi_db__hourly_report__withdraws,BI_DB_dbo,999,6,NO,synapse_mirror
knowledge/synapse/Wiki/BI_DB_dbo/Tables/BI_DB_Money_Out_STPAnalysis_OPS_Dashboard.md,main.dwh.gold_sql_dp_prod_we_bi_db_dbo_bi_db__money__out_stp_analysis_ops__dashboard,BI_DB_dbo,999,6,YES,synapse_mirror
knowledge/synapse/Wiki/BI_DB_dbo/Tables/BI_DB_PR_MonthlyData.md,main.dwh.gold_sql_dp_prod_we_bi_db_dbo_bi_db_pr__monthly_data,BI_DB_dbo,999,6,NO,synapse_mirror
knowledge/synapse/Wiki/BI_DB_dbo/Tables/BI_DB_PositionPnL_UK_Custody_Resolver.md,main.dwh.gold_sql_dp_prod_we_bi_db_dbo_bi_db__position_pn_l_uk__custody__resolver,BI_DB_dbo,999,6,YES,synapse_mirror
knowledge/synapse/Wiki/BI_DB_dbo/Tables/Dim_Revenue_Metrics.md,main.dwh.gold_sql_dp_prod_we_bi_db_dbo_dim__revenue__metrics,BI_DB_dbo,999,6,YES,synapse_mirror
knowledge/synapse/Wiki/DWH_dbo/Tables/Dim_Currency.md,main.dwh.gold_sql_dp_prod_we_dwh_dbo_dim__currency,DWH_dbo,999,6,YES,synapse_mirror
knowledge/synapse/Wiki/DWH_dbo/Tables/Dim_Manager.md,main.dwh.gold_sql_dp_prod_we_dwh_dbo_dim__manager,DWH_dbo,999,6,YES,synapse_mirror
knowledge/synapse/Wiki/EXW_dbo/Tables/EXW_InternalWallet.md,main.dwh.gold_sql_dp_prod_we_exw_dbo_exw__internal_wallet,EXW_dbo,999,6,YES,synapse_mirror
knowledge/synapse/Wiki/eMoney_dbo/Tables/FiatAccount.md,main.dwh.gold_sql_dp_prod_we_emoney_dbo_fiat_account,eMoney_dbo,999,6,YES,synapse_mirror
knowledge/synapse/Wiki/eMoney_dbo/Tables/eMoney_Card_Instance_Summary.md,main.dwh.gold_sql_dp_prod_we_emoney_dbo_e_money__card__instance__summary,eMoney_dbo,999,6,YES,synapse_mirror
knowledge/synapse/Wiki/BI_DB_dbo/Tables/BI_DB_AML_SubEntity_Categorization.md,main.dwh.gold_sql_dp_prod_we_bi_db_dbo_bi_db_aml__sub_entity__categorization,BI_DB_dbo,999,5,YES,synapse_mirror
knowledge/synapse/Wiki/BI_DB_dbo/Tables/BI_DB_Affiliates_VerificationSLA.md,main.dwh.gold_sql_dp_prod_we_bi_db_dbo_bi_db__affiliates__verification_sla,BI_DB_dbo,999,5,NO,synapse_mirror
knowledge/synapse/Wiki/BI_DB_dbo/Tables/BI_DB_CopyBlockedAUM.md,main.dwh.gold_sql_dp_prod_we_bi_db_dbo_bi_db__copy_blocked_aum,BI_DB_dbo,999,5,NO,synapse_mirror
knowledge/synapse/Wiki/BI_DB_dbo/Tables/BI_DB_Daily_PI_Performance_COPYDATA_RuningSideBySide.md,main.dwh.gold_sql_dp_prod_we_bi_db_dbo_bi_db__daily_pi__performance_copydata__runing_side_by_side,BI_DB_dbo,999,5,NO,synapse_mirror
knowledge/synapse/Wiki/BI_DB_dbo/Tables/BI_DB_LargeCashoutReport.md,main.dwh.gold_sql_dp_prod_we_bi_db_dbo_bi_db__large_cashout_report,BI_DB_dbo,999,5,NO,synapse_mirror
knowledge/synapse/Wiki/BI_DB_dbo/Tables/BI_DB_M_AML_Report.md,main.dwh.gold_sql_dp_prod_we_bi_db_dbo_bi_db_m_aml__report,BI_DB_dbo,999,5,NO,synapse_mirror
knowledge/synapse/Wiki/BI_DB_dbo/Tables/BI_DB_MarketingCloudDaily.md,main.dwh.gold_sql_dp_prod_we_bi_db_dbo_bi_db__marketing_cloud_daily,BI_DB_dbo,999,5,YES,synapse_mirror
knowledge/synapse/Wiki/BI_DB_dbo/Tables/BI_DB_MarketingCloudUserBehaviorInstrument.md,main.dwh.gold_sql_dp_prod_we_bi_db_dbo_bi_db__marketing_cloud_user_behavior_instrument,BI_DB_dbo,999,5,NO,synapse_mirror
knowledge/synapse/Wiki/BI_DB_dbo/Tables/BI_DB_PI_Dashboard_COPYDATA_RuningSideBySide.md,main.dwh.gold_sql_dp_prod_we_bi_db_dbo_bi_db_pi__dashboard_copydata__runing_side_by_side,BI_DB_dbo,999,5,NO,synapse_mirror
knowledge/synapse/Wiki/BI_DB_dbo/Tables/BI_DB_PI_WeeklyTrades.md,main.dwh.gold_sql_dp_prod_we_bi_db_dbo_bi_db_pi__weekly_trades,BI_DB_dbo,999,5,NO,synapse_mirror
knowledge/synapse/Wiki/BI_DB_dbo/Tables/BI_DB_PositionHoldingTime.md,main.dwh.gold_sql_dp_prod_we_bi_db_dbo_bi_db__position_holding_time,BI_DB_dbo,999,5,NO,synapse_mirror
knowledge/synapse/Wiki/BI_DB_dbo/Tables/BI_DB_US_Apex_Instrument_Holders.md,main.dwh.gold_sql_dp_prod_we_bi_db_dbo_bi_db_us__apex__instrument__holders,BI_DB_dbo,999,5,NO,synapse_mirror
knowledge/synapse/Wiki/BI_DB_dbo/Tables/BI_DB_US_Mailing_Address_Non_US_Regulation.md,main.dwh.gold_sql_dp_prod_we_bi_db_dbo_bi_db_us__mailing__address__non_us__regulation,BI_DB_dbo,999,5,NO,synapse_mirror
knowledge/synapse/Wiki/BI_DB_dbo/Tables/BI_DB_US_Mailing_Address_Non_US_Regulation_Email.md,main.dwh.gold_sql_dp_prod_we_bi_db_dbo_bi_db_us__mailing__address__non_us__regulation__email,BI_DB_dbo,999,5,NO,synapse_mirror
knowledge/synapse/Wiki/BI_DB_dbo/Tables/BI_DB_W8_Users_Status.md,main.dwh.gold_sql_dp_prod_we_bi_db_dbo_bi_db_w8__users__status,BI_DB_dbo,999,5,NO,synapse_mirror
knowledge/synapse/Wiki/BI_DB_dbo/Views/BI_DB_MarketingCloudDaily_V.md,main.dwh.gold_sql_dp_prod_we_bi_db_dbo_bi_db__marketing_cloud_daily_v,BI_DB_dbo,999,5,YES,synapse_mirror
knowledge/synapse/Wiki/DWH_dbo/Tables/Dim_BillingDepot.md,main.dwh.gold_sql_dp_prod_we_dwh_dbo_dim__billing_depot,DWH_dbo,999,5,YES,synapse_mirror
knowledge/synapse/Wiki/DWH_dbo/Tables/Dim_FundingType.md,main.dwh.gold_sql_dp_prod_we_dwh_dbo_dim__funding_type,DWH_dbo,999,5,YES,synapse_mirror
knowledge/synapse/Wiki/Dealing_dbo/Tables/Dealing_CopierAnalysis.md,main.dwh.gold_sql_dp_prod_we_dealing_dbo_dealing__copier_analysis,Dealing_dbo,999,5,NO,synapse_mirror
knowledge/synapse/Wiki/EXW_Wallet/Tables/AmlProviderUsers.md,main.dwh.gold_sql_dp_prod_we_exw_wallet_aml_provider_users,EXW_Wallet,999,5,NO,synapse_mirror
knowledge/synapse/Wiki/EXW_Wallet/Tables/BlockchainCryptos.md,main.dwh.gold_sql_dp_prod_we_exw_wallet_blockchain_cryptos,EXW_Wallet,999,5,NO,synapse_mirror
knowledge/synapse/Wiki/EXW_dbo/Tables/Staking_BI_Version_WalletUserRewards.md,main.dwh.gold_sql_dp_prod_we_exw_dbo_staking_bi__version__wallet_user_rewards,EXW_dbo,999,5,YES,synapse_mirror
knowledge/synapse/Wiki/EXW_dbo/Tables/Staking_WalletUserRewards.md,main.dwh.gold_sql_dp_prod_we_exw_dbo_staking__wallet_user_rewards,EXW_dbo,999,5,YES,synapse_mirror
knowledge/synapse/Wiki/eMoney_dbo/Tables/eMoney_Customer_Risk_Assessment.md,main.dwh.gold_sql_dp_prod_we_emoney_dbo_e_money__customer__risk__assessment,eMoney_dbo,999,5,YES,synapse_mirror
knowledge/synapse/Wiki/eMoney_dbo/Tables/eMoney_Customer_Risk_Assessment_History.md,main.dwh.gold_sql_dp_prod_we_emoney_dbo_e_money__customer__risk__assessment__history,eMoney_dbo,999,5,YES,synapse_mirror
knowledge/synapse/Wiki/BI_DB_dbo/Tables/BI_DB_ASIC_Monitoring_CFD.md,main.dwh.gold_sql_dp_prod_we_bi_db_dbo_bi_db_asic__monitoring_cfd,BI_DB_dbo,999,4,NO,synapse_mirror
knowledge/synapse/Wiki/BI_DB_dbo/Tables/BI_DB_ChargebackReport.md,main.dwh.gold_sql_dp_prod_we_bi_db_dbo_bi_db__chargeback_report,BI_DB_dbo,999,4,NO,synapse_mirror
knowledge/synapse/Wiki/BI_DB_dbo/Tables/BI_DB_CopyBlockedAUMHistory.md,main.dwh.gold_sql_dp_prod_we_bi_db_dbo_bi_db__copy_blocked_aum_history,BI_DB_dbo,999,4,NO,synapse_mirror
knowledge/synapse/Wiki/BI_DB_dbo/Tables/BI_DB_Crypto_Airdrop.md,main.dwh.gold_sql_dp_prod_we_bi_db_dbo_bi_db__crypto__airdrop,BI_DB_dbo,999,4,NO,synapse_mirror
knowledge/synapse/Wiki/BI_DB_dbo/Tables/BI_DB_DLT_Tangany_Trades_Netting.md,main.dwh.gold_sql_dp_prod_we_bi_db_dbo_bi_db_dlt__tangany__trades__netting,BI_DB_dbo,999,4,NO,synapse_mirror
knowledge/synapse/Wiki/BI_DB_dbo/Tables/BI_DB_Finance_Non_US_Settlement_New_2023.md,main.dwh.gold_sql_dp_prod_we_bi_db_dbo_bi_db__finance__non_us__settlement__new_2023,BI_DB_dbo,999,4,NO,synapse_mirror
knowledge/synapse/Wiki/BI_DB_dbo/Tables/BI_DB_Finance_Non_US_Settlement_New_2025.md,main.dwh.gold_sql_dp_prod_we_bi_db_dbo_bi_db__finance__non_us__settlement__new_2025,BI_DB_dbo,999,4,YES,synapse_mirror
knowledge/synapse/Wiki/BI_DB_dbo/Tables/BI_DB_H_OPS_HighCompensationsVsDeposits.md,main.dwh.gold_sql_dp_prod_we_bi_db_dbo_bi_db_h_ops__high_compensations_vs_deposits,BI_DB_dbo,999,4,NO,synapse_mirror
knowledge/synapse/Wiki/BI_DB_dbo/Tables/BI_DB_H_SEA_CashoutsEstimation.md,main.dwh.gold_sql_dp_prod_we_bi_db_dbo_bi_db_h_sea__cashouts_estimation,BI_DB_dbo,999,4,NO,synapse_mirror
knowledge/synapse/Wiki/BI_DB_dbo/Tables/BI_DB_KYC_DOBover85.md,main.dwh.gold_sql_dp_prod_we_bi_db_dbo_bi_db_kyc_do_bover85,BI_DB_dbo,999,4,NO,synapse_mirror
knowledge/synapse/Wiki/BI_DB_dbo/Tables/BI_DB_LimitedAccountsWithReasons.md,main.dwh.gold_sql_dp_prod_we_bi_db_dbo_bi_db__limited_accounts_with_reasons,BI_DB_dbo,999,4,NO,synapse_mirror
knowledge/synapse/Wiki/BI_DB_dbo/Tables/BI_DB_M_AML_Report_AGG.md,main.dwh.gold_sql_dp_prod_we_bi_db_dbo_bi_db_m_aml__report_agg,BI_DB_dbo,999,4,NO,synapse_mirror
knowledge/synapse/Wiki/BI_DB_dbo/Tables/BI_DB_NOP_Risk_Daily.md,main.dwh.gold_sql_dp_prod_we_bi_db_dbo_bi_db_nop__risk__daily,BI_DB_dbo,999,4,NO,synapse_mirror
knowledge/synapse/Wiki/BI_DB_dbo/Tables/BI_DB_OPS_HighCompensationsVsDeposits.md,main.dwh.gold_sql_dp_prod_we_bi_db_dbo_bi_db_ops__high_compensations_vs_deposits,BI_DB_dbo,999,4,NO,synapse_mirror
knowledge/synapse/Wiki/BI_DB_dbo/Tables/BI_DB_PI_Affiliate.md,main.dwh.gold_sql_dp_prod_we_bi_db_dbo_bi_db_pi__affiliate,BI_DB_dbo,999,4,NO,synapse_mirror
knowledge/synapse/Wiki/BI_DB_dbo/Tables/BI_DB_QSR_Balance_New.md,main.dwh.gold_sql_dp_prod_we_bi_db_dbo_bi_db_qsr__balance__new,BI_DB_dbo,999,4,NO,synapse_mirror
knowledge/synapse/Wiki/BI_DB_dbo/Tables/BI_DB_Staking_Platform_Compensations.md,main.dwh.gold_sql_dp_prod_we_bi_db_dbo_bi_db__staking__platform__compensations,BI_DB_dbo,999,4,NO,synapse_mirror
knowledge/synapse/Wiki/BI_DB_dbo/Tables/BI_DB_US_Apex_Address_Change.md,main.dwh.gold_sql_dp_prod_we_bi_db_dbo_bi_db_us__apex__address__change,BI_DB_dbo,999,4,NO,synapse_mirror
knowledge/synapse/Wiki/BI_DB_dbo/Tables/BI_DB_Vulnerable_Customers.md,main.dwh.gold_sql_dp_prod_we_bi_db_dbo_bi_db__vulnerable__customers,BI_DB_dbo,999,4,NO,synapse_mirror
knowledge/synapse/Wiki/BI_DB_dbo/Tables/BI_DB_W_Wed_Compliance_Vulnerability_ALL.md,main.dwh.gold_sql_dp_prod_we_bi_db_dbo_bi_db_w__wed__compliance__vulnerability_all,BI_DB_dbo,999,4,NO,synapse_mirror
knowledge/synapse/Wiki/BI_DB_dbo/Tables/BI_DB_rsk_Portfolio.md,main.dwh.gold_sql_dp_prod_we_bi_db_dbo_bi_db_rsk__portfolio,BI_DB_dbo,999,4,NO,synapse_mirror
knowledge/synapse/Wiki/BI_DB_dbo/Views/BI_DB_CIDFirstDates_metric_view.md,main.dwh.gold_sql_dp_prod_we_bi_db_dbo_bi_db_cid_first_dates_metric_view,BI_DB_dbo,999,4,YES,synapse_mirror
knowledge/synapse/Wiki/DWH_dbo/Tables/CustomerStatic.md,main.dwh.gold_sql_dp_prod_we_dwh_dbo_customer_static,DWH_dbo,999,4,NO,synapse_mirror
knowledge/synapse/Wiki/DWH_dbo/Tables/Dim_BonusType.md,main.dwh.gold_sql_dp_prod_we_dwh_dbo_dim__bonus_type,DWH_dbo,999,4,YES,synapse_mirror
knowledge/synapse/Wiki/DWH_dbo/Tables/Dim_Language.md,main.dwh.gold_sql_dp_prod_we_dwh_dbo_dim__language,DWH_dbo,999,4,YES,synapse_mirror
knowledge/synapse/Wiki/EXW_dbo/Tables/EXW_TestUsers.md,main.dwh.gold_sql_dp_prod_we_exw_dbo_exw__test_users,EXW_dbo,999,4,YES,synapse_mirror
knowledge/synapse/Wiki/EXW_dbo/Tables/EXW_WalletElligibleCountries.md,main.dwh.gold_sql_dp_prod_we_exw_dbo_exw__wallet_elligible_countries,EXW_dbo,999,4,YES,synapse_mirror
knowledge/synapse/Wiki/eMoney_dbo/Tables/eMoney_Dictionary_AccountSubProgram.md,main.dwh.gold_sql_dp_prod_we_emoney_dbo_e_money__dictionary__account_sub_program,eMoney_dbo,999,4,YES,synapse_mirror
knowledge/synapse/Wiki/BI_DB_dbo/Tables/AML_InstrumentMetaData_Daily_Email.md,main.dwh.gold_sql_dp_prod_we_bi_db_dbo_aml__instrument_meta_data__daily__email,BI_DB_dbo,999,3,NO,synapse_mirror
knowledge/synapse/Wiki/BI_DB_dbo/Tables/AML_InstrumentMetaData_Daily_Email_DayToDay_Changes.md,main.dwh.gold_sql_dp_prod_we_bi_db_dbo_aml__instrument_meta_data__daily__email__day_to_day__changes,BI_DB_dbo,999,3,NO,synapse_mirror
knowledge/synapse/Wiki/BI_DB_dbo/Tables/BI_DB_Cashout_Performance_Monitoring.md,main.dwh.gold_sql_dp_prod_we_bi_db_dbo_bi_db__cashout__performance__monitoring,BI_DB_dbo,999,3,NO,synapse_mirror
knowledge/synapse/Wiki/BI_DB_dbo/Tables/BI_DB_Compliance_Illegal_Trades_Alerts.md,main.dwh.gold_sql_dp_prod_we_bi_db_dbo_bi_db__compliance__illegal__trades__alerts,BI_DB_dbo,999,3,YES,synapse_mirror
knowledge/synapse/Wiki/BI_DB_dbo/Tables/BI_DB_CopyMilestone.md,main.dwh.gold_sql_dp_prod_we_bi_db_dbo_bi_db__copy_milestone,BI_DB_dbo,999,3,NO,synapse_mirror
knowledge/synapse/Wiki/BI_DB_dbo/Tables/BI_DB_Corporates_SummaryReport.md,main.dwh.gold_sql_dp_prod_we_bi_db_dbo_bi_db__corporates__summary_report,BI_DB_dbo,999,3,NO,synapse_mirror
knowledge/synapse/Wiki/BI_DB_dbo/Tables/BI_DB_Cross_Selling_Daily.md,main.dwh.gold_sql_dp_prod_we_bi_db_dbo_bi_db__cross__selling__daily,BI_DB_dbo,999,3,NO,synapse_mirror
knowledge/synapse/Wiki/BI_DB_dbo/Tables/BI_DB_Cross_Selling_Monthly.md,main.dwh.gold_sql_dp_prod_we_bi_db_dbo_bi_db__cross__selling__monthly,BI_DB_dbo,999,3,YES,synapse_mirror
knowledge/synapse/Wiki/BI_DB_dbo/Tables/BI_DB_CryptoDashboardNew.md,main.dwh.gold_sql_dp_prod_we_bi_db_dbo_bi_db__crypto_dashboard_new,BI_DB_dbo,999,3,NO,synapse_mirror
knowledge/synapse/Wiki/BI_DB_dbo/Tables/BI_DB_DDR_Fact_MIMO_AllPlatforms.md,main.dwh.gold_sql_dp_prod_we_bi_db_dbo_bi_db_ddr__fact_mimo__all_platforms,BI_DB_dbo,999,3,YES,synapse_mirror
knowledge/synapse/Wiki/BI_DB_dbo/Tables/BI_DB_DDR_Fact_MIMO_Trading_Platform.md,main.dwh.gold_sql_dp_prod_we_bi_db_dbo_bi_db_ddr__fact_mimo__trading__platform,BI_DB_dbo,999,3,YES,synapse_mirror
knowledge/synapse/Wiki/BI_DB_dbo/Tables/BI_DB_DDR_Fact_PnL.md,main.dwh.gold_sql_dp_prod_we_bi_db_dbo_bi_db_ddr__fact__pn_l,BI_DB_dbo,999,3,YES,synapse_mirror
knowledge/synapse/Wiki/BI_DB_dbo/Tables/BI_DB_D_HighRedeemsApprovalForManagement.md,main.dwh.gold_sql_dp_prod_we_bi_db_dbo_bi_db_d__high_redeems_approval_for_management,BI_DB_dbo,999,3,NO,synapse_mirror
knowledge/synapse/Wiki/BI_DB_dbo/Tables/BI_DB_DailyNOP_ByInstrument.md,main.dwh.gold_sql_dp_prod_we_bi_db_dbo_bi_db__daily_nop__by_instrument,BI_DB_dbo,999,3,NO,synapse_mirror
knowledge/synapse/Wiki/BI_DB_dbo/Tables/BI_DB_DepositUsersFirstTouchPoints.md,main.dwh.gold_sql_dp_prod_we_bi_db_dbo_bi_db__deposit_users_first_touch_points,BI_DB_dbo,999,3,YES,synapse_mirror
knowledge/synapse/Wiki/BI_DB_dbo/Tables/BI_DB_FCA_Liabilities.md,main.dwh.gold_sql_dp_prod_we_bi_db_dbo_bi_db_fca__liabilities,BI_DB_dbo,999,3,NO,synapse_mirror
knowledge/synapse/Wiki/BI_DB_dbo/Tables/BI_DB_FSRA_Weekly_Report.md,main.dwh.gold_sql_dp_prod_we_bi_db_dbo_bi_db_fsra__weekly__report,BI_DB_dbo,999,3,NO,synapse_mirror
knowledge/synapse/Wiki/BI_DB_dbo/Tables/BI_DB_GST_Report.md,main.dwh.gold_sql_dp_prod_we_bi_db_dbo_bi_db_gst__report,BI_DB_dbo,999,3,NO,synapse_mirror
knowledge/synapse/Wiki/BI_DB_dbo/Tables/BI_DB_High_Cashout_Emails_For_Management_Analysis.md,main.dwh.gold_sql_dp_prod_we_bi_db_dbo_bi_db__high__cashout__emails__for__management__analysis,BI_DB_dbo,999,3,NO,synapse_mirror
knowledge/synapse/Wiki/BI_DB_dbo/Tables/BI_DB_ICF_Report.md,main.dwh.gold_sql_dp_prod_we_bi_db_dbo_bi_db_icf__report,BI_DB_dbo,999,3,NO,synapse_mirror
knowledge/synapse/Wiki/BI_DB_dbo/Tables/BI_DB_InactivityFees.md,main.dwh.gold_sql_dp_prod_we_bi_db_dbo_bi_db__inactivity_fees,BI_DB_dbo,999,3,NO,synapse_mirror
knowledge/synapse/Wiki/BI_DB_dbo/Tables/BI_DB_Investors_STG.md,main.dwh.gold_sql_dp_prod_we_bi_db_dbo_bi_db__investors_stg,BI_DB_dbo,999,3,NO,synapse_mirror
knowledge/synapse/Wiki/BI_DB_dbo/Tables/BI_DB_MifidAccountType_Count.md,main.dwh.gold_sql_dp_prod_we_bi_db_dbo_bi_db__mifid_account_type__count,BI_DB_dbo,999,3,NO,synapse_mirror
knowledge/synapse/Wiki/BI_DB_dbo/Tables/BI_DB_NOP_Distribution_Crypto.md,main.dwh.gold_sql_dp_prod_we_bi_db_dbo_bi_db_nop__distribution__crypto,BI_DB_dbo,999,3,NO,synapse_mirror
knowledge/synapse/Wiki/BI_DB_dbo/Tables/BI_DB_PTM_Levy_Report.md,main.dwh.gold_sql_dp_prod_we_bi_db_dbo_bi_db_ptm__levy__report,BI_DB_dbo,999,3,NO,synapse_mirror
knowledge/synapse/Wiki/BI_DB_dbo/Tables/BI_DB_ProfessionalCustomersPending.md,main.dwh.gold_sql_dp_prod_we_bi_db_dbo_bi_db__professional_customers_pending,BI_DB_dbo,999,3,NO,synapse_mirror
knowledge/synapse/Wiki/BI_DB_dbo/Tables/BI_DB_Q_AML_FSA_Report_end.md,main.dwh.gold_sql_dp_prod_we_bi_db_dbo_bi_db_q_aml_fsa__report_end,BI_DB_dbo,999,3,NO,synapse_mirror
knowledge/synapse/Wiki/BI_DB_dbo/Tables/BI_DB_RevenueForum.md,main.dwh.gold_sql_dp_prod_we_bi_db_dbo_bi_db__revenue_forum,BI_DB_dbo,999,3,NO,synapse_mirror
knowledge/synapse/Wiki/BI_DB_dbo/Tables/BI_DB_ReverseCoReport.md,main.dwh.gold_sql_dp_prod_we_bi_db_dbo_bi_db__reverse_co_report,BI_DB_dbo,999,3,NO,synapse_mirror
knowledge/synapse/Wiki/BI_DB_dbo/Tables/BI_DB_UK_CommissionReport_byLeverage.md,main.dwh.gold_sql_dp_prod_we_bi_db_dbo_bi_db_uk__commission_report_by_leverage,BI_DB_dbo,999,3,NO,synapse_mirror
knowledge/synapse/Wiki/BI_DB_dbo/Tables/BI_DB_USA_Equity_Deposits.md,main.dwh.gold_sql_dp_prod_we_bi_db_dbo_bi_db_usa__equity__deposits,BI_DB_dbo,999,3,NO,synapse_mirror
knowledge/synapse/Wiki/BI_DB_dbo/Tables/BI_DB_USA_FinanceReport_forTax.md,main.dwh.gold_sql_dp_prod_we_bi_db_dbo_bi_db_usa__finance_report_for_tax,BI_DB_dbo,999,3,NO,synapse_mirror
knowledge/synapse/Wiki/BI_DB_dbo/Tables/BI_DB_USA_FinanceReport_forTax_CreditID.md,main.dwh.gold_sql_dp_prod_we_bi_db_dbo_bi_db_usa__finance_report_for_tax__credit_id,BI_DB_dbo,999,3,NO,synapse_mirror
knowledge/synapse/Wiki/BI_DB_dbo/Tables/BI_DB_UsersEngagement.md,main.dwh.gold_sql_dp_prod_we_bi_db_dbo_bi_db__users_engagement,BI_DB_dbo,999,3,NO,synapse_mirror
knowledge/synapse/Wiki/BI_DB_dbo/Tables/BI_DB_W_Tue_Email_for_KYT.md,main.dwh.gold_sql_dp_prod_we_bi_db_dbo_bi_db_w__tue__email_for_kyt,BI_DB_dbo,999,3,NO,synapse_mirror
knowledge/synapse/Wiki/BI_DB_dbo/Tables/BI_DB_WatchListsByFunnel.md,main.dwh.gold_sql_dp_prod_we_bi_db_dbo_bi_db__watch_lists_by_funnel,BI_DB_dbo,999,3,NO,synapse_mirror
knowledge/synapse/Wiki/DWH_dbo/Tables/Dim_CashoutMode.md,main.dwh.gold_sql_dp_prod_we_dwh_dbo_dim__cashout_mode,DWH_dbo,999,3,YES,synapse_mirror
knowledge/synapse/Wiki/DWH_dbo/Tables/Dim_CompensationReason.md,main.dwh.gold_sql_dp_prod_we_dwh_dbo_dim__compensation_reason,DWH_dbo,999,3,YES,synapse_mirror
knowledge/synapse/Wiki/DWH_dbo/Tables/Dim_CountryIP.md,main.dwh.gold_sql_dp_prod_we_dwh_dbo_dim__country_ip,DWH_dbo,999,3,YES,synapse_mirror
knowledge/synapse/Wiki/DWH_dbo/Tables/Dim_Funnel.md,main.dwh.gold_sql_dp_prod_we_dwh_dbo_dim__funnel,DWH_dbo,999,3,YES,synapse_mirror
knowledge/synapse/Wiki/DWH_dbo/Tables/Dim_RiskStatus.md,main.dwh.gold_sql_dp_prod_we_dwh_dbo_dim__risk_status,DWH_dbo,999,3,YES,synapse_mirror
knowledge/synapse/Wiki/Dealing_dbo/Tables/Dealing_CIDs_CommissionsAndFails.md,main.dwh.gold_sql_dp_prod_we_dealing_dbo_dealing_ci_ds__commissions_and_fails,Dealing_dbo,999,3,NO,synapse_mirror
knowledge/synapse/Wiki/Dealing_dbo/Tables/Dealing_CIDs_CommissionsAndFails_PIs.md,main.dwh.gold_sql_dp_prod_we_dealing_dbo_dealing_ci_ds__commissions_and_fails_p_is,Dealing_dbo,999,3,NO,synapse_mirror
knowledge/synapse/Wiki/Dealing_dbo/Tables/Dealing_Staking_Emails_New.md,main.dwh.gold_sql_dp_prod_we_dealing_dbo_dealing__staking__emails__new,Dealing_dbo,999,3,NO,synapse_mirror
knowledge/synapse/Wiki/Dealing_dbo/Tables/Dealing_Staking_OptedOut_PerCID.md,main.dwh.gold_sql_dp_prod_we_dealing_dbo_dealing__staking__opted_out__per_cid,Dealing_dbo,999,3,NO,synapse_mirror
knowledge/synapse/Wiki/Dealing_dbo/Tables/Dealing_Staking_OptedOut_PerCID_US.md,main.dwh.gold_sql_dp_prod_we_dealing_dbo_dealing__staking__opted_out__per_cid_us,Dealing_dbo,999,3,NO,synapse_mirror
knowledge/synapse/Wiki/EXW_dbo/Tables/EXW_ReimbursementFollowUp.md,main.dwh.gold_sql_dp_prod_we_exw_dbo_exw__reimbursement_follow_up,EXW_dbo,999,3,YES,synapse_mirror
knowledge/synapse/Wiki/EXW_dbo/Tables/EXW_WalletUsers_30_Days.md,main.dwh.gold_sql_dp_prod_we_exw_dbo_exw__wallet_users_30__days,EXW_dbo,999,3,YES,synapse_mirror
knowledge/synapse/Wiki/EXW_dbo/Tables/Hourly_OmnibusBalances.md,main.dwh.gold_sql_dp_prod_we_exw_dbo_hourly__omnibus_balances,EXW_dbo,999,3,YES,synapse_mirror
knowledge/synapse/Wiki/EXW_dbo/Tables/New_UsersAndWallets_Inventory.md,main.dwh.gold_sql_dp_prod_we_exw_dbo_new__users_and_wallets__inventory,EXW_dbo,999,3,YES,synapse_mirror
knowledge/synapse/Wiki/eMoney_dbo/Tables/eMoney_Panel_FirstDates.md,main.dwh.gold_sql_dp_prod_we_emoney_dbo_e_money__panel__first_dates,eMoney_dbo,999,3,YES,synapse_mirror
knowledge/synapse/Wiki/eMoney_dbo/Tables/eMoney_Snapshot_Settled_Balance.md,main.dwh.gold_sql_dp_prod_we_emoney_dbo_e_money__snapshot__settled__balance,eMoney_dbo,999,3,YES,synapse_mirror
knowledge/synapse/Wiki/eMoney_dbo/Tables/eMoney_UserData_Marketing.md,main.dwh.gold_sql_dp_prod_we_emoney_dbo_e_money__user_data__marketing,eMoney_dbo,999,3,YES,synapse_mirror
knowledge/synapse/Wiki/BI_DB_dbo/Tables/BI_DB_AML_BI_Alerts_New.md,main.dwh.gold_sql_dp_prod_we_bi_db_dbo_bi_db_aml_bi__alerts__new,BI_DB_dbo,999,2,NO,synapse_mirror
knowledge/synapse/Wiki/BI_DB_dbo/Tables/BI_DB_AML_BI_Alerts_New_Master_SubAccount.md,main.dwh.gold_sql_dp_prod_we_bi_db_dbo_bi_db_aml_bi__alerts__new__master__sub_account,BI_DB_dbo,999,2,NO,synapse_mirror
knowledge/synapse/Wiki/BI_DB_dbo/Tables/BI_DB_AML_BI_Alerts_New_Singapore.md,main.dwh.gold_sql_dp_prod_we_bi_db_dbo_bi_db_aml_bi__alerts__new__singapore,BI_DB_dbo,999,2,NO,synapse_mirror
knowledge/synapse/Wiki/BI_DB_dbo/Tables/BI_DB_AML_PI_Abuse_DeviceID_PI_Side.md,main.dwh.gold_sql_dp_prod_we_bi_db_dbo_bi_db_aml_pi__abuse__device_id_pi__side,BI_DB_dbo,999,2,NO,synapse_mirror
knowledge/synapse/Wiki/BI_DB_dbo/Tables/BI_DB_AML_PI_Abuse_FID_PI_Side.md,main.dwh.gold_sql_dp_prod_we_bi_db_dbo_bi_db_aml_pi__abuse_fid_pi__side,BI_DB_dbo,999,2,NO,synapse_mirror
knowledge/synapse/Wiki/BI_DB_dbo/Tables/BI_DB_ASIC_CreditLine_At_transfer.md,main.dwh.gold_sql_dp_prod_we_bi_db_dbo_bi_db_asic__credit_line__at_transfer,BI_DB_dbo,999,2,NO,synapse_mirror
knowledge/synapse/Wiki/BI_DB_dbo/Tables/BI_DB_ActiveAffActualMonthly_Region_GroupAffName.md,main.dwh.gold_sql_dp_prod_we_bi_db_dbo_bi_db__active_aff_actual_monthly__region__group_aff_name,BI_DB_dbo,999,2,NO,synapse_mirror
knowledge/synapse/Wiki/BI_DB_dbo/Tables/BI_DB_CMR_Phase2_Finra_NonCash_Comps.md,main.dwh.gold_sql_dp_prod_we_bi_db_dbo_bi_db_cmr__phase2__finra__non_cash__comps,BI_DB_dbo,999,2,NO,synapse_mirror
knowledge/synapse/Wiki/BI_DB_dbo/Tables/BI_DB_Client_Balance_Breakdown_Instrument_Level.md,main.dwh.gold_sql_dp_prod_we_bi_db_dbo_bi_db__client__balance__breakdown__instrument__level,BI_DB_dbo,999,2,NO,synapse_mirror
knowledge/synapse/Wiki/BI_DB_dbo/Tables/BI_DB_Compensation_Activity_Data_CompensationReason.md,main.dwh.gold_sql_dp_prod_we_bi_db_dbo_bi_db__compensation__activity__data__compensation_reason,BI_DB_dbo,999,2,NO,synapse_mirror
knowledge/synapse/Wiki/BI_DB_dbo/Tables/BI_DB_Compliance_Clients_Dashboard_EOM_Pos.md,main.dwh.gold_sql_dp_prod_we_bi_db_dbo_bi_db__compliance__clients__dashboard_eom__pos,BI_DB_dbo,999,2,NO,synapse_mirror
knowledge/synapse/Wiki/BI_DB_dbo/Tables/BI_DB_CopycatsOfCopyfunds.md,main.dwh.gold_sql_dp_prod_we_bi_db_dbo_bi_db__copycats_of_copyfunds,BI_DB_dbo,999,2,NO,synapse_mirror
knowledge/synapse/Wiki/BI_DB_dbo/Tables/BI_DB_Copyfunds_SignificantAllocation.md,main.dwh.gold_sql_dp_prod_we_bi_db_dbo_bi_db__copyfunds__significant_allocation,BI_DB_dbo,999,2,NO,synapse_mirror
knowledge/synapse/Wiki/BI_DB_dbo/Tables/BI_DB_CryptoMarketingList.md,main.dwh.gold_sql_dp_prod_we_bi_db_dbo_bi_db__crypto_marketing_list,BI_DB_dbo,999,2,NO,synapse_mirror
knowledge/synapse/Wiki/BI_DB_dbo/Tables/BI_DB_Crypto_Active_Open_Churn_Winback.md,main.dwh.gold_sql_dp_prod_we_bi_db_dbo_bi_db__crypto__active__open__churn__winback,BI_DB_dbo,999,2,NO,synapse_mirror
knowledge/synapse/Wiki/BI_DB_dbo/Tables/BI_DB_DDR_Fact_MIMO_Options_Platform.md,main.dwh.gold_sql_dp_prod_we_bi_db_dbo_bi_db_ddr__fact_mimo__options__platform,BI_DB_dbo,999,2,YES,synapse_mirror
knowledge/synapse/Wiki/BI_DB_dbo/Tables/BI_DB_DDR_Fact_MIMO_eMoney_Platform.md,main.dwh.gold_sql_dp_prod_we_bi_db_dbo_bi_db_ddr__fact_mimo_e_money__platform,BI_DB_dbo,999,2,YES,synapse_mirror
knowledge/synapse/Wiki/BI_DB_dbo/Tables/BI_DB_DailyRiskAlert.md,main.dwh.gold_sql_dp_prod_we_bi_db_dbo_bi_db__daily_risk_alert,BI_DB_dbo,999,2,NO,synapse_mirror
knowledge/synapse/Wiki/BI_DB_dbo/Tables/BI_DB_Daily_TradeData.md,main.dwh.gold_sql_dp_prod_we_bi_db_dbo_bi_db__daily__trade_data,BI_DB_dbo,999,2,NO,synapse_mirror
knowledge/synapse/Wiki/BI_DB_dbo/Tables/BI_DB_EY_Audit_Automation_UnrealizedCommissions_PerRegulation.md,main.dwh.gold_sql_dp_prod_we_bi_db_dbo_bi_db_ey__audit__automation__unrealized_commissions__per_regulation,BI_DB_dbo,999,2,NO,synapse_mirror
knowledge/synapse/Wiki/BI_DB_dbo/Tables/BI_DB_EquitySnapshots.md,main.dwh.gold_sql_dp_prod_we_bi_db_dbo_bi_db__equity_snapshots,BI_DB_dbo,999,2,NO,synapse_mirror
knowledge/synapse/Wiki/BI_DB_dbo/Tables/BI_DB_First5Actions.md,main.dwh.gold_sql_dp_prod_we_bi_db_dbo_bi_db__first5_actions,BI_DB_dbo,999,2,YES,synapse_mirror
knowledge/synapse/Wiki/BI_DB_dbo/Tables/BI_DB_FirstTimeRev5.md,main.dwh.gold_sql_dp_prod_we_bi_db_dbo_bi_db__first_time_rev5,BI_DB_dbo,999,2,NO,synapse_mirror
knowledge/synapse/Wiki/BI_DB_dbo/Tables/BI_DB_German_Crypto_Transition_To_Tangany.md,main.dwh.gold_sql_dp_prod_we_bi_db_dbo_bi_db__german__crypto__transition__to__tangany,BI_DB_dbo,999,2,NO,synapse_mirror
knowledge/synapse/Wiki/BI_DB_dbo/Tables/BI_DB_GuruRatios.md,main.dwh.gold_sql_dp_prod_we_bi_db_dbo_bi_db__guru_ratios,BI_DB_dbo,999,2,NO,synapse_mirror
knowledge/synapse/Wiki/BI_DB_dbo/Tables/BI_DB_LTV_BI_Actual.md,main.dwh.gold_sql_dp_prod_we_bi_db_dbo_bi_db_ltv_bi__actual,BI_DB_dbo,999,2,YES,synapse_mirror
knowledge/synapse/Wiki/BI_DB_dbo/Tables/BI_DB_Negative_Market_Monthly_Aggregated.md,main.dwh.gold_sql_dp_prod_we_bi_db_dbo_bi_db__negative__market__monthly__aggregated,BI_DB_dbo,999,2,NO,synapse_mirror
knowledge/synapse/Wiki/BI_DB_dbo/Tables/BI_DB_Outliers_New.md,main.dwh.gold_sql_dp_prod_we_bi_db_dbo_bi_db__outliers__new,BI_DB_dbo,999,2,YES,synapse_mirror
knowledge/synapse/Wiki/BI_DB_dbo/Tables/BI_DB_PI_Gain.md,main.dwh.gold_sql_dp_prod_we_bi_db_dbo_bi_db_pi__gain,BI_DB_dbo,999,2,NO,synapse_mirror
knowledge/synapse/Wiki/BI_DB_dbo/Tables/BI_DB_PaymentSent_Results.md,main.dwh.gold_sql_dp_prod_we_bi_db_dbo_bi_db__payment_sent__results,BI_DB_dbo,999,2,NO,synapse_mirror
knowledge/synapse/Wiki/BI_DB_dbo/Tables/BI_DB_ProfessionalCustomersDocuments.md,main.dwh.gold_sql_dp_prod_we_bi_db_dbo_bi_db__professional_customers_documents,BI_DB_dbo,999,2,NO,synapse_mirror
knowledge/synapse/Wiki/BI_DB_dbo/Tables/BI_DB_Q_AML_FSA_Report_end_Positions.md,main.dwh.gold_sql_dp_prod_we_bi_db_dbo_bi_db_q_aml_fsa__report_end__positions,BI_DB_dbo,999,2,NO,synapse_mirror
knowledge/synapse/Wiki/BI_DB_dbo/Tables/BI_DB_Q_AML_FSA_Report_start.md,main.dwh.gold_sql_dp_prod_we_bi_db_dbo_bi_db_q_aml_fsa__report_start,BI_DB_dbo,999,2,NO,synapse_mirror
knowledge/synapse/Wiki/BI_DB_dbo/Tables/BI_DB_STP_Redeems.md,main.dwh.gold_sql_dp_prod_we_bi_db_dbo_bi_db_stp__redeems,BI_DB_dbo,999,2,NO,synapse_mirror
knowledge/synapse/Wiki/BI_DB_dbo/Tables/BI_DB_Stocks_Opportunities.md,main.dwh.gold_sql_dp_prod_we_bi_db_dbo_bi_db__stocks__opportunities,BI_DB_dbo,999,2,NO,synapse_mirror
knowledge/synapse/Wiki/BI_DB_dbo/Tables/BI_DB_SuspiciousActivityTrading_Investing.md,main.dwh.gold_sql_dp_prod_we_bi_db_dbo_bi_db__suspicious_activity_trading__investing,BI_DB_dbo,999,2,NO,synapse_mirror
knowledge/synapse/Wiki/BI_DB_dbo/Tables/BI_DB_Tax_1099_PartA.md,main.dwh.gold_sql_dp_prod_we_bi_db_dbo_bi_db__tax_1099__part_a,BI_DB_dbo,999,2,NO,synapse_mirror
knowledge/synapse/Wiki/BI_DB_dbo/Tables/BI_DB_Technical_Issues_Compensation_Risk.md,main.dwh.gold_sql_dp_prod_we_bi_db_dbo_bi_db__technical__issues__compensation__risk,BI_DB_dbo,999,2,NO,synapse_mirror
knowledge/synapse/Wiki/BI_DB_dbo/Tables/BI_DB_US_Apex_Rejected_Accounts.md,main.dwh.gold_sql_dp_prod_we_bi_db_dbo_bi_db_us__apex__rejected__accounts,BI_DB_dbo,999,2,NO,synapse_mirror
knowledge/synapse/Wiki/BI_DB_dbo/Tables/BI_DB_US_Compliance_Apex_Clients_Crypto_Stocks.md,main.dwh.gold_sql_dp_prod_we_bi_db_dbo_bi_db_us__compliance__apex__clients__crypto__stocks,BI_DB_dbo,999,2,NO,synapse_mirror
knowledge/synapse/Wiki/BI_DB_dbo/Tables/BI_DB_US_Popular_Investor.md,main.dwh.gold_sql_dp_prod_we_bi_db_dbo_bi_db_us__popular__investor,BI_DB_dbo,999,2,NO,synapse_mirror
knowledge/synapse/Wiki/BI_DB_dbo/Tables/BI_DB_VAT_Transactions.md,main.dwh.gold_sql_dp_prod_we_bi_db_dbo_bi_db_vat__transactions,BI_DB_dbo,999,2,NO,synapse_mirror
knowledge/synapse/Wiki/BI_DB_dbo/Tables/BI_DB_eTorian_NetProfit.md,main.dwh.gold_sql_dp_prod_we_bi_db_dbo_bi_db_e_torian__net_profit,BI_DB_dbo,999,2,NO,synapse_mirror
knowledge/synapse/Wiki/BI_DB_dbo/Views/V_BI_DB_Outliers_New.md,main.dwh.gold_sql_dp_prod_we_bi_db_dbo_v_bi_db__outliers__new,BI_DB_dbo,999,2,YES,synapse_mirror
knowledge/synapse/Wiki/DWH_dbo/Tables/Dim_AccountStatus.md,main.dwh.gold_sql_dp_prod_we_dwh_dbo_dim__account_status,DWH_dbo,999,2,YES,synapse_mirror
knowledge/synapse/Wiki/DWH_dbo/Tables/Dim_CardType.md,main.dwh.gold_sql_dp_prod_we_dwh_dbo_dim__card_type,DWH_dbo,999,2,YES,synapse_mirror
knowledge/synapse/Wiki/DWH_dbo/Tables/Dim_CashoutFeeGroup.md,main.dwh.gold_sql_dp_prod_we_dwh_dbo_dim__cashout_fee_group,DWH_dbo,999,2,YES,synapse_mirror
knowledge/synapse/Wiki/DWH_dbo/Tables/Dim_CashoutReason.md,main.dwh.gold_sql_dp_prod_we_dwh_dbo_dim__cashout_reason,DWH_dbo,999,2,YES,synapse_mirror
knowledge/synapse/Wiki/DWH_dbo/Tables/Dim_ClientWithdrawReason.md,main.dwh.gold_sql_dp_prod_we_dwh_dbo_dim__client_withdraw_reason,DWH_dbo,999,2,YES,synapse_mirror
knowledge/synapse/Wiki/DWH_dbo/Tables/Dim_ClosePositionReason.md,main.dwh.gold_sql_dp_prod_we_dwh_dbo_dim__close_position_reason,DWH_dbo,999,2,YES,synapse_mirror
knowledge/synapse/Wiki/DWH_dbo/Tables/Dim_CreditType.md,main.dwh.gold_sql_dp_prod_we_dwh_dbo_dim__credit_type,DWH_dbo,999,2,YES,synapse_mirror
knowledge/synapse/Wiki/DWH_dbo/Tables/Dim_DocumentStatus.md,main.dwh.gold_sql_dp_prod_we_dwh_dbo_dim__document_status,DWH_dbo,999,2,YES,synapse_mirror
knowledge/synapse/Wiki/DWH_dbo/Tables/Dim_ExchangeInfo.md,main.dwh.gold_sql_dp_prod_we_dwh_dbo_dim__exchange_info,DWH_dbo,999,2,YES,synapse_mirror
knowledge/synapse/Wiki/DWH_dbo/Tables/Dim_FeeOperationTypes.md,main.dwh.gold_sql_dp_prod_we_dwh_dbo_dim__fee_operation_types,DWH_dbo,999,2,YES,synapse_mirror
knowledge/synapse/Wiki/DWH_dbo/Tables/Dim_FundType.md,main.dwh.gold_sql_dp_prod_we_dwh_dbo_dim__fund_type,DWH_dbo,999,2,YES,synapse_mirror
knowledge/synapse/Wiki/DWH_dbo/Tables/Dim_GuruStatus.md,main.dwh.gold_sql_dp_prod_we_dwh_dbo_dim__guru_status,DWH_dbo,999,2,YES,synapse_mirror
knowledge/synapse/Wiki/DWH_dbo/Tables/Dim_Label.md,main.dwh.gold_sql_dp_prod_we_dwh_dbo_dim__label,DWH_dbo,999,2,YES,synapse_mirror
knowledge/synapse/Wiki/DWH_dbo/Tables/Dim_MifidCategorization.md,main.dwh.gold_sql_dp_prod_we_dwh_dbo_dim__mifid_categorization,DWH_dbo,999,2,YES,synapse_mirror
knowledge/synapse/Wiki/DWH_dbo/Tables/Dim_MirrorType.md,main.dwh.gold_sql_dp_prod_we_dwh_dbo_dim__mirror_type,DWH_dbo,999,2,YES,synapse_mirror
knowledge/synapse/Wiki/DWH_dbo/Tables/Dim_PaymentStatus.md,main.dwh.gold_sql_dp_prod_we_dwh_dbo_dim__payment_status,DWH_dbo,999,2,YES,synapse_mirror
knowledge/synapse/Wiki/DWH_dbo/Tables/Dim_PendingClosureStatus.md,main.dwh.gold_sql_dp_prod_we_dwh_dbo_dim__pending_closure_status,DWH_dbo,999,2,YES,synapse_mirror
knowledge/synapse/Wiki/DWH_dbo/Tables/Dim_PhoneVerified.md,main.dwh.gold_sql_dp_prod_we_dwh_dbo_dim__phone_verified,DWH_dbo,999,2,YES,synapse_mirror
knowledge/synapse/Wiki/DWH_dbo/Tables/Dim_Platform.md,main.dwh.gold_sql_dp_prod_we_dwh_dbo_dim__platform,DWH_dbo,999,2,YES,synapse_mirror
knowledge/synapse/Wiki/DWH_dbo/Tables/Dim_PlayerStatusReasons.md,main.dwh.gold_sql_dp_prod_we_dwh_dbo_dim__player_status_reasons,DWH_dbo,999,2,YES,synapse_mirror
knowledge/synapse/Wiki/DWH_dbo/Tables/Dim_PlayerStatusSubReasons.md,main.dwh.gold_sql_dp_prod_we_dwh_dbo_dim__player_status_sub_reasons,DWH_dbo,999,2,YES,synapse_mirror
knowledge/synapse/Wiki/DWH_dbo/Tables/Dim_RedeemStatus.md,main.dwh.gold_sql_dp_prod_we_dwh_dbo_dim__redeem_status,DWH_dbo,999,2,YES,synapse_mirror
knowledge/synapse/Wiki/DWH_dbo/Tables/Dim_Regulation.md,main.dwh.gold_sql_dp_prod_we_dwh_dbo_dim__regulation,DWH_dbo,999,2,YES,synapse_mirror
knowledge/synapse/Wiki/DWH_dbo/Tables/Dim_RiskClassification.md,main.dwh.gold_sql_dp_prod_we_dwh_dbo_dim__risk_classification,DWH_dbo,999,2,YES,synapse_mirror
knowledge/synapse/Wiki/DWH_dbo/Tables/Dim_RiskManagementStatus.md,main.dwh.gold_sql_dp_prod_we_dwh_dbo_dim__risk_management_status,DWH_dbo,999,2,YES,synapse_mirror
knowledge/synapse/Wiki/DWH_dbo/Tables/Dim_State_and_Province.md,main.dwh.gold_sql_dp_prod_we_dwh_dbo_dim__state_and__province,DWH_dbo,999,2,YES,synapse_mirror
knowledge/synapse/Wiki/DWH_dbo/Tables/Dim_ThreeDsResponseTypes.md,main.dwh.gold_sql_dp_prod_we_dwh_dbo_dim__three_ds_response_types,DWH_dbo,999,2,YES,synapse_mirror
knowledge/synapse/Wiki/DWH_dbo/Tables/Dim_VerificationLevel.md,main.dwh.gold_sql_dp_prod_we_dwh_dbo_dim__verification_level,DWH_dbo,999,2,YES,synapse_mirror
knowledge/synapse/Wiki/DWH_dbo/Tables/Dim_WorldCheck.md,main.dwh.gold_sql_dp_prod_we_dwh_dbo_dim__world_check,DWH_dbo,999,2,YES,synapse_mirror
knowledge/synapse/Wiki/DWH_dbo/Views/V_Fact_RegulationTransfer.md,main.dwh.gold_sql_dp_prod_we_dwh_dbo_v__fact__regulation_transfer,DWH_dbo,999,2,NO,synapse_mirror
knowledge/synapse/Wiki/Dealing_dbo/Tables/Dealing_Apex_PnL.md,main.dwh.gold_sql_dp_prod_we_dealing_dbo_dealing__apex__pn_l,Dealing_dbo,999,2,NO,synapse_mirror
knowledge/synapse/Wiki/Dealing_dbo/Tables/Dealing_BNY_Citadel_ReconTrades.md,main.dwh.gold_sql_dp_prod_we_dealing_dbo_dealing_bny__citadel__recon_trades,Dealing_dbo,999,2,NO,synapse_mirror
knowledge/synapse/Wiki/Dealing_dbo/Tables/Dealing_BNY_VIRTU_ReconEODHolding.md,main.dwh.gold_sql_dp_prod_we_dealing_dbo_dealing_bny_virtu__recon_eod_holding,Dealing_dbo,999,2,YES,synapse_mirror
knowledge/synapse/Wiki/Dealing_dbo/Tables/Dealing_BNY_VIRTU_ReconTrades.md,main.dwh.gold_sql_dp_prod_we_dealing_dbo_dealing_bny_virtu__recon_trades,Dealing_dbo,999,2,NO,synapse_mirror
knowledge/synapse/Wiki/Dealing_dbo/Tables/Dealing_Daily_Slippage_Positions_TriggerVSReceived.md,main.dwh.gold_sql_dp_prod_we_dealing_dbo_dealing__daily__slippage__positions__trigger_vs_received,Dealing_dbo,999,2,NO,synapse_mirror
knowledge/synapse/Wiki/Dealing_dbo/Tables/Dealing_GSReconEODHolding.md,main.dwh.gold_sql_dp_prod_we_dealing_dbo_dealing_gs_recon_eod_holding,Dealing_dbo,999,2,NO,synapse_mirror
knowledge/synapse/Wiki/Dealing_dbo/Tables/Dealing_GSReconTrades.md,main.dwh.gold_sql_dp_prod_we_dealing_dbo_dealing_gs_recon_trades,Dealing_dbo,999,2,NO,synapse_mirror
knowledge/synapse/Wiki/Dealing_dbo/Tables/Dealing_IBRecon_EODHoldings.md,main.dwh.gold_sql_dp_prod_we_dealing_dbo_dealing_ib_recon_eod_holdings,Dealing_dbo,999,2,NO,synapse_mirror
knowledge/synapse/Wiki/Dealing_dbo/Tables/Dealing_IndiciesIntraHour_Clients.md,main.dwh.gold_sql_dp_prod_we_dealing_dbo_dealing__indicies_intra_hour__clients,Dealing_dbo,999,2,YES,synapse_mirror
knowledge/synapse/Wiki/Dealing_dbo/Tables/Dealing_RiskMatrix_V2.md,main.dwh.gold_sql_dp_prod_we_dealing_dbo_dealing__risk_matrix_v2,Dealing_dbo,999,2,YES,synapse_mirror
knowledge/synapse/Wiki/EXW_dbo/Tables/EXW_UserSettingsWalletAllowance.md,main.dwh.gold_sql_dp_prod_we_exw_dbo_exw__user_settings_wallet_allowance,EXW_dbo,999,2,YES,synapse_mirror
knowledge/synapse/Wiki/eMoney_Tribe/Tables/AccountsActivities_SecurityChecks-471048.md,main.dwh.gold_sql_dp_prod_we_emoney_tribe_accounts_activities__security_checks-471048,eMoney_Tribe,999,2,NO,synapse_mirror
knowledge/synapse/Wiki/eMoney_Tribe/Tables/CardsSnapshots_BankAccounts-83854.md,main.dwh.gold_sql_dp_prod_we_emoney_tribe_cards_snapshots__bank_accounts-83854,eMoney_Tribe,999,2,NO,synapse_mirror
knowledge/synapse/Wiki/eMoney_dbo/Tables/eMoney_AM_Target.md,main.dwh.gold_sql_dp_prod_we_emoney_dbo_e_money_am__target,eMoney_dbo,999,2,YES,synapse_mirror
knowledge/synapse/Wiki/eMoney_dbo/Tables/eMoney_BankPaymentsUK.md,main.dwh.gold_sql_dp_prod_we_emoney_dbo_e_money__bank_payments_uk,eMoney_dbo,999,2,YES,synapse_mirror
knowledge/synapse/Wiki/eMoney_dbo/Tables/eMoney_Card_Monthly_Snapshot.md,main.dwh.gold_sql_dp_prod_we_emoney_dbo_e_money__card__monthly__snapshot,eMoney_dbo,999,2,YES,synapse_mirror
knowledge/synapse/Wiki/eMoney_dbo/Tables/eMoney_Dictionary_AccountProgram.md,main.dwh.gold_sql_dp_prod_we_emoney_dbo_e_money__dictionary__account_program,eMoney_dbo,999,2,YES,synapse_mirror
knowledge/synapse/Wiki/eMoney_dbo/Tables/eMoney_Dictionary_AccountStatus.md,main.dwh.gold_sql_dp_prod_we_emoney_dbo_e_money__dictionary__account_status,eMoney_dbo,999,2,YES,synapse_mirror
knowledge/synapse/Wiki/eMoney_dbo/Tables/eMoney_Dictionary_AuthorizationType.md,main.dwh.gold_sql_dp_prod_we_emoney_dbo_e_money__dictionary__authorization_type,eMoney_dbo,999,2,YES,synapse_mirror
knowledge/synapse/Wiki/eMoney_dbo/Tables/eMoney_Dictionary_CardStatus.md,main.dwh.gold_sql_dp_prod_we_emoney_dbo_e_money__dictionary__card_status,eMoney_dbo,999,2,YES,synapse_mirror
knowledge/synapse/Wiki/eMoney_dbo/Tables/eMoney_Dictionary_CurrencyBalanceStatus.md,main.dwh.gold_sql_dp_prod_we_emoney_dbo_e_money__dictionary__currency_balance_status,eMoney_dbo,999,2,YES,synapse_mirror
knowledge/synapse/Wiki/eMoney_dbo/Tables/eMoney_Dictionary_PaymentSchemaType.md,main.dwh.gold_sql_dp_prod_we_emoney_dbo_e_money__dictionary__payment_schema_type,eMoney_dbo,999,2,YES,synapse_mirror
knowledge/synapse/Wiki/eMoney_dbo/Tables/eMoney_Dictionary_PaymentSpecificationType.md,main.dwh.gold_sql_dp_prod_we_emoney_dbo_e_money__dictionary__payment_specification_type,eMoney_dbo,999,2,YES,synapse_mirror
knowledge/synapse/Wiki/eMoney_dbo/Tables/eMoney_Dictionary_Provider.md,main.dwh.gold_sql_dp_prod_we_emoney_dbo_e_money__dictionary__provider,eMoney_dbo,999,2,YES,synapse_mirror
knowledge/synapse/Wiki/eMoney_dbo/Tables/eMoney_Dictionary_TransactionCategory.md,main.dwh.gold_sql_dp_prod_we_emoney_dbo_e_money__dictionary__transaction_category,eMoney_dbo,999,2,YES,synapse_mirror
knowledge/synapse/Wiki/eMoney_dbo/Tables/eMoney_Dictionary_TransactionStatus.md,main.dwh.gold_sql_dp_prod_we_emoney_dbo_e_money__dictionary__transaction_status,eMoney_dbo,999,2,YES,synapse_mirror
knowledge/synapse/Wiki/eMoney_dbo/Tables/eMoney_Dictionary_TransactionType.md,main.dwh.gold_sql_dp_prod_we_emoney_dbo_e_money__dictionary__transaction_type,eMoney_dbo,999,2,YES,synapse_mirror
knowledge/synapse/Wiki/eMoney_dbo/Tables/eMoney_Dictionary_TribeScriptStatus.md,main.dwh.gold_sql_dp_prod_we_emoney_dbo_e_money__dictionary__tribe_script_status,eMoney_dbo,999,2,YES,synapse_mirror
knowledge/synapse/Wiki/eMoney_dbo/Tables/eMoney_Reports_AcquisitionFunnel.md,main.dwh.gold_sql_dp_prod_we_emoney_dbo_e_money__reports__acquisition_funnel,eMoney_dbo,999,2,YES,synapse_mirror
knowledge/synapse/Wiki/eMoney_dbo/Tables/eMoney_Reports_ClubUpgrade.md,main.dwh.gold_sql_dp_prod_we_emoney_dbo_e_money__reports__club_upgrade,eMoney_dbo,999,2,YES,synapse_mirror
knowledge/synapse/Wiki/eMoney_dbo/Tables/v_eMoney_Card_Instance_Summary.md,main.dwh.gold_sql_dp_prod_we_emoney_dbo_v_e_money__card__instance__summary,eMoney_dbo,999,2,YES,synapse_mirror
knowledge/synapse/Wiki/BI_DB_dbo/Tables/BI_DB_AML_Multiple_Accounts_SameIP.md,main.dwh.gold_sql_dp_prod_we_bi_db_dbo_bi_db_aml__multiple__accounts__same_ip,BI_DB_dbo,999,1,NO,synapse_mirror
knowledge/synapse/Wiki/BI_DB_dbo/Tables/BI_DB_AML_Multiple_Accounts_SameIP_FullData.md,main.dwh.gold_sql_dp_prod_we_bi_db_dbo_bi_db_aml__multiple__accounts__same_ip__full_data,BI_DB_dbo,999,1,NO,synapse_mirror
knowledge/synapse/Wiki/BI_DB_dbo/Tables/BI_DB_AML_Multiple_Accounts_Withdraw.md,main.dwh.gold_sql_dp_prod_we_bi_db_dbo_bi_db_aml__multiple__accounts__withdraw,BI_DB_dbo,999,1,NO,synapse_mirror
knowledge/synapse/Wiki/BI_DB_dbo/Tables/BI_DB_AML_PI_Abuse_DeviceID_AS_PI.md,main.dwh.gold_sql_dp_prod_we_bi_db_dbo_bi_db_aml_pi__abuse__device_id_as_pi,BI_DB_dbo,999,1,NO,synapse_mirror
knowledge/synapse/Wiki/BI_DB_dbo/Tables/BI_DB_AML_PI_Abuse_DeviceID_Copiers.md,main.dwh.gold_sql_dp_prod_we_bi_db_dbo_bi_db_aml_pi__abuse__device_id__copiers,BI_DB_dbo,999,1,NO,synapse_mirror
knowledge/synapse/Wiki/BI_DB_dbo/Tables/BI_DB_AML_PI_Abuse_DeviceID_Copy_Side.md,main.dwh.gold_sql_dp_prod_we_bi_db_dbo_bi_db_aml_pi__abuse__device_id__copy__side,BI_DB_dbo,999,1,NO,synapse_mirror
knowledge/synapse/Wiki/BI_DB_dbo/Tables/BI_DB_AML_PI_Abuse_FID_Copy_Side.md,main.dwh.gold_sql_dp_prod_we_bi_db_dbo_bi_db_aml_pi__abuse_fid__copy__side,BI_DB_dbo,999,1,NO,synapse_mirror
knowledge/synapse/Wiki/BI_DB_dbo/Tables/BI_DB_AML_PI_Abuse_SameIP.md,main.dwh.gold_sql_dp_prod_we_bi_db_dbo_bi_db_aml_pi__abuse__same_ip,BI_DB_dbo,999,1,NO,synapse_mirror
knowledge/synapse/Wiki/BI_DB_dbo/Tables/BI_DB_AM_Contacted.md,main.dwh.gold_sql_dp_prod_we_bi_db_dbo_bi_db_am__contacted,BI_DB_dbo,999,1,NO,synapse_mirror
knowledge/synapse/Wiki/BI_DB_dbo/Tables/BI_DB_AccountClosure.md,main.dwh.gold_sql_dp_prod_we_bi_db_dbo_bi_db__account_closure,BI_DB_dbo,999,1,NO,synapse_mirror
knowledge/synapse/Wiki/BI_DB_dbo/Tables/BI_DB_ClubChangeLogProduct.md,main.dwh.gold_sql_dp_prod_we_bi_db_dbo_bi_db__club_change_log_product,BI_DB_dbo,999,1,YES,synapse_mirror
knowledge/synapse/Wiki/BI_DB_dbo/Tables/BI_DB_ClubUsersDataRemarketingGoogle.md,main.dwh.gold_sql_dp_prod_we_bi_db_dbo_bi_db__club_users_data_remarketing_google,BI_DB_dbo,999,1,NO,synapse_mirror
knowledge/synapse/Wiki/BI_DB_dbo/Tables/BI_DB_ClusteringDailyPrepData.md,main.dwh.gold_sql_dp_prod_we_bi_db_dbo_bi_db__clustering_daily_prep_data,BI_DB_dbo,999,1,NO,synapse_mirror
knowledge/synapse/Wiki/BI_DB_dbo/Tables/BI_DB_CorpDevDashboard.md,main.dwh.gold_sql_dp_prod_we_bi_db_dbo_bi_db__corp_dev_dashboard,BI_DB_dbo,999,1,NO,synapse_mirror
knowledge/synapse/Wiki/BI_DB_dbo/Tables/BI_DB_Crypto_Dashboard.md,main.dwh.gold_sql_dp_prod_we_bi_db_dbo_bi_db__crypto__dashboard,BI_DB_dbo,999,1,NO,synapse_mirror
knowledge/synapse/Wiki/BI_DB_dbo/Tables/BI_DB_CustomerCross.md,main.dwh.gold_sql_dp_prod_we_bi_db_dbo_bi_db__customer_cross,BI_DB_dbo,999,1,NO,synapse_mirror
knowledge/synapse/Wiki/BI_DB_dbo/Tables/BI_DB_CustomerCross_New.md,main.dwh.gold_sql_dp_prod_we_bi_db_dbo_bi_db__customer_cross__new,BI_DB_dbo,999,1,NO,synapse_mirror
knowledge/synapse/Wiki/BI_DB_dbo/Tables/BI_DB_CustomerFirst5OpenPositions.md,main.dwh.gold_sql_dp_prod_we_bi_db_dbo_bi_db__customer_first5_open_positions,BI_DB_dbo,999,1,NO,synapse_mirror
knowledge/synapse/Wiki/BI_DB_dbo/Tables/BI_DB_DDR_Daily_Aggregated.md,main.dwh.gold_sql_dp_prod_we_bi_db_dbo_bi_db_ddr__daily__aggregated,BI_DB_dbo,999,1,YES,synapse_mirror
knowledge/synapse/Wiki/BI_DB_dbo/Tables/BI_DB_DDR_Fact_Non_Revenue_Generating_Actions.md,main.dwh.gold_sql_dp_prod_we_bi_db_dbo_bi_db_ddr__fact__non__revenue__generating__actions,BI_DB_dbo,999,1,YES,synapse_mirror
knowledge/synapse/Wiki/BI_DB_dbo/Tables/BI_DB_Dealing_CryptoRebate.md,main.dwh.gold_sql_dp_prod_we_bi_db_dbo_bi_db__dealing__crypto_rebate,BI_DB_dbo,999,1,NO,synapse_mirror
knowledge/synapse/Wiki/BI_DB_dbo/Tables/BI_DB_Dealing_Unrealized_CryptoRebate.md,main.dwh.gold_sql_dp_prod_we_bi_db_dbo_bi_db__dealing__unrealized__crypto_rebate,BI_DB_dbo,999,1,NO,synapse_mirror
knowledge/synapse/Wiki/BI_DB_dbo/Tables/BI_DB_Demo_CID_Panel.md,main.dwh.gold_sql_dp_prod_we_bi_db_dbo_bi_db__demo_cid__panel,BI_DB_dbo,999,1,YES,synapse_mirror
knowledge/synapse/Wiki/BI_DB_dbo/Tables/BI_DB_DepositSnapshots.md,main.dwh.gold_sql_dp_prod_we_bi_db_dbo_bi_db__deposit_snapshots,BI_DB_dbo,999,1,NO,synapse_mirror
knowledge/synapse/Wiki/BI_DB_dbo/Tables/BI_DB_Diversification.md,main.dwh.gold_sql_dp_prod_we_bi_db_dbo_bi_db__diversification,BI_DB_dbo,999,1,NO,synapse_mirror
knowledge/synapse/Wiki/BI_DB_dbo/Tables/BI_DB_EOD_USD_cr.md,main.dwh.gold_sql_dp_prod_we_bi_db_dbo_bi_db_eod_usd_cr,BI_DB_dbo,999,1,NO,synapse_mirror
knowledge/synapse/Wiki/BI_DB_dbo/Tables/BI_DB_EquitiesWithSustainabilityStamp.md,main.dwh.gold_sql_dp_prod_we_bi_db_dbo_bi_db__equities_with_sustainability_stamp,BI_DB_dbo,999,1,NO,synapse_mirror
knowledge/synapse/Wiki/BI_DB_dbo/Tables/BI_DB_Finance_Audit_Auxillary_Datapoints.md,main.dwh.gold_sql_dp_prod_we_bi_db_dbo_bi_db__finance__audit__auxillary__datapoints,BI_DB_dbo,999,1,YES,synapse_mirror
knowledge/synapse/Wiki/BI_DB_dbo/Tables/BI_DB_Finance_Net_MIMO.md,main.dwh.gold_sql_dp_prod_we_bi_db_dbo_bi_db__finance__net_mimo,BI_DB_dbo,999,1,NO,synapse_mirror
knowledge/synapse/Wiki/BI_DB_dbo/Tables/BI_DB_FirstTimeFunded.md,main.dwh.gold_sql_dp_prod_we_bi_db_dbo_bi_db__first_time_funded,BI_DB_dbo,999,1,NO,synapse_mirror
knowledge/synapse/Wiki/BI_DB_dbo/Tables/BI_DB_FirstTimeRev10.md,main.dwh.gold_sql_dp_prod_we_bi_db_dbo_bi_db__first_time_rev10,BI_DB_dbo,999,1,NO,synapse_mirror
knowledge/synapse/Wiki/BI_DB_dbo/Tables/BI_DB_InvestorsDetail.md,main.dwh.gold_sql_dp_prod_we_bi_db_dbo_bi_db__investors_detail,BI_DB_dbo,999,1,YES,synapse_mirror
knowledge/synapse/Wiki/BI_DB_dbo/Tables/BI_DB_KYC_Questions_Answers_Row_Data.md,main.dwh.gold_sql_dp_prod_we_bi_db_dbo_bi_db_kyc__questions__answers__row__data,BI_DB_dbo,999,1,NO,synapse_mirror
knowledge/synapse/Wiki/BI_DB_dbo/Tables/BI_DB_LTV_BI_Actual_Daily_Snapshot.md,main.dwh.gold_sql_dp_prod_we_bi_db_dbo_bi_db_ltv_bi__actual__daily__snapshot,BI_DB_dbo,999,1,NO,synapse_mirror
knowledge/synapse/Wiki/BI_DB_dbo/Tables/BI_DB_LTV_Predictions.md,main.dwh.gold_sql_dp_prod_we_bi_db_dbo_bi_db_ltv__predictions,BI_DB_dbo,999,1,NO,synapse_mirror
knowledge/synapse/Wiki/BI_DB_dbo/Tables/BI_DB_LiveAcquisitionDashboard_Daily.md,main.dwh.gold_sql_dp_prod_we_bi_db_dbo_bi_db__live_acquisition_dashboard__daily,BI_DB_dbo,999,1,YES,synapse_mirror
knowledge/synapse/Wiki/BI_DB_dbo/Tables/BI_DB_NewBonusReport.md,main.dwh.gold_sql_dp_prod_we_bi_db_dbo_bi_db__new_bonus_report,BI_DB_dbo,999,1,YES,synapse_mirror
knowledge/synapse/Wiki/BI_DB_dbo/Tables/BI_DB_PI_GainDaily.md,main.dwh.gold_sql_dp_prod_we_bi_db_dbo_bi_db_pi__gain_daily,BI_DB_dbo,999,1,NO,synapse_mirror
knowledge/synapse/Wiki/BI_DB_dbo/Tables/BI_DB_PLTV.md,main.dwh.gold_sql_dp_prod_we_bi_db_dbo_bi_db_pltv,BI_DB_dbo,999,1,YES,synapse_mirror
knowledge/synapse/Wiki/BI_DB_dbo/Tables/BI_DB_PastYearsGain.md,main.dwh.gold_sql_dp_prod_we_bi_db_dbo_bi_db__past_years_gain,BI_DB_dbo,999,1,NO,synapse_mirror
knowledge/synapse/Wiki/BI_DB_dbo/Tables/BI_DB_Payoneer_Revenue_Report.md,main.dwh.gold_sql_dp_prod_we_bi_db_dbo_bi_db__payoneer__revenue__report,BI_DB_dbo,999,1,NO,synapse_mirror
knowledge/synapse/Wiki/BI_DB_dbo/Tables/BI_DB_ProfessionalCustomers.md,main.dwh.gold_sql_dp_prod_we_bi_db_dbo_bi_db__professional_customers,BI_DB_dbo,999,1,NO,synapse_mirror
knowledge/synapse/Wiki/BI_DB_dbo/Tables/BI_DB_Revenue14DaysToBigQuery.md,main.dwh.gold_sql_dp_prod_we_bi_db_dbo_bi_db__revenue14_days_to_big_query,BI_DB_dbo,999,1,NO,synapse_mirror
knowledge/synapse/Wiki/BI_DB_dbo/Tables/BI_DB_Snapshot_CID_LifeStageDefinition.md,main.dwh.gold_sql_dp_prod_we_bi_db_dbo_bi_db__snapshot_cid__life_stage_definition,BI_DB_dbo,999,1,NO,synapse_mirror
knowledge/synapse/Wiki/BI_DB_dbo/Tables/BI_DB_Social_Activity.md,main.dwh.gold_sql_dp_prod_we_bi_db_dbo_bi_db__social__activity,BI_DB_dbo,999,1,YES,synapse_mirror
knowledge/synapse/Wiki/BI_DB_dbo/Tables/BI_DB_StocksETFs_SignificantAllocation.md,main.dwh.gold_sql_dp_prod_we_bi_db_dbo_bi_db__stocks_et_fs__significant_allocation,BI_DB_dbo,999,1,NO,synapse_mirror
knowledge/synapse/Wiki/BI_DB_dbo/Tables/BI_DB_Stocks_HS121_CIDs.md,main.dwh.gold_sql_dp_prod_we_bi_db_dbo_bi_db__stocks_hs121_ci_ds,BI_DB_dbo,999,1,NO,synapse_mirror
knowledge/synapse/Wiki/BI_DB_dbo/Tables/BI_DB_Stocks_HS125.md,main.dwh.gold_sql_dp_prod_we_bi_db_dbo_bi_db__stocks_hs125,BI_DB_dbo,999,1,NO,synapse_mirror
knowledge/synapse/Wiki/BI_DB_dbo/Tables/BI_DB_Tax_Compliance_Trade_CFD_US_Stocks.md,main.dwh.gold_sql_dp_prod_we_bi_db_dbo_bi_db__tax__compliance__trade_cfd_us__stocks,BI_DB_dbo,999,1,NO,synapse_mirror
knowledge/synapse/Wiki/BI_DB_dbo/Tables/BI_DB_Tax_Reports_Status.md,main.dwh.gold_sql_dp_prod_we_bi_db_dbo_bi_db__tax__reports__status,BI_DB_dbo,999,1,NO,synapse_mirror
knowledge/synapse/Wiki/BI_DB_dbo/Tables/BI_DB_TicketsForOPS_NEW.md,main.dwh.gold_sql_dp_prod_we_bi_db_dbo_bi_db__tickets_for_ops_new,BI_DB_dbo,999,1,NO,synapse_mirror
knowledge/synapse/Wiki/BI_DB_dbo/Tables/BI_DB_Trading_Failures_Risk.md,main.dwh.gold_sql_dp_prod_we_bi_db_dbo_bi_db__trading__failures__risk,BI_DB_dbo,999,1,YES,synapse_mirror
knowledge/synapse/Wiki/BI_DB_dbo/Tables/BI_DB_US_Apex_Recon_Cash_To_Clients_Accounts.md,main.dwh.gold_sql_dp_prod_we_bi_db_dbo_bi_db_us__apex__recon__cash__to__clients__accounts,BI_DB_dbo,999,1,NO,synapse_mirror
knowledge/synapse/Wiki/BI_DB_dbo/Tables/BI_DB_US_Citizens_Under_Non_US_Regulation.md,main.dwh.gold_sql_dp_prod_we_bi_db_dbo_bi_db_us__citizens__under__non_us__regulation,BI_DB_dbo,999,1,NO,synapse_mirror
knowledge/synapse/Wiki/BI_DB_dbo/Tables/BI_DB_US_Stocks_Apex_PFOF.md,main.dwh.gold_sql_dp_prod_we_bi_db_dbo_bi_db_us__stocks__apex_pfof,BI_DB_dbo,999,1,NO,synapse_mirror
knowledge/synapse/Wiki/BI_DB_dbo/Tables/BI_DB_WeeklyCopyBlock.md,main.dwh.gold_sql_dp_prod_we_bi_db_dbo_bi_db__weekly_copy_block,BI_DB_dbo,999,1,NO,synapse_mirror
knowledge/synapse/Wiki/BI_DB_dbo/Tables/Dealing_CryptoRebate.md,main.dwh.gold_sql_dp_prod_we_bi_db_dbo_dealing__crypto_rebate,BI_DB_dbo,999,1,NO,synapse_mirror
knowledge/synapse/Wiki/BI_DB_dbo/Tables/Group_LTV_Table.md,main.dwh.gold_sql_dp_prod_we_bi_db_dbo_group_ltv__table,BI_DB_dbo,999,1,NO,synapse_mirror
knowledge/synapse/Wiki/BI_DB_dbo/Tables/LTV_Conversions_Multipliers_Table.md,main.dwh.gold_sql_dp_prod_we_bi_db_dbo_ltv__conversions__multipliers__table,BI_DB_dbo,999,1,NO,synapse_mirror
knowledge/synapse/Wiki/BI_DB_dbo/Tables/LTV_FromDB_ToBigQuery.md,main.dwh.gold_sql_dp_prod_we_bi_db_dbo_ltv__from_db__to_big_query,BI_DB_dbo,999,1,NO,synapse_mirror
knowledge/synapse/Wiki/DWH_dbo/Tables/Dim_AccountType.md,main.dwh.gold_sql_dp_prod_we_dwh_dbo_dim__account_type,DWH_dbo,999,1,YES,synapse_mirror
knowledge/synapse/Wiki/DWH_dbo/Tables/Dim_CashoutStatus.md,main.dwh.gold_sql_dp_prod_we_dwh_dbo_dim__cashout_status,DWH_dbo,999,1,YES,synapse_mirror
knowledge/synapse/Wiki/DWH_dbo/Tables/Dim_MoveMoneyReason.md,main.dwh.gold_sql_dp_prod_we_dwh_dbo_dim__move_money_reason,DWH_dbo,999,1,YES,synapse_mirror
knowledge/synapse/Wiki/DWH_dbo/Tables/Dim_PositionHedgeServerChangeLog_Snapshot.md,main.dwh.gold_sql_dp_prod_we_dwh_dbo_dim__position_hedge_server_change_log__snapshot,DWH_dbo,999,1,YES,synapse_mirror
knowledge/synapse/Wiki/DWH_dbo/Tables/Dim_RedeemReason.md,main.dwh.gold_sql_dp_prod_we_dwh_dbo_dim__redeem_reason,DWH_dbo,999,1,YES,synapse_mirror
knowledge/synapse/Wiki/DWH_dbo/Views/V_FCA_NumOfLogins_mean_1q.md,main.dwh.gold_sql_dp_prod_we_dwh_dbo_v_fca__num_of_logins_mean_1q,DWH_dbo,999,1,NO,synapse_mirror
knowledge/synapse/Wiki/Dealing_dbo/Tables/Dealing_Boundary_Cost.md,main.dwh.gold_sql_dp_prod_we_dealing_dbo_dealing__boundary__cost,Dealing_dbo,999,1,YES,synapse_mirror
knowledge/synapse/Wiki/Dealing_dbo/Tables/Dealing_DailySpread_ModeFrequency.md,main.dwh.gold_sql_dp_prod_we_dealing_dbo_dealing__daily_spread__mode_frequency,Dealing_dbo,999,1,NO,synapse_mirror
knowledge/synapse/Wiki/Dealing_dbo/Tables/Dealing_DailySpreadsAggregated.md,main.dwh.gold_sql_dp_prod_we_dealing_dbo_dealing__daily_spreads_aggregated,Dealing_dbo,999,1,NO,synapse_mirror
knowledge/synapse/Wiki/Dealing_dbo/Tables/Dealing_DailyVariableSpread.md,main.dwh.gold_sql_dp_prod_we_dealing_dbo_dealing__daily_variable_spread,Dealing_dbo,999,1,NO,synapse_mirror
knowledge/synapse/Wiki/Dealing_dbo/Tables/Dealing_Daily_Latency.md,main.dwh.gold_sql_dp_prod_we_dealing_dbo_dealing__daily__latency,Dealing_dbo,999,1,NO,synapse_mirror
knowledge/synapse/Wiki/Dealing_dbo/Tables/Dealing_Daily_Latency_AllPositions.md,main.dwh.gold_sql_dp_prod_we_dealing_dbo_dealing__daily__latency__all_positions,Dealing_dbo,999,1,NO,synapse_mirror
knowledge/synapse/Wiki/Dealing_dbo/Tables/Dealing_Daily_Latency_AllPositions_StatusUpdateTime.md,main.dwh.gold_sql_dp_prod_we_dealing_dbo_dealing__daily__latency__all_positions__status_update_time,Dealing_dbo,999,1,NO,synapse_mirror
knowledge/synapse/Wiki/Dealing_dbo/Tables/Dealing_Daily_Latency_ClientOrder_WithDelay.md,main.dwh.gold_sql_dp_prod_we_dealing_dbo_dealing__daily__latency__client_order__with_delay,Dealing_dbo,999,1,NO,synapse_mirror
knowledge/synapse/Wiki/Dealing_dbo/Tables/Dealing_Daily_Latency_ClientOrder_WithDelay_StatusUpdateTime.md,main.dwh.gold_sql_dp_prod_we_dealing_dbo_dealing__daily__latency__client_order__with_delay__status_update_time,Dealing_dbo,999,1,NO,synapse_mirror
knowledge/synapse/Wiki/Dealing_dbo/Tables/Dealing_Daily_Latency_Compensation_StatusUpdateTime.md,main.dwh.gold_sql_dp_prod_we_dealing_dbo_dealing__daily__latency__compensation__status_update_time,Dealing_dbo,999,1,NO,synapse_mirror
knowledge/synapse/Wiki/Dealing_dbo/Tables/Dealing_Daily_Latency_StatusUpdateTime.md,main.dwh.gold_sql_dp_prod_we_dealing_dbo_dealing__daily__latency__status_update_time,Dealing_dbo,999,1,NO,synapse_mirror
knowledge/synapse/Wiki/Dealing_dbo/Tables/Dealing_Daily_Slippage_Totals.md,main.dwh.gold_sql_dp_prod_we_dealing_dbo_dealing__daily__slippage__totals,Dealing_dbo,999,1,NO,synapse_mirror
knowledge/synapse/Wiki/Dealing_dbo/Tables/Dealing_Daily_Slippage_Totals_TriggerVSReceived.md,main.dwh.gold_sql_dp_prod_we_dealing_dbo_dealing__daily__slippage__totals__trigger_vs_received,Dealing_dbo,999,1,NO,synapse_mirror
knowledge/synapse/Wiki/Dealing_dbo/Tables/Dealing_Execution_Slippage.md,main.dwh.gold_sql_dp_prod_we_dealing_dbo_dealing__execution__slippage,Dealing_dbo,999,1,NO,synapse_mirror
knowledge/synapse/Wiki/Dealing_dbo/Tables/Dealing_Execution_Slippage_RequestTime.md,main.dwh.gold_sql_dp_prod_we_dealing_dbo_dealing__execution__slippage__request_time,Dealing_dbo,999,1,NO,synapse_mirror
knowledge/synapse/Wiki/Dealing_dbo/Tables/Dealing_Extented_Hours_NewCID.md,main.dwh.gold_sql_dp_prod_we_dealing_dbo_dealing__extented__hours__new_cid,Dealing_dbo,999,1,NO,synapse_mirror
knowledge/synapse/Wiki/Dealing_dbo/Tables/Dealing_Extented_Hours_Volume.md,main.dwh.gold_sql_dp_prod_we_dealing_dbo_dealing__extented__hours__volume,Dealing_dbo,999,1,NO,synapse_mirror
knowledge/synapse/Wiki/Dealing_dbo/Tables/Dealing_HedgeCost.md,main.dwh.gold_sql_dp_prod_we_dealing_dbo_dealing__hedge_cost,Dealing_dbo,999,1,NO,synapse_mirror
knowledge/synapse/Wiki/Dealing_dbo/Tables/Dealing_IBRecon_EODHoldings_CFD.md,main.dwh.gold_sql_dp_prod_we_dealing_dbo_dealing_ib_recon_eod_holdings_cfd,Dealing_dbo,999,1,NO,synapse_mirror
knowledge/synapse/Wiki/Dealing_dbo/Tables/Dealing_IBRecon_Trades.md,main.dwh.gold_sql_dp_prod_we_dealing_dbo_dealing_ib_recon__trades,Dealing_dbo,999,1,NO,synapse_mirror
knowledge/synapse/Wiki/Dealing_dbo/Tables/Dealing_Latency_SuspiciousCIDs.md,main.dwh.gold_sql_dp_prod_we_dealing_dbo_dealing__latency__suspicious_ci_ds,Dealing_dbo,999,1,NO,synapse_mirror
knowledge/synapse/Wiki/Dealing_dbo/Tables/Dealing_OccurredAtProvider_Latency_Instrument.md,main.dwh.gold_sql_dp_prod_we_dealing_dbo_dealing__occurred_at_provider__latency__instrument,Dealing_dbo,999,1,NO,synapse_mirror
knowledge/synapse/Wiki/Dealing_dbo/Tables/Dealing_OccurredAtProvider_Latency_LiquidityAccountID.md,main.dwh.gold_sql_dp_prod_we_dealing_dbo_dealing__occurred_at_provider__latency__liquidity_account_id,Dealing_dbo,999,1,NO,synapse_mirror
knowledge/synapse/Wiki/Dealing_dbo/Tables/Dealing_OccurredAtProvider_Latency_PCSID.md,main.dwh.gold_sql_dp_prod_we_dealing_dbo_dealing__occurred_at_provider__latency_pcsid,Dealing_dbo,999,1,NO,synapse_mirror
knowledge/synapse/Wiki/Dealing_dbo/Tables/Dealing_Staking_Club.md,main.dwh.gold_sql_dp_prod_we_dealing_dbo_dealing__staking__club,Dealing_dbo,999,1,NO,synapse_mirror
knowledge/synapse/Wiki/Dealing_dbo/Tables/Dealing_Staking_Club_US.md,main.dwh.gold_sql_dp_prod_we_dealing_dbo_dealing__staking__club_us,Dealing_dbo,999,1,NO,synapse_mirror
knowledge/synapse/Wiki/Dealing_dbo/Tables/Dealing_Staking_OptedOut.md,main.dwh.gold_sql_dp_prod_we_dealing_dbo_dealing__staking__opted_out,Dealing_dbo,999,1,YES,synapse_mirror
knowledge/synapse/Wiki/Dealing_dbo/Tables/Dealing_Staking_OptedOut_US.md,main.dwh.gold_sql_dp_prod_we_dealing_dbo_dealing__staking__opted_out_us,Dealing_dbo,999,1,NO,synapse_mirror
knowledge/synapse/Wiki/Dealing_dbo/Tables/Dealing_Staking_Results_US.md,main.dwh.gold_sql_dp_prod_we_dealing_dbo_dealing__staking__results_us,Dealing_dbo,999,1,NO,synapse_mirror
knowledge/synapse/Wiki/EXW_dbo/Tables/EXW_30DayBalanceExtract.md,main.dwh.gold_sql_dp_prod_we_exw_dbo_exw_30_day_balance_extract,EXW_dbo,999,1,YES,synapse_mirror
knowledge/synapse/Wiki/EXW_dbo/Tables/EXW_AMLProviderID.md,main.dwh.gold_sql_dp_prod_we_exw_dbo_exw_aml_provider_id,EXW_dbo,999,1,YES,synapse_mirror
knowledge/synapse/Wiki/EXW_dbo/Tables/EXW_EthFeeSent_Blockchain.md,main.dwh.gold_sql_dp_prod_we_exw_dbo_exw__eth_fee_sent__blockchain,EXW_dbo,999,1,YES,synapse_mirror
knowledge/synapse/Wiki/EXW_dbo/Tables/EXW_FactBalance.md,main.dwh.gold_sql_dp_prod_we_exw_dbo_exw__fact_balance,EXW_dbo,999,1,YES,synapse_mirror
knowledge/synapse/Wiki/EXW_dbo/Tables/EXW_Transactions_Monthly.md,main.dwh.gold_sql_dp_prod_we_exw_dbo_exw__transactions__monthly,EXW_dbo,999,1,YES,synapse_mirror
knowledge/synapse/Wiki/EXW_dbo/Tables/EXW_UserCalculatedBalance.md,main.dwh.gold_sql_dp_prod_we_exw_dbo_exw__user_calculated_balance,EXW_dbo,999,1,YES,synapse_mirror
knowledge/synapse/Wiki/EXW_dbo/Tables/EXW_WalletRegulation.md,main.dwh.gold_sql_dp_prod_we_exw_dbo_exw__wallet_regulation,EXW_dbo,999,1,YES,synapse_mirror
knowledge/synapse/Wiki/EXW_dbo/Views/GetProviderUserIDNormalized.md,main.dwh.gold_sql_dp_prod_we_exw_dbo_get_provider_user_id_normalized,EXW_dbo,999,1,YES,synapse_mirror
