wiki_path,uc_full_name,column_name,candidate_upstream_full_name,candidate_upstream_column,lineage_event_count,current_description_head,proposed_tier_tag
knowledge/UC_generated/bi_output/Views/bi_output_vg_aum.md,main.bi_output.bi_output_vg_aum,CanOpenPosition,main.dwh.gold_sql_dp_prod_we_dwh_dbo_dim_playerstatus,canopenposition,12,"Computed in source (transform kind not classified). Formula: `,OptionsTotalEquity ,IsLastDayWeek ,IsLastDayMonth ,IsLastDayQuarter ,IsLastDa",(Tier N - main.dwh.gold_sql_dp_prod_we_dwh_dbo_dim_playerstatus.canopenposition)
knowledge/UC_generated/bi_output/Views/bi_output_vg_aum.md,main.bi_output.bi_output_vg_aum,CanClosePosition,main.dwh.gold_sql_dp_prod_we_dwh_dbo_dim_playerstatus,cancloseposition,12,"Computed in source (transform kind not classified). Formula: `,IsLastDayWeek ,IsLastDayMonth ,IsLastDayQuarter ,IsLastDayYear ,PlayerLevelID",(Tier N - main.dwh.gold_sql_dp_prod_we_dwh_dbo_dim_playerstatus.cancloseposition)
knowledge/UC_generated/bi_output/Views/bi_output_vg_aum.md,main.bi_output.bi_output_vg_aum,CanEditPosition,main.dwh.gold_sql_dp_prod_we_dwh_dbo_dim_playerstatus,caneditposition,12,"Computed in source (transform kind not classified). Formula: `,IsLastDayMonth ,IsLastDayQuarter ,IsLastDayYear ,PlayerLevelID ,Name AS ClubT",(Tier N - main.dwh.gold_sql_dp_prod_we_dwh_dbo_dim_playerstatus.caneditposition)
knowledge/UC_generated/bi_output/Views/bi_output_vg_aum.md,main.bi_output.bi_output_vg_aum,CanBeCopied,main.dwh.gold_sql_dp_prod_we_dwh_dbo_dim_playerstatus,canbecopied,12,"Computed in source (transform kind not classified). Formula: `,IsLastDayQuarter ,IsLastDayYear ,PlayerLevelID ,Name AS ClubTier ,RegulationI",(Tier N - main.dwh.gold_sql_dp_prod_we_dwh_dbo_dim_playerstatus.canbecopied)
knowledge/UC_generated/bi_output/Views/bi_output_vg_aum.md,main.bi_output.bi_output_vg_aum,CanDeposit,main.dwh.gold_sql_dp_prod_we_dwh_dbo_dim_playerstatus,candeposit,12,"Whether the user can add funds to their account. False for full-block statuses (IsBlocked=1), close-only/pending statuses (9, 13, 15), statu",(Tier N - main.dwh.gold_sql_dp_prod_we_dwh_dbo_dim_playerstatus.candeposit)
knowledge/UC_generated/bi_output/Views/bi_output_vg_aum.md,main.bi_output.bi_output_vg_aum,CanRequestWithdraw,main.dwh.gold_sql_dp_prod_we_dwh_dbo_dim_playerstatus,canrequestwithdraw,12,"Computed in source (transform kind not classified). Formula: `,PlayerLevelID ,Name AS ClubTier ,RegulationID ,Name AS Regulation ,Verificati",(Tier N - main.dwh.gold_sql_dp_prod_we_dwh_dbo_dim_playerstatus.canrequestwithdraw)
knowledge/UC_generated/bi_output/Views/bi_output_vg_aum.md,main.bi_output.bi_output_vg_aum,PlayerStatusReasonID,main.dwh.gold_sql_dp_prod_we_dwh_dbo_v_fact_snapshotcustomer_fromdateid_masked,playerstatusreasonid,12,"Computed in source (transform kind not classified). Formula: `,Name AS ClubTier ,RegulationID ,Name AS Regulation ,VerificationLevelID ,Name",(Tier N - main.dwh.gold_sql_dp_prod_we_dwh_dbo_v_fact_snapshotcustomer_fromdateid_masked.playerstatusreasonid)
knowledge/UC_generated/bi_output/Views/bi_output_vg_aum.md,main.bi_output.bi_output_vg_aum,PlayerStatusReasonName,main.dwh.gold_sql_dp_prod_we_dwh_dbo_dim_playerstatusreasons,name,18,"Computed in source (transform kind not classified). Formula: `,RegulationID ,Name AS Regulation ,VerificationLevelID ,Name AS VerificationLe",(Tier N - main.dwh.gold_sql_dp_prod_we_dwh_dbo_dim_playerstatusreasons.name)
knowledge/UC_generated/bi_output/Views/bi_output_vg_aum.md,main.bi_output.bi_output_vg_aum,PlayerStatusSubReasonID,main.dwh.gold_sql_dp_prod_we_dwh_dbo_v_fact_snapshotcustomer_fromdateid_masked,playerstatussubreasonid,12,"Computed in source (transform kind not classified). Formula: `,Name AS Regulation ,VerificationLevelID ,Name AS VerificationLevel ,CountryID",(Tier N - main.dwh.gold_sql_dp_prod_we_dwh_dbo_v_fact_snapshotcustomer_fromdateid_masked.playerstatussubreasonid)
knowledge/UC_generated/bi_output/Views/bi_output_vg_aum.md,main.bi_output.bi_output_vg_aum,CitizenshipCountryID,main.dwh.gold_sql_dp_prod_we_dwh_dbo_dim_customer_masked,citizenshipcountryid,12,"Computed in source (transform kind not classified). Formula: `,Name AS VerificationLevel ,CountryID ,Name AS Country ,MarketingRegionManualN",(Tier N - main.dwh.gold_sql_dp_prod_we_dwh_dbo_dim_customer_masked.citizenshipcountryid)
knowledge/UC_generated/bi_output/Views/bi_output_vg_aum.md,main.bi_output.bi_output_vg_aum,AffiliateID,main.dwh.gold_sql_dp_prod_we_dwh_dbo_dim_customer_masked,affiliateid,12,"Computed in source (transform kind not classified). Formula: `,Name AS Country ,MarketingRegionManualName AS Region ,AccountManagerID ,conca",(Tier N - main.dwh.gold_sql_dp_prod_we_dwh_dbo_dim_customer_masked.affiliateid)
knowledge/UC_generated/bi_output/Views/bi_output_vg_club.md,main.bi_output.bi_output_vg_club,CanDeposit,main.dwh.gold_sql_dp_prod_we_dwh_dbo_dim_playerstatus,candeposit,7,"Whether the user can add funds to their account. False for full-block statuses (IsBlocked=1), close-only/pending statuses (9, 13, 15), statu",(Tier N - main.dwh.gold_sql_dp_prod_we_dwh_dbo_dim_playerstatus.candeposit)
knowledge/UC_generated/bi_output/Views/bi_output_vg_club_offers.md,main.bi_output.bi_output_vg_club_offers,VerificationLevelID,main.dwh.gold_sql_dp_prod_we_dwh_dbo_dim_customer_masked,verificationlevelid,9,"KYC verification level. FK to Dictionary.VerificationLevel. Values: 0=unverified, 1=partial, 2=intermediate, 3=fully verified. DDL default=-",(Tier N - main.dwh.gold_sql_dp_prod_we_dwh_dbo_dim_customer_masked.verificationlevelid)
knowledge/UC_generated/bi_output/Views/bi_output_vg_club_offers.md,main.bi_output.bi_output_vg_club_offers,IsPI,main.dwh.gold_sql_dp_prod_we_dwh_dbo_dim_customer_masked,gurustatusid,9,"`IsPI` discriminator: `GuruStatusID > 1` → set to 1 else 0. Formula: `,ToBeCancelled ,SendCouponDate ,AssetStatus ,ClaimedDate ,IsEligbleOnR",(Tier N - main.dwh.gold_sql_dp_prod_we_dwh_dbo_dim_customer_masked.gurustatusid)
knowledge/UC_generated/bi_output/Views/bi_output_vg_club_offers.md,main.bi_output.bi_output_vg_club_offers,IsPro,main.dwh.gold_sql_dp_prod_we_dwh_dbo_dim_customer_masked,mifidcategorizationid,7,"MiFID II investor classification. FK to Dictionary.MifidCategorization. Values: 1=Retail (97.3%), 4=Eligible Counterparty (2.6%), 5=Professi",(Tier N - main.dwh.gold_sql_dp_prod_we_dwh_dbo_dim_customer_masked.mifidcategorizationid)
knowledge/UC_generated/bi_output/Views/bi_output_vg_club_offers.md,main.bi_output.bi_output_vg_club_offers,AccountStatusID,main.dwh.gold_sql_dp_prod_we_dwh_dbo_dim_customer_masked,accountstatusid,9,Account operational status. Default=0. SP_Dim_Customer converts NULLs to 0 via ISNULL,(Tier N - main.dwh.gold_sql_dp_prod_we_dwh_dbo_dim_customer_masked.accountstatusid)
knowledge/UC_generated/bi_output/Views/bi_output_vg_club_offers.md,main.bi_output.bi_output_vg_club_offers,AccountStatusName,main.dwh.gold_sql_dp_prod_we_dwh_dbo_dim_accountstatus,accountstatusname,9,"Computed in source (transform kind not classified). Formula: `,RequestedBy ,Active ,PlayerLevelID ,Name AS ClubTier ,RegulationID ,Name AS R",(Tier N - main.dwh.gold_sql_dp_prod_we_dwh_dbo_dim_accountstatus.accountstatusname)
knowledge/UC_generated/bi_output/Views/bi_output_vg_club_offers.md,main.bi_output.bi_output_vg_club_offers,PlayerStatusID,main.dwh.gold_sql_dp_prod_we_dwh_dbo_dim_customer_masked,playerstatusid,9,"Computed in source (transform kind not classified). Formula: `,Active ,PlayerLevelID ,Name AS ClubTier ,RegulationID ,Name AS Regulation ,Ve",(Tier N - main.dwh.gold_sql_dp_prod_we_dwh_dbo_dim_customer_masked.playerstatusid)
knowledge/UC_generated/bi_output/Views/bi_output_vg_club_offers.md,main.bi_output.bi_output_vg_club_offers,PlayerStatusName,main.dwh.gold_sql_dp_prod_we_dwh_dbo_dim_playerstatus,name,9,"Computed in source (transform kind not classified). Formula: `,PlayerLevelID ,Name AS ClubTier ,RegulationID ,Name AS Regulation ,Verificati",(Tier N - main.dwh.gold_sql_dp_prod_we_dwh_dbo_dim_playerstatus.name)
knowledge/UC_generated/bi_output/Views/bi_output_vg_club_offers.md,main.bi_output.bi_output_vg_club_offers,CanOpenPosition,main.dwh.gold_sql_dp_prod_we_dwh_dbo_dim_playerstatus,canopenposition,9,"Computed in source (transform kind not classified). Formula: `,Name AS ClubTier ,RegulationID ,Name AS Regulation ,VerificationLevelID ,Name",(Tier N - main.dwh.gold_sql_dp_prod_we_dwh_dbo_dim_playerstatus.canopenposition)
knowledge/UC_generated/bi_output/Views/bi_output_vg_club_offers.md,main.bi_output.bi_output_vg_club_offers,CanClosePosition,main.dwh.gold_sql_dp_prod_we_dwh_dbo_dim_playerstatus,cancloseposition,9,"Computed in source (transform kind not classified). Formula: `,RegulationID ,Name AS Regulation ,VerificationLevelID ,Name AS VerificationLe",(Tier N - main.dwh.gold_sql_dp_prod_we_dwh_dbo_dim_playerstatus.cancloseposition)
knowledge/UC_generated/bi_output/Views/bi_output_vg_club_offers.md,main.bi_output.bi_output_vg_club_offers,CanEditPosition,main.dwh.gold_sql_dp_prod_we_dwh_dbo_dim_playerstatus,caneditposition,9,"Computed in source (transform kind not classified). Formula: `,Name AS Regulation ,VerificationLevelID ,Name AS VerificationLevel ,CountryID",(Tier N - main.dwh.gold_sql_dp_prod_we_dwh_dbo_dim_playerstatus.caneditposition)
knowledge/UC_generated/bi_output/Views/bi_output_vg_club_offers.md,main.bi_output.bi_output_vg_club_offers,CanBeCopied,main.dwh.gold_sql_dp_prod_we_dwh_dbo_dim_playerstatus,canbecopied,9,"Computed in source (transform kind not classified). Formula: `,VerificationLevelID ,Name AS VerificationLevel ,CountryID ,Name AS Country ,M",(Tier N - main.dwh.gold_sql_dp_prod_we_dwh_dbo_dim_playerstatus.canbecopied)
knowledge/UC_generated/bi_output/Views/bi_output_vg_club_offers.md,main.bi_output.bi_output_vg_club_offers,CanDeposit,main.dwh.gold_sql_dp_prod_we_dwh_dbo_dim_playerstatus,candeposit,9,"Whether the user can add funds to their account. False for full-block statuses (IsBlocked=1), close-only/pending statuses (9, 13, 15), statu",(Tier N - main.dwh.gold_sql_dp_prod_we_dwh_dbo_dim_playerstatus.candeposit)
knowledge/UC_generated/bi_output/Views/bi_output_vg_club_offers.md,main.bi_output.bi_output_vg_club_offers,CanRequestWithdraw,main.dwh.gold_sql_dp_prod_we_dwh_dbo_dim_playerstatus,canrequestwithdraw,9,"Computed in source (transform kind not classified). Formula: `,CountryID ,Name AS Country ,MarketingRegionManualName AS Region ,AccountManag",(Tier N - main.dwh.gold_sql_dp_prod_we_dwh_dbo_dim_playerstatus.canrequestwithdraw)
knowledge/UC_generated/bi_output/Views/bi_output_vg_club_offers.md,main.bi_output.bi_output_vg_club_offers,PlayerStatusReasonID,main.dwh.gold_sql_dp_prod_we_dwh_dbo_dim_customer_masked,playerstatusreasonid,9,"Computed in source (transform kind not classified). Formula: `,Name AS Country ,MarketingRegionManualName AS Region ,AccountManagerID ,conca",(Tier N - main.dwh.gold_sql_dp_prod_we_dwh_dbo_dim_customer_masked.playerstatusreasonid)
knowledge/UC_generated/bi_output/Views/bi_output_vg_club_offers.md,main.bi_output.bi_output_vg_club_offers,PlayerStatusReasonName,main.dwh.gold_sql_dp_prod_we_dwh_dbo_dim_playerstatusreasons,name,9,"Computed in source (transform kind not classified). Formula: `,MarketingRegionManualName AS Region ,AccountManagerID ,concat_ws(FirstName, '",(Tier N - main.dwh.gold_sql_dp_prod_we_dwh_dbo_dim_playerstatusreasons.name)
knowledge/UC_generated/bi_output/Views/bi_output_vg_club_offers.md,main.bi_output.bi_output_vg_club_offers,PlayerStatusSubReasonName,main.dwh.gold_sql_dp_prod_we_dwh_dbo_dim_playerstatussubreasons,playerstatussubreasonname,9,"Computed in source (transform kind not classified). Formula: `,concat_ws(FirstName, '', LastName) AS AccountManager ,LanguageID ,Name AS Lan",(Tier N - main.dwh.gold_sql_dp_prod_we_dwh_dbo_dim_playerstatussubreasons.playerstatussubreasonname)
knowledge/UC_generated/bi_output/Views/bi_output_vg_club_offers.md,main.bi_output.bi_output_vg_club_offers,CitizenshipCountryID,main.dwh.gold_sql_dp_prod_we_dwh_dbo_dim_customer_masked,citizenshipcountryid,9,"Computed in source (transform kind not classified). Formula: `,LanguageID ,Name AS Language ,CommunicationLanguageID ,Name AS CommunicationL",(Tier N - main.dwh.gold_sql_dp_prod_we_dwh_dbo_dim_customer_masked.citizenshipcountryid)
knowledge/UC_generated/bi_output/Views/bi_output_vg_club_offers.md,main.bi_output.bi_output_vg_club_offers,CitizenshipCountry,main.dwh.gold_sql_dp_prod_we_dwh_dbo_dim_country,name,9,"Computed flag (CASE expression in source). Formula: `,Name AS Language ,CommunicationLanguageID ,Name AS CommunicationLanguage ,AccountTypeI",(Tier N - main.dwh.gold_sql_dp_prod_we_dwh_dbo_dim_country.name)
knowledge/UC_generated/bi_output/Views/bi_output_vg_club_offers.md,main.bi_output.bi_output_vg_club_offers,AffiliateID,main.dwh.gold_sql_dp_prod_we_dwh_dbo_dim_customer_masked,affiliateid,9,"Computed flag (CASE expression in source). Formula: `,CommunicationLanguageID ,Name AS CommunicationLanguage ,AccountTypeID ,Name AS Account",(Tier N - main.dwh.gold_sql_dp_prod_we_dwh_dbo_dim_customer_masked.affiliateid)
knowledge/UC_generated/bi_output/Views/bi_output_vg_copy_mimo.md,main.bi_output.bi_output_vg_copy_mimo,PositionID,main.dwh.gold_sql_dp_prod_we_dwh_dbo_fact_customeraction,positionid,8,"Position identifier from the source trading system. NOT a primary key of this table — defaults to 0 for non-position events, and the same Po",(Tier N - main.dwh.gold_sql_dp_prod_we_dwh_dbo_fact_customeraction.positionid)
knowledge/UC_generated/bi_output/Views/bi_output_vg_copy_mimo.md,main.bi_output.bi_output_vg_copy_mimo,GuruStatusName,main.dwh.gold_sql_dp_prod_we_dwh_dbo_dim_gurustatus,gurustatusname,9,"Computed in source (transform kind not classified). Formula: `,CalendarYear ,ParentCID ,ParentUserName ,MirrorTypeID ,OpenOccurred ,CloseOcc",(Tier N - main.dwh.gold_sql_dp_prod_we_dwh_dbo_dim_gurustatus.gurustatusname)
knowledge/UC_generated/bi_output/Views/bi_output_vg_copy_mimo.md,main.bi_output.bi_output_vg_copy_mimo,AccountStatusName,main.dwh.gold_sql_dp_prod_we_dwh_dbo_dim_accountstatus,accountstatusname,9,"Computed in source (transform kind not classified). Formula: `,MirrorTypeID ,OpenOccurred ,CloseOccurred ,RegisteredReal ,FirstDepositDate ,",(Tier N - main.dwh.gold_sql_dp_prod_we_dwh_dbo_dim_accountstatus.accountstatusname)
knowledge/UC_generated/bi_output/Views/bi_output_vg_copy_mimo.md,main.bi_output.bi_output_vg_copy_mimo,PlayerStatusID,main.dwh.gold_sql_dp_prod_we_dwh_dbo_v_fact_snapshotcustomer_fromdateid_masked,playerstatusid,7,"Computed in source (transform kind not classified). Formula: `,OpenOccurred ,CloseOccurred ,RegisteredReal ,FirstDepositDate ,RealCID ,Mirro",(Tier N - main.dwh.gold_sql_dp_prod_we_dwh_dbo_v_fact_snapshotcustomer_fromdateid_masked.playerstatusid)
knowledge/UC_generated/bi_output/Views/bi_output_vg_copy_mimo.md,main.bi_output.bi_output_vg_copy_mimo,PlayerStatusName,main.dwh.gold_sql_dp_prod_we_dwh_dbo_dim_playerstatus,name,8,"Computed in source (transform kind not classified). Formula: `,CloseOccurred ,RegisteredReal ,FirstDepositDate ,RealCID ,MirrorID ,PositionI",(Tier N - main.dwh.gold_sql_dp_prod_we_dwh_dbo_dim_playerstatus.name)
knowledge/UC_generated/bi_output/Views/bi_output_vg_copy_mimo.md,main.bi_output.bi_output_vg_copy_mimo,CanOpenPosition,main.dwh.gold_sql_dp_prod_we_dwh_dbo_dim_playerstatus,canopenposition,7,"Computed in source (transform kind not classified). Formula: `,RegisteredReal ,FirstDepositDate ,RealCID ,MirrorID ,PositionID ,PlayerLevelI",(Tier N - main.dwh.gold_sql_dp_prod_we_dwh_dbo_dim_playerstatus.canopenposition)
knowledge/UC_generated/bi_output/Views/bi_output_vg_copy_mimo.md,main.bi_output.bi_output_vg_copy_mimo,CanClosePosition,main.dwh.gold_sql_dp_prod_we_dwh_dbo_dim_playerstatus,cancloseposition,7,"Computed in source (transform kind not classified). Formula: `,FirstDepositDate ,RealCID ,MirrorID ,PositionID ,PlayerLevelID ,Name AS ClubT",(Tier N - main.dwh.gold_sql_dp_prod_we_dwh_dbo_dim_playerstatus.cancloseposition)
knowledge/UC_generated/bi_output/Views/bi_output_vg_copy_mimo.md,main.bi_output.bi_output_vg_copy_mimo,CanEditPosition,main.dwh.gold_sql_dp_prod_we_dwh_dbo_dim_playerstatus,caneditposition,7,"Computed in source (transform kind not classified). Formula: `,RealCID ,MirrorID ,PositionID ,PlayerLevelID ,Name AS ClubTier ,RegulationID ",(Tier N - main.dwh.gold_sql_dp_prod_we_dwh_dbo_dim_playerstatus.caneditposition)
knowledge/UC_generated/bi_output/Views/bi_output_vg_copy_mimo.md,main.bi_output.bi_output_vg_copy_mimo,CanBeCopied,main.dwh.gold_sql_dp_prod_we_dwh_dbo_dim_playerstatus,canbecopied,7,"Computed in source (transform kind not classified). Formula: `,MirrorID ,PositionID ,PlayerLevelID ,Name AS ClubTier ,RegulationID ,Name AS ",(Tier N - main.dwh.gold_sql_dp_prod_we_dwh_dbo_dim_playerstatus.canbecopied)
knowledge/UC_generated/bi_output/Views/bi_output_vg_copy_mimo.md,main.bi_output.bi_output_vg_copy_mimo,CanDeposit,main.dwh.gold_sql_dp_prod_we_dwh_dbo_dim_playerstatus,candeposit,7,"Whether the user can add funds to their account. False for full-block statuses (IsBlocked=1), close-only/pending statuses (9, 13, 15), statu",(Tier N - main.dwh.gold_sql_dp_prod_we_dwh_dbo_dim_playerstatus.candeposit)
knowledge/UC_generated/bi_output/Views/bi_output_vg_copy_mimo.md,main.bi_output.bi_output_vg_copy_mimo,CanRequestWithdraw,main.dwh.gold_sql_dp_prod_we_dwh_dbo_dim_playerstatus,canrequestwithdraw,7,"Computed in source (transform kind not classified). Formula: `,PlayerLevelID ,Name AS ClubTier ,RegulationID ,Name AS Regulation ,Verificati",(Tier N - main.dwh.gold_sql_dp_prod_we_dwh_dbo_dim_playerstatus.canrequestwithdraw)
knowledge/UC_generated/bi_output/Views/bi_output_vg_copy_mimo.md,main.bi_output.bi_output_vg_copy_mimo,PlayerStatusReasonID,main.dwh.gold_sql_dp_prod_we_dwh_dbo_v_fact_snapshotcustomer_fromdateid_masked,playerstatusreasonid,7,"Computed in source (transform kind not classified). Formula: `,Name AS ClubTier ,RegulationID ,Name AS Regulation ,VerificationLevelID ,Name",(Tier N - main.dwh.gold_sql_dp_prod_we_dwh_dbo_v_fact_snapshotcustomer_fromdateid_masked.playerstatusreasonid)
knowledge/UC_generated/bi_output/Views/bi_output_vg_copy_mimo.md,main.bi_output.bi_output_vg_copy_mimo,PlayerStatusReasonName,main.dwh.gold_sql_dp_prod_we_dwh_dbo_dim_playerstatusreasons,name,10,"Computed in source (transform kind not classified). Formula: `,RegulationID ,Name AS Regulation ,VerificationLevelID ,Name AS VerificationLe",(Tier N - main.dwh.gold_sql_dp_prod_we_dwh_dbo_dim_playerstatusreasons.name)
knowledge/UC_generated/bi_output/Views/bi_output_vg_copy_mimo.md,main.bi_output.bi_output_vg_copy_mimo,PlayerStatusSubReasonID,main.dwh.gold_sql_dp_prod_we_dwh_dbo_v_fact_snapshotcustomer_fromdateid_masked,playerstatussubreasonid,7,"Computed in source (transform kind not classified). Formula: `,Name AS Regulation ,VerificationLevelID ,Name AS VerificationLevel ,CountryID",(Tier N - main.dwh.gold_sql_dp_prod_we_dwh_dbo_v_fact_snapshotcustomer_fromdateid_masked.playerstatussubreasonid)
knowledge/UC_generated/bi_output/Views/bi_output_vg_copy_mimo.md,main.bi_output.bi_output_vg_copy_mimo,IsDetachMirror,main.dwh.gold_sql_dp_prod_we_dwh_dbo_fact_customeraction,actiontypeid,8,"`IsDetachMirror` discriminator: `ActionTypeID = 19` → set to 1 else 0. Formula: `,Name AS VerificationLevel ,CountryID ,Name AS Country ,Mar",(Tier N - main.dwh.gold_sql_dp_prod_we_dwh_dbo_fact_customeraction.actiontypeid)
knowledge/UC_generated/bi_output/Views/bi_output_vg_copy_mimo.md,main.bi_output.bi_output_vg_copy_mimo,MoneyOutMirror,main.dwh.gold_sql_dp_prod_we_dwh_dbo_fact_customeraction,actiontypeid,43,"Computed in source (transform kind not classified). Formula: `,Name AS Country ,MarketingRegionManualName AS Region ,AccountManagerID ,conca",(Tier N - main.dwh.gold_sql_dp_prod_we_dwh_dbo_fact_customeraction.actiontypeid)
knowledge/UC_generated/bi_output/Views/bi_output_vg_copy_mimo.md,main.bi_output.bi_output_vg_copy_mimo,CloseMirror,main.dwh.gold_sql_dp_prod_we_dwh_dbo_fact_customeraction,actiontypeid,33,"Computed in source (transform kind not classified). Formula: `,MarketingRegionManualName AS Region ,AccountManagerID ,concat_ws(FirstName,''",(Tier N - main.dwh.gold_sql_dp_prod_we_dwh_dbo_fact_customeraction.actiontypeid)
knowledge/UC_generated/bi_output/Views/bi_output_vg_copy_mimo.md,main.bi_output.bi_output_vg_copy_mimo,MirrorType,main.dwh.gold_sql_dp_prod_we_dwh_dbo_v_fact_snapshotcustomer_fromdateid_masked,gurustatusid,13,"`MirrorType` discriminator: `ActionTypeID = 15`, `ActionTypeID = 16`, `ActionTypeID = 18` → set to '  ' else '    '. Formula: `,Name AS Lang",(Tier N - main.dwh.gold_sql_dp_prod_we_dwh_dbo_v_fact_snapshotcustomer_fromdateid_masked.gurustatusid)
knowledge/UC_generated/bi_output/Views/bi_output_vg_customer_first_dates.md,main.bi_output.bi_output_vg_customer_first_dates,VerificationLevelID,main.dwh.gold_sql_dp_prod_we_dwh_dbo_dim_customer_masked,verificationlevelid,45,"KYC verification level. FK to Dictionary.VerificationLevel. Values: 0=unverified, 1=partial, 2=intermediate, 3=fully verified. DDL default=-",(Tier N - main.dwh.gold_sql_dp_prod_we_dwh_dbo_dim_customer_masked.verificationlevelid)
knowledge/UC_generated/bi_output/Views/bi_output_vg_customer_first_dates.md,main.bi_output.bi_output_vg_customer_first_dates,Region,main.dwh.gold_sql_dp_prod_we_dwh_dbo_dim_country,marketingregionmanualname,181,"Computed in source (transform kind not classified). Formula: `,VerificationLevel2Date ,VerificationLevel3Date ,EmailVerifiedDate ,Verificati",(Tier N - main.dwh.gold_sql_dp_prod_we_dwh_dbo_dim_country.marketingregionmanualname)
knowledge/UC_generated/bi_output/Views/bi_output_vg_customer_first_dates.md,main.bi_output.bi_output_vg_customer_first_dates,AccountManagerID,main.dwh.gold_sql_dp_prod_we_dwh_dbo_dim_customer_masked,accountmanagerid,24,"Computed in source (transform kind not classified). Formula: `,VerificationLevel3Date ,EmailVerifiedDate ,VerificationLevelID ,Channel ,SubC",(Tier N - main.dwh.gold_sql_dp_prod_we_dwh_dbo_dim_customer_masked.accountmanagerid)
knowledge/UC_generated/bi_output/Views/bi_output_vg_customer_first_dates.md,main.bi_output.bi_output_vg_customer_first_dates,AccountManager,main.dwh.gold_sql_dp_prod_we_dwh_dbo_dim_manager,lastname,38,"Computed in source (transform kind not classified). Formula: `,EmailVerifiedDate ,VerificationLevelID ,Channel ,SubChannel ,Global_FTD_Date ",(Tier N - main.dwh.gold_sql_dp_prod_we_dwh_dbo_dim_manager.lastname)
knowledge/UC_generated/bi_output/Views/bi_output_vg_customer_first_dates.md,main.bi_output.bi_output_vg_customer_first_dates,LanguageID,main.dwh.gold_sql_dp_prod_we_dwh_dbo_dim_customer_masked,languageid,24,"Computed in source (transform kind not classified). Formula: `,VerificationLevelID ,Channel ,SubChannel ,Global_FTD_Date ,Global_FTDA ,IBAN_",(Tier N - main.dwh.gold_sql_dp_prod_we_dwh_dbo_dim_customer_masked.languageid)
knowledge/UC_generated/bi_output/Views/bi_output_vg_customer_first_dates.md,main.bi_output.bi_output_vg_customer_first_dates,AccountStatusID,main.dwh.gold_sql_dp_prod_we_dwh_dbo_dim_customer_masked,accountstatusid,24,Account operational status. Default=0. SP_Dim_Customer converts NULLs to 0 via ISNULL,(Tier N - main.dwh.gold_sql_dp_prod_we_dwh_dbo_dim_customer_masked.accountstatusid)
knowledge/UC_generated/bi_output/Views/bi_output_vg_customer_first_dates.md,main.bi_output.bi_output_vg_customer_first_dates,PlayerStatusName,main.dwh.gold_sql_dp_prod_we_dwh_dbo_dim_playerstatus,name,187,"Computed in source (transform kind not classified). Formula: `,FirstActionDate ,FirstIOBTime ,FirstTimeFunded ,FirstFundedDate ,IsFunded ,cu",(Tier N - main.dwh.gold_sql_dp_prod_we_dwh_dbo_dim_playerstatus.name)
knowledge/UC_generated/bi_output/Views/bi_output_vg_customer_first_dates.md,main.bi_output.bi_output_vg_customer_first_dates,CanOpenPosition,main.dwh.gold_sql_dp_prod_we_dwh_dbo_dim_playerstatus,canopenposition,24,"Computed in source (transform kind not classified). Formula: `,FirstIOBTime ,FirstTimeFunded ,FirstFundedDate ,IsFunded ,currentclub FirstCl",(Tier N - main.dwh.gold_sql_dp_prod_we_dwh_dbo_dim_playerstatus.canopenposition)
knowledge/UC_generated/bi_output/Views/bi_output_vg_customer_first_dates.md,main.bi_output.bi_output_vg_customer_first_dates,CanClosePosition,main.dwh.gold_sql_dp_prod_we_dwh_dbo_dim_playerstatus,cancloseposition,24,"Computed in source (transform kind not classified). Formula: `,FirstTimeFunded ,FirstFundedDate ,IsFunded ,currentclub FirstClub ,date First",(Tier N - main.dwh.gold_sql_dp_prod_we_dwh_dbo_dim_playerstatus.cancloseposition)
knowledge/UC_generated/bi_output/Views/bi_output_vg_customer_first_dates.md,main.bi_output.bi_output_vg_customer_first_dates,CanEditPosition,main.dwh.gold_sql_dp_prod_we_dwh_dbo_dim_playerstatus,caneditposition,24,"Computed in source (transform kind not classified). Formula: `,FirstFundedDate ,IsFunded ,currentclub FirstClub ,date FirstTimeClubDate ,Pla",(Tier N - main.dwh.gold_sql_dp_prod_we_dwh_dbo_dim_playerstatus.caneditposition)
knowledge/UC_generated/bi_output/Views/bi_output_vg_customer_first_dates.md,main.bi_output.bi_output_vg_customer_first_dates,CanBeCopied,main.dwh.gold_sql_dp_prod_we_dwh_dbo_dim_playerstatus,canbecopied,24,"Computed in source (transform kind not classified). Formula: `,IsFunded ,currentclub FirstClub ,date FirstTimeClubDate ,PlayerLevelID ,Name ",(Tier N - main.dwh.gold_sql_dp_prod_we_dwh_dbo_dim_playerstatus.canbecopied)
knowledge/UC_generated/bi_output/Views/bi_output_vg_customer_first_dates.md,main.bi_output.bi_output_vg_customer_first_dates,CanDeposit,main.dwh.gold_sql_dp_prod_we_dwh_dbo_dim_playerstatus,candeposit,24,"Whether the user can add funds to their account. False for full-block statuses (IsBlocked=1), close-only/pending statuses (9, 13, 15), statu",(Tier N - main.dwh.gold_sql_dp_prod_we_dwh_dbo_dim_playerstatus.candeposit)
knowledge/UC_generated/bi_output/Views/bi_output_vg_customer_first_dates.md,main.bi_output.bi_output_vg_customer_first_dates,CanRequestWithdraw,main.dwh.gold_sql_dp_prod_we_dwh_dbo_dim_playerstatus,canrequestwithdraw,24,"Computed in source (transform kind not classified). Formula: `,date FirstTimeClubDate ,PlayerLevelID ,Name AS ClubTier ,RegulationID ,Name A",(Tier N - main.dwh.gold_sql_dp_prod_we_dwh_dbo_dim_playerstatus.canrequestwithdraw)
knowledge/UC_generated/bi_output/Views/bi_output_vg_customer_first_dates.md,main.bi_output.bi_output_vg_customer_first_dates,PlayerStatusReasonID,main.dwh.gold_sql_dp_prod_we_dwh_dbo_dim_customer_masked,playerstatusreasonid,24,"Computed in source (transform kind not classified). Formula: `,PlayerLevelID ,Name AS ClubTier ,RegulationID ,Name AS Regulation ,Name AS Ve",(Tier N - main.dwh.gold_sql_dp_prod_we_dwh_dbo_dim_customer_masked.playerstatusreasonid)
knowledge/UC_generated/bi_output/Views/bi_output_vg_customer_first_dates.md,main.bi_output.bi_output_vg_customer_first_dates,PlayerStatusReasonName,main.dwh.gold_sql_dp_prod_we_dwh_dbo_dim_playerstatusreasons,name,187,"Computed in source (transform kind not classified). Formula: `,Name AS ClubTier ,RegulationID ,Name AS Regulation ,Name AS VerificationLevel",(Tier N - main.dwh.gold_sql_dp_prod_we_dwh_dbo_dim_playerstatusreasons.name)
knowledge/UC_generated/bi_output/Views/bi_output_vg_customer_first_dates.md,main.bi_output.bi_output_vg_customer_first_dates,PlayerStatusSubReasonID,main.dwh.gold_sql_dp_prod_we_dwh_dbo_dim_customer_masked,playerstatussubreasonid,24,"Computed in source (transform kind not classified). Formula: `,RegulationID ,Name AS Regulation ,Name AS VerificationLevel ,CountryID ,Name ",(Tier N - main.dwh.gold_sql_dp_prod_we_dwh_dbo_dim_customer_masked.playerstatussubreasonid)
knowledge/UC_generated/bi_output/Views/bi_output_vg_customer_first_dates.md,main.bi_output.bi_output_vg_customer_first_dates,PlayerStatusSubReasonName,main.dwh.gold_sql_dp_prod_we_dwh_dbo_dim_playerstatussubreasons,playerstatussubreasonname,187,"Computed in source (transform kind not classified). Formula: `,Name AS Regulation ,Name AS VerificationLevel ,CountryID ,Name AS Country ,Ma",(Tier N - main.dwh.gold_sql_dp_prod_we_dwh_dbo_dim_playerstatussubreasons.playerstatussubreasonname)
knowledge/UC_generated/bi_output/Views/bi_output_vg_customer_first_dates.md,main.bi_output.bi_output_vg_customer_first_dates,ActiveTraded,main.bi_db.gold_sql_dp_prod_we_bi_db_dbo_bi_db_ddr_customer_daily_status,activetraded,29,"Computed in source (transform kind not classified). Formula: `,Name AS VerificationLevel ,CountryID ,Name AS Country ,MarketingRegionManualN",(Tier N - main.bi_db.gold_sql_dp_prod_we_bi_db_dbo_bi_db_ddr_customer_daily_status.activetraded)
knowledge/UC_generated/bi_output/Views/bi_output_vg_customer_first_dates.md,main.bi_output.bi_output_vg_customer_first_dates,Portfolio_Only,main.bi_db.gold_sql_dp_prod_we_bi_db_dbo_bi_db_ddr_customer_daily_status,portfolio_only,24,"Computed in source (transform kind not classified). Formula: `,Name AS Country ,MarketingRegionManualName AS Region ,AccountManagerID ,conca",(Tier N - main.bi_db.gold_sql_dp_prod_we_bi_db_dbo_bi_db_ddr_customer_daily_status.portfolio_only)
knowledge/UC_generated/bi_output/Views/bi_output_vg_customer_first_dates.md,main.bi_output.bi_output_vg_customer_first_dates,AccountActive,main.bi_db.gold_sql_dp_prod_we_bi_db_dbo_bi_db_ddr_customer_daily_status,accountactive,25,"Computed in source (transform kind not classified). Formula: `,MarketingRegionManualName AS Region ,AccountManagerID ,concat_ws(FirstName,''",(Tier N - main.bi_db.gold_sql_dp_prod_we_bi_db_dbo_bi_db_ddr_customer_daily_status.accountactive)
knowledge/UC_generated/bi_output/Views/bi_output_vg_customer_first_dates.md,main.bi_output.bi_output_vg_customer_first_dates,AffiliateID,main.dwh.gold_sql_dp_prod_we_dwh_dbo_dim_customer_masked,affiliateid,85,"Computed in source (transform kind not classified). Formula: `,Name AS Language ,CommunicationLanguageID ,Name AS CommunicationLanguage ,Acc",(Tier N - main.dwh.gold_sql_dp_prod_we_dwh_dbo_dim_customer_masked.affiliateid)
knowledge/UC_generated/bi_output/Views/bi_output_vg_customer_snapshot.md,main.bi_output.bi_output_vg_customer_snapshot,CanDeposit,main.dwh.gold_sql_dp_prod_we_dwh_dbo_dim_playerstatus,candeposit,23,"Whether the user can add funds to their account. False for full-block statuses (IsBlocked=1), close-only/pending statuses (9, 13, 15), statu",(Tier N - main.dwh.gold_sql_dp_prod_we_dwh_dbo_dim_playerstatus.candeposit)
knowledge/UC_generated/bi_output/Views/bi_output_vg_customer_snapshot_test.md,main.bi_output.bi_output_vg_customer_snapshot_test,CanDeposit,main.dwh.gold_sql_dp_prod_we_dwh_dbo_dim_playerstatus,candeposit,12,"Whether the user can add funds to their account. False for full-block statuses (IsBlocked=1), close-only/pending statuses (9, 13, 15), statu",(Tier N - main.dwh.gold_sql_dp_prod_we_dwh_dbo_dim_playerstatus.candeposit)
knowledge/UC_generated/bi_output/Views/bi_output_vg_ddr_customers_snapshot.md,main.bi_output.bi_output_vg_ddr_customers_snapshot,CanDeposit,main.dwh.gold_sql_dp_prod_we_dwh_dbo_dim_playerstatus,candeposit,1,"Whether the user can add funds to their account. False for full-block statuses (IsBlocked=1), close-only/pending statuses (9, 13, 15), statu",(Tier N - main.dwh.gold_sql_dp_prod_we_dwh_dbo_dim_playerstatus.candeposit)
knowledge/UC_generated/bi_output/Views/bi_output_vg_mimo.md,main.bi_output.bi_output_vg_mimo,Regulation,main.dwh.gold_sql_dp_prod_we_dwh_dbo_dim_regulation,name,30,"Computed in source (transform kind not classified). Formula: `,Date ,WeekNumberYear ,CalendarYearMonth ,CalendarQuarter ,CalendarYear ,Playe",(Tier N - main.dwh.gold_sql_dp_prod_we_dwh_dbo_dim_regulation.name)
knowledge/UC_generated/bi_output/Views/bi_output_vg_mimo.md,main.bi_output.bi_output_vg_mimo,VerificationLevelID,main.dwh.gold_sql_dp_prod_we_dwh_dbo_v_fact_snapshotcustomer_fromdateid_masked,verificationlevelid,14,"Computed in source (transform kind not classified). Formula: `,Date ,WeekNumberYear ,CalendarYearMonth ,CalendarQuarter ,CalendarYear ,Playe",(Tier N - main.dwh.gold_sql_dp_prod_we_dwh_dbo_v_fact_snapshotcustomer_fromdateid_masked.verificationlevelid)
knowledge/UC_generated/bi_output/Views/bi_output_vg_mimo.md,main.bi_output.bi_output_vg_mimo,VerificationLevel,main.dwh.gold_sql_dp_prod_we_dwh_dbo_dim_verificationlevel,name,21,"Computed in source (transform kind not classified). Formula: `,Date ,WeekNumberYear ,CalendarYearMonth ,CalendarQuarter ,CalendarYear ,Playe",(Tier N - main.dwh.gold_sql_dp_prod_we_dwh_dbo_dim_verificationlevel.name)
knowledge/UC_generated/bi_output/Views/bi_output_vg_mimo.md,main.bi_output.bi_output_vg_mimo,CountryID,main.dwh.gold_sql_dp_prod_we_dwh_dbo_v_fact_snapshotcustomer_fromdateid_masked,countryid,14,"Computed in source (transform kind not classified). Formula: `,Date ,WeekNumberYear ,CalendarYearMonth ,CalendarQuarter ,CalendarYear ,Playe",(Tier N - main.dwh.gold_sql_dp_prod_we_dwh_dbo_v_fact_snapshotcustomer_fromdateid_masked.countryid)
knowledge/UC_generated/bi_output/Views/bi_output_vg_mimo.md,main.bi_output.bi_output_vg_mimo,Country,main.dwh.gold_sql_dp_prod_we_dwh_dbo_dim_country,name,50,"Computed in source (transform kind not classified). Formula: `,Date ,WeekNumberYear ,CalendarYearMonth ,CalendarQuarter ,CalendarYear ,Playe",(Tier N - main.dwh.gold_sql_dp_prod_we_dwh_dbo_dim_country.name)
knowledge/UC_generated/bi_output/Views/bi_output_vg_mimo.md,main.bi_output.bi_output_vg_mimo,Region,main.dwh.gold_sql_dp_prod_we_dwh_dbo_dim_country,marketingregionmanualname,81,"Computed in source (transform kind not classified). Formula: `,Date ,WeekNumberYear ,CalendarYearMonth ,CalendarQuarter ,CalendarYear ,Playe",(Tier N - main.dwh.gold_sql_dp_prod_we_dwh_dbo_dim_country.marketingregionmanualname)
knowledge/UC_generated/bi_output/Views/bi_output_vg_mimo.md,main.bi_output.bi_output_vg_mimo,AccountManager,main.dwh.gold_sql_dp_prod_we_dwh_dbo_dim_manager,lastname,23,"Computed in source (transform kind not classified). Formula: `,Date ,WeekNumberYear ,CalendarYearMonth ,CalendarQuarter ,CalendarYear ,Playe",(Tier N - main.dwh.gold_sql_dp_prod_we_dwh_dbo_dim_manager.lastname)
knowledge/UC_generated/bi_output/Views/bi_output_vg_mimo.md,main.bi_output.bi_output_vg_mimo,LanguageID,main.dwh.gold_sql_dp_prod_we_dwh_dbo_v_fact_snapshotcustomer_fromdateid_masked,languageid,14,"Computed in source (transform kind not classified). Formula: `,Date ,WeekNumberYear ,CalendarYearMonth ,CalendarQuarter ,CalendarYear ,Playe",(Tier N - main.dwh.gold_sql_dp_prod_we_dwh_dbo_v_fact_snapshotcustomer_fromdateid_masked.languageid)
knowledge/UC_generated/bi_output/Views/bi_output_vg_mimo.md,main.bi_output.bi_output_vg_mimo,Language,main.dwh.gold_sql_dp_prod_we_dwh_dbo_dim_language,name,25,"Computed in source (transform kind not classified). Formula: `,Date ,WeekNumberYear ,CalendarYearMonth ,CalendarQuarter ,CalendarYear ,Playe",(Tier N - main.dwh.gold_sql_dp_prod_we_dwh_dbo_dim_language.name)
knowledge/UC_generated/bi_output/Views/bi_output_vg_mimo.md,main.bi_output.bi_output_vg_mimo,CommunicationLanguage,main.dwh.gold_sql_dp_prod_we_dwh_dbo_dim_language,name,24,"Computed in source (transform kind not classified). Formula: `,Date ,WeekNumberYear ,CalendarYearMonth ,CalendarQuarter ,CalendarYear ,Playe",(Tier N - main.dwh.gold_sql_dp_prod_we_dwh_dbo_dim_language.name)
knowledge/UC_generated/bi_output/Views/bi_output_vg_mimo.md,main.bi_output.bi_output_vg_mimo,AccountTypeID,main.dwh.gold_sql_dp_prod_we_dwh_dbo_v_fact_snapshotcustomer_fromdateid_masked,accounttypeid,15,"Computed in source (transform kind not classified). Formula: `,Date ,WeekNumberYear ,CalendarYearMonth ,CalendarQuarter ,CalendarYear ,Playe",(Tier N - main.dwh.gold_sql_dp_prod_we_dwh_dbo_v_fact_snapshotcustomer_fromdateid_masked.accounttypeid)
knowledge/UC_generated/bi_output/Views/bi_output_vg_mimo.md,main.bi_output.bi_output_vg_mimo,AccountType,main.dwh.gold_sql_dp_prod_we_dwh_dbo_dim_accounttype,name,29,"Computed in source (transform kind not classified). Formula: `,Date ,WeekNumberYear ,CalendarYearMonth ,CalendarQuarter ,CalendarYear ,Playe",(Tier N - main.dwh.gold_sql_dp_prod_we_dwh_dbo_dim_accounttype.name)
knowledge/UC_generated/bi_output/Views/bi_output_vg_mimo.md,main.bi_output.bi_output_vg_mimo,GuruStatusID,main.dwh.gold_sql_dp_prod_we_dwh_dbo_v_fact_snapshotcustomer_fromdateid_masked,gurustatusid,14,"Computed in source (transform kind not classified). Formula: `,Date ,WeekNumberYear ,CalendarYearMonth ,CalendarQuarter ,CalendarYear ,Playe",(Tier N - main.dwh.gold_sql_dp_prod_we_dwh_dbo_v_fact_snapshotcustomer_fromdateid_masked.gurustatusid)
knowledge/UC_generated/bi_output/Views/bi_output_vg_mimo.md,main.bi_output.bi_output_vg_mimo,GuruStatusName,main.dwh.gold_sql_dp_prod_we_dwh_dbo_dim_gurustatus,gurustatusname,20,"Computed in source (transform kind not classified). Formula: `,Date ,WeekNumberYear ,CalendarYearMonth ,CalendarQuarter ,CalendarYear ,Playe",(Tier N - main.dwh.gold_sql_dp_prod_we_dwh_dbo_dim_gurustatus.gurustatusname)
knowledge/UC_generated/bi_output/Views/bi_output_vg_mimo.md,main.bi_output.bi_output_vg_mimo,IsPI,main.dwh.gold_sql_dp_prod_we_dwh_dbo_v_fact_snapshotcustomer_fromdateid_masked,gurustatusid,15,"`IsPI` discriminator: `GuruStatusID > 1` → set to 1 else 0. Formula: `,Date ,WeekNumberYear ,CalendarYearMonth ,CalendarQuarter ,CalendarYea",(Tier N - main.dwh.gold_sql_dp_prod_we_dwh_dbo_v_fact_snapshotcustomer_fromdateid_masked.gurustatusid)
knowledge/UC_generated/bi_output/Views/bi_output_vg_mimo.md,main.bi_output.bi_output_vg_mimo,AccountStatusID,main.dwh.gold_sql_dp_prod_we_dwh_dbo_v_fact_snapshotcustomer_fromdateid_masked,accountstatusid,14,"Computed in source (transform kind not classified). Formula: `,Date ,WeekNumberYear ,CalendarYearMonth ,CalendarQuarter ,CalendarYear ,Playe",(Tier N - main.dwh.gold_sql_dp_prod_we_dwh_dbo_v_fact_snapshotcustomer_fromdateid_masked.accountstatusid)
knowledge/UC_generated/bi_output/Views/bi_output_vg_mimo.md,main.bi_output.bi_output_vg_mimo,AccountStatusName,main.dwh.gold_sql_dp_prod_we_dwh_dbo_dim_accountstatus,accountstatusname,23,"Computed in source (transform kind not classified). Formula: `,Date ,WeekNumberYear ,CalendarYearMonth ,CalendarQuarter ,CalendarYear ,Playe",(Tier N - main.dwh.gold_sql_dp_prod_we_dwh_dbo_dim_accountstatus.accountstatusname)
knowledge/UC_generated/bi_output/Views/bi_output_vg_mimo.md,main.bi_output.bi_output_vg_mimo,PlayerStatusID,main.dwh.gold_sql_dp_prod_we_dwh_dbo_v_fact_snapshotcustomer_fromdateid_masked,playerstatusid,14,"Computed in source (transform kind not classified). Formula: `,Date ,WeekNumberYear ,CalendarYearMonth ,CalendarQuarter ,CalendarYear ,Playe",(Tier N - main.dwh.gold_sql_dp_prod_we_dwh_dbo_v_fact_snapshotcustomer_fromdateid_masked.playerstatusid)
knowledge/UC_generated/bi_output/Views/bi_output_vg_mimo.md,main.bi_output.bi_output_vg_mimo,PlayerStatusName,main.dwh.gold_sql_dp_prod_we_dwh_dbo_dim_playerstatus,name,28,"Computed in source (transform kind not classified). Formula: `,Date ,WeekNumberYear ,CalendarYearMonth ,CalendarQuarter ,CalendarYear ,Playe",(Tier N - main.dwh.gold_sql_dp_prod_we_dwh_dbo_dim_playerstatus.name)
knowledge/UC_generated/bi_output/Views/bi_output_vg_mimo.md,main.bi_output.bi_output_vg_mimo,CanOpenPosition,main.dwh.gold_sql_dp_prod_we_dwh_dbo_dim_playerstatus,canopenposition,14,"Computed in source (transform kind not classified). Formula: `,Date ,WeekNumberYear ,CalendarYearMonth ,CalendarQuarter ,CalendarYear ,Playe",(Tier N - main.dwh.gold_sql_dp_prod_we_dwh_dbo_dim_playerstatus.canopenposition)
knowledge/UC_generated/bi_output/Views/bi_output_vg_mimo.md,main.bi_output.bi_output_vg_mimo,CanClosePosition,main.dwh.gold_sql_dp_prod_we_dwh_dbo_dim_playerstatus,cancloseposition,14,"Computed in source (transform kind not classified). Formula: `,WeekNumberYear ,CalendarYearMonth ,CalendarQuarter ,CalendarYear ,PlayerLevel",(Tier N - main.dwh.gold_sql_dp_prod_we_dwh_dbo_dim_playerstatus.cancloseposition)
knowledge/UC_generated/bi_output/Views/bi_output_vg_mimo.md,main.bi_output.bi_output_vg_mimo,CanEditPosition,main.dwh.gold_sql_dp_prod_we_dwh_dbo_dim_playerstatus,caneditposition,14,"Computed in source (transform kind not classified). Formula: `,CalendarYearMonth ,CalendarQuarter ,CalendarYear ,PlayerLevelID ,Name AS Club",(Tier N - main.dwh.gold_sql_dp_prod_we_dwh_dbo_dim_playerstatus.caneditposition)
knowledge/UC_generated/bi_output/Views/bi_output_vg_mimo.md,main.bi_output.bi_output_vg_mimo,CanBeCopied,main.dwh.gold_sql_dp_prod_we_dwh_dbo_dim_playerstatus,canbecopied,14,"Computed in source (transform kind not classified). Formula: `,CalendarQuarter ,CalendarYear ,PlayerLevelID ,Name AS ClubTier ,RegulationID ",(Tier N - main.dwh.gold_sql_dp_prod_we_dwh_dbo_dim_playerstatus.canbecopied)
knowledge/UC_generated/bi_output/Views/bi_output_vg_mimo.md,main.bi_output.bi_output_vg_mimo,CanDeposit,main.dwh.gold_sql_dp_prod_we_dwh_dbo_dim_playerstatus,candeposit,14,"Whether the user can add funds to their account. False for full-block statuses (IsBlocked=1), close-only/pending statuses (9, 13, 15), statu",(Tier N - main.dwh.gold_sql_dp_prod_we_dwh_dbo_dim_playerstatus.candeposit)
knowledge/UC_generated/bi_output/Views/bi_output_vg_mimo.md,main.bi_output.bi_output_vg_mimo,CanRequestWithdraw,main.dwh.gold_sql_dp_prod_we_dwh_dbo_dim_playerstatus,canrequestwithdraw,14,"Computed in source (transform kind not classified). Formula: `,PlayerLevelID ,Name AS ClubTier ,RegulationID ,Name AS Regulation ,Verificati",(Tier N - main.dwh.gold_sql_dp_prod_we_dwh_dbo_dim_playerstatus.canrequestwithdraw)
knowledge/UC_generated/bi_output/Views/bi_output_vg_mimo.md,main.bi_output.bi_output_vg_mimo,PlayerStatusReasonID,main.dwh.gold_sql_dp_prod_we_dwh_dbo_v_fact_snapshotcustomer_fromdateid_masked,playerstatusreasonid,14,"Computed in source (transform kind not classified). Formula: `,Name AS ClubTier ,RegulationID ,Name AS Regulation ,VerificationLevelID ,Name",(Tier N - main.dwh.gold_sql_dp_prod_we_dwh_dbo_v_fact_snapshotcustomer_fromdateid_masked.playerstatusreasonid)
knowledge/UC_generated/bi_output/Views/bi_output_vg_mimo.md,main.bi_output.bi_output_vg_mimo,PlayerStatusReasonName,main.dwh.gold_sql_dp_prod_we_dwh_dbo_dim_playerstatusreasons,name,20,"Computed in source (transform kind not classified). Formula: `,RegulationID ,Name AS Regulation ,VerificationLevelID ,Name AS VerificationLe",(Tier N - main.dwh.gold_sql_dp_prod_we_dwh_dbo_dim_playerstatusreasons.name)
knowledge/UC_generated/bi_output/Views/bi_output_vg_mimo.md,main.bi_output.bi_output_vg_mimo,PlayerStatusSubReasonID,main.dwh.gold_sql_dp_prod_we_dwh_dbo_v_fact_snapshotcustomer_fromdateid_masked,playerstatussubreasonid,14,"Computed in source (transform kind not classified). Formula: `,Name AS Regulation ,VerificationLevelID ,Name AS VerificationLevel ,CountryID",(Tier N - main.dwh.gold_sql_dp_prod_we_dwh_dbo_v_fact_snapshotcustomer_fromdateid_masked.playerstatussubreasonid)
knowledge/UC_generated/bi_output/Views/bi_output_vg_mimo.md,main.bi_output.bi_output_vg_mimo,CitizenshipCountryID,main.dwh.gold_sql_dp_prod_we_dwh_dbo_dim_customer_masked,citizenshipcountryid,14,"Computed in source (transform kind not classified). Formula: `,Name AS VerificationLevel ,CountryID ,Name AS Country ,MarketingRegionManualN",(Tier N - main.dwh.gold_sql_dp_prod_we_dwh_dbo_dim_customer_masked.citizenshipcountryid)
knowledge/UC_generated/bi_output/Views/bi_output_vg_mimo.md,main.bi_output.bi_output_vg_mimo,DepositRealCID,main.bi_db.gold_sql_dp_prod_we_bi_db_dbo_bi_db_ddr_fact_mimo_allplatforms,mimoaction,21,"Computed in source (transform kind not classified). Formula: `,MarketingRegionManualName AS Region ,AccountManagerID ,concat_ws(FirstName,''",(Tier N - main.bi_db.gold_sql_dp_prod_we_bi_db_dbo_bi_db_ddr_fact_mimo_allplatforms.mimoaction)
knowledge/UC_generated/bi_output/Views/bi_output_vg_mimo.md,main.bi_output.bi_output_vg_mimo,GlobalDepositsAmount,main.bi_db.gold_sql_dp_prod_we_bi_db_dbo_bi_db_ddr_fact_mimo_allplatforms,amountusd,397,"Computed in source (transform kind not classified). Formula: `,Name AS Language ,CommunicationLanguageID ,Name AS CommunicationLanguage ,Acc",(Tier N - main.bi_db.gold_sql_dp_prod_we_bi_db_dbo_bi_db_ddr_fact_mimo_allplatforms.amountusd)
knowledge/UC_generated/bi_output/Views/bi_output_vg_mimo.md,main.bi_output.bi_output_vg_mimo,GlobalWithdrawsAmount,main.bi_db.gold_sql_dp_prod_we_bi_db_dbo_bi_db_ddr_fact_mimo_allplatforms,amountusd,366,"Computed flag (CASE expression in source). Formula: `,CommunicationLanguageID ,Name AS CommunicationLanguage ,AccountTypeID ,Name AS Account",(Tier N - main.bi_db.gold_sql_dp_prod_we_bi_db_dbo_bi_db_ddr_fact_mimo_allplatforms.amountusd)
knowledge/UC_generated/bi_output/Views/bi_output_vg_mimo.md,main.bi_output.bi_output_vg_mimo,TotalFTDGlobalAmount,main.bi_db.gold_sql_dp_prod_we_bi_db_dbo_bi_db_ddr_fact_mimo_allplatforms,amountusd,73,"Computed flag (CASE expression in source). Formula: `,Name AS CommunicationLanguage ,AccountTypeID ,Name AS AccountType ,GuruStatusID ,GuruS",(Tier N - main.bi_db.gold_sql_dp_prod_we_bi_db_dbo_bi_db_ddr_fact_mimo_allplatforms.amountusd)
knowledge/UC_generated/bi_output/Views/bi_output_vg_mimo.md,main.bi_output.bi_output_vg_mimo,TransferCoins,main.bi_db.gold_sql_dp_prod_we_bi_db_dbo_bi_db_ddr_fact_mimo_allplatforms,amountusd,29,"Computed flag (CASE expression in source). Formula: `,GuruStatusName ,CASE WHEN GuruStatusID > 1 THEN 1 else 0 END AS IsPI ,AccountStatusID ",(Tier N - main.bi_db.gold_sql_dp_prod_we_bi_db_dbo_bi_db_ddr_fact_mimo_allplatforms.amountusd)
knowledge/UC_generated/bi_output/Views/bi_output_vg_mimo.md,main.bi_output.bi_output_vg_mimo,ExternalWithdrawFromIBANCount,main.bi_db.gold_sql_dp_prod_we_bi_db_dbo_bi_db_ddr_fact_mimo_allplatforms,mimoaction,15,"Computed in source (transform kind not classified). Formula: `,CanBeCopied ,CanDeposit ,CanRequestWithdraw ,PlayerStatusReasonID ,Name AS Pl",(Tier N - main.bi_db.gold_sql_dp_prod_we_bi_db_dbo_bi_db_ddr_fact_mimo_allplatforms.mimoaction)
knowledge/UC_generated/bi_output/Views/bi_output_vg_mimo.md,main.bi_output.bi_output_vg_mimo,AffiliateID,main.dwh.gold_sql_dp_prod_we_dwh_dbo_dim_customer_masked,affiliateid,34,"Computed in source (transform kind not classified). Formula: `,CanDeposit ,CanRequestWithdraw ,PlayerStatusReasonID ,Name AS PlayerStatusRea",(Tier N - main.dwh.gold_sql_dp_prod_we_dwh_dbo_dim_customer_masked.affiliateid)
knowledge/UC_generated/bi_output/Views/bi_output_vg_parentcid.md,main.bi_output.bi_output_vg_parentcid,CanDeposit,main.dwh.gold_sql_dp_prod_we_dwh_dbo_dim_playerstatus,candeposit,4,"Whether the user can add funds to their account. False for full-block statuses (IsBlocked=1), close-only/pending statuses (9, 13, 15), statu",(Tier N - main.dwh.gold_sql_dp_prod_we_dwh_dbo_dim_playerstatus.candeposit)
knowledge/UC_generated/bi_output/Views/bi_output_vg_revenue.md,main.bi_output.bi_output_vg_revenue,PlayerStatusID,main.dwh.gold_sql_dp_prod_we_dwh_dbo_v_fact_snapshotcustomer_fromdateid_masked,playerstatusid,11,"Computed in source (transform kind not classified). Formula: `, InstrumentType , IsSettled , IsCopy , Metric , CountAsActiveTrade , Included",(Tier N - main.dwh.gold_sql_dp_prod_we_dwh_dbo_v_fact_snapshotcustomer_fromdateid_masked.playerstatusid)
knowledge/UC_generated/bi_output/Views/bi_output_vg_revenue.md,main.bi_output.bi_output_vg_revenue,PlayerStatusName,main.dwh.gold_sql_dp_prod_we_dwh_dbo_dim_playerstatus,name,16,"Computed in source (transform kind not classified). Formula: `, IsSettled , IsCopy , Metric , CountAsActiveTrade , IncludedInTotalRevenue , ",(Tier N - main.dwh.gold_sql_dp_prod_we_dwh_dbo_dim_playerstatus.name)
knowledge/UC_generated/bi_output/Views/bi_output_vg_revenue.md,main.bi_output.bi_output_vg_revenue,CanOpenPosition,main.dwh.gold_sql_dp_prod_we_dwh_dbo_dim_playerstatus,canopenposition,11,"Computed in source (transform kind not classified). Formula: `, IsCopy , Metric , CountAsActiveTrade , IncludedInTotalRevenue , RevenueMetri",(Tier N - main.dwh.gold_sql_dp_prod_we_dwh_dbo_dim_playerstatus.canopenposition)
knowledge/UC_generated/bi_output/Views/bi_output_vg_revenue.md,main.bi_output.bi_output_vg_revenue,CanClosePosition,main.dwh.gold_sql_dp_prod_we_dwh_dbo_dim_playerstatus,cancloseposition,11,"Computed in source (transform kind not classified). Formula: `, Metric , CountAsActiveTrade , IncludedInTotalRevenue , RevenueMetricCategory",(Tier N - main.dwh.gold_sql_dp_prod_we_dwh_dbo_dim_playerstatus.cancloseposition)
knowledge/UC_generated/bi_output/Views/bi_output_vg_revenue.md,main.bi_output.bi_output_vg_revenue,CanEditPosition,main.dwh.gold_sql_dp_prod_we_dwh_dbo_dim_playerstatus,caneditposition,11,"Computed in source (transform kind not classified). Formula: `, CountAsActiveTrade , IncludedInTotalRevenue , RevenueMetricCategory ,PlayerL",(Tier N - main.dwh.gold_sql_dp_prod_we_dwh_dbo_dim_playerstatus.caneditposition)
knowledge/UC_generated/bi_output/Views/bi_output_vg_revenue.md,main.bi_output.bi_output_vg_revenue,CanBeCopied,main.dwh.gold_sql_dp_prod_we_dwh_dbo_dim_playerstatus,canbecopied,11,"Computed in source (transform kind not classified). Formula: `, IncludedInTotalRevenue , RevenueMetricCategory ,PlayerLevelID ,Name AS ClubT",(Tier N - main.dwh.gold_sql_dp_prod_we_dwh_dbo_dim_playerstatus.canbecopied)
knowledge/UC_generated/bi_output/Views/bi_output_vg_revenue.md,main.bi_output.bi_output_vg_revenue,CanDeposit,main.dwh.gold_sql_dp_prod_we_dwh_dbo_dim_playerstatus,candeposit,11,"Whether the user can add funds to their account. False for full-block statuses (IsBlocked=1), close-only/pending statuses (9, 13, 15), statu",(Tier N - main.dwh.gold_sql_dp_prod_we_dwh_dbo_dim_playerstatus.candeposit)
knowledge/UC_generated/bi_output/Views/bi_output_vg_revenue.md,main.bi_output.bi_output_vg_revenue,CanRequestWithdraw,main.dwh.gold_sql_dp_prod_we_dwh_dbo_dim_playerstatus,canrequestwithdraw,11,"Computed in source (transform kind not classified). Formula: `,PlayerLevelID ,Name AS ClubTier ,RegulationID ,Name AS Regulation ,Verificati",(Tier N - main.dwh.gold_sql_dp_prod_we_dwh_dbo_dim_playerstatus.canrequestwithdraw)
knowledge/UC_generated/bi_output/Views/bi_output_vg_revenue.md,main.bi_output.bi_output_vg_revenue,PlayerStatusReasonID,main.dwh.gold_sql_dp_prod_we_dwh_dbo_v_fact_snapshotcustomer_fromdateid_masked,playerstatusreasonid,12,"Computed in source (transform kind not classified). Formula: `,Name AS ClubTier ,RegulationID ,Name AS Regulation ,VerificationLevelID ,Name",(Tier N - main.dwh.gold_sql_dp_prod_we_dwh_dbo_v_fact_snapshotcustomer_fromdateid_masked.playerstatusreasonid)
knowledge/UC_generated/bi_output/Views/bi_output_vg_revenue.md,main.bi_output.bi_output_vg_revenue,PlayerStatusReasonName,main.dwh.gold_sql_dp_prod_we_dwh_dbo_dim_playerstatusreasons,name,18,"Computed in source (transform kind not classified). Formula: `,RegulationID ,Name AS Regulation ,VerificationLevelID ,Name AS VerificationLe",(Tier N - main.dwh.gold_sql_dp_prod_we_dwh_dbo_dim_playerstatusreasons.name)
knowledge/UC_generated/bi_output/Views/bi_output_vg_revenue.md,main.bi_output.bi_output_vg_revenue,PlayerStatusSubReasonID,main.dwh.gold_sql_dp_prod_we_dwh_dbo_v_fact_snapshotcustomer_fromdateid_masked,playerstatussubreasonid,11,"Computed in source (transform kind not classified). Formula: `,Name AS Regulation ,VerificationLevelID ,Name AS VerificationLevel ,CountryID",(Tier N - main.dwh.gold_sql_dp_prod_we_dwh_dbo_v_fact_snapshotcustomer_fromdateid_masked.playerstatussubreasonid)
knowledge/UC_generated/bi_output/Views/bi_output_vg_revenue.md,main.bi_output.bi_output_vg_revenue,CitizenshipCountryID,main.dwh.gold_sql_dp_prod_we_dwh_dbo_dim_customer_masked,citizenshipcountryid,12,"Computed in source (transform kind not classified). Formula: `,Name AS VerificationLevel ,CountryID ,Name AS Country ,MarketingRegionManualN",(Tier N - main.dwh.gold_sql_dp_prod_we_dwh_dbo_dim_customer_masked.citizenshipcountryid)
knowledge/UC_generated/bi_output/Views/bi_output_vg_revenue.md,main.bi_output.bi_output_vg_revenue,Amount,main.bi_db.gold_sql_dp_prod_we_bi_db_dbo_bi_db_ddr_fact_revenue_generating_actions,amount,422,"Computed in source (transform kind not classified). Formula: `,Name AS Country ,MarketingRegionManualName AS Region ,AccountManagerID ,conca",(Tier N - main.bi_db.gold_sql_dp_prod_we_bi_db_dbo_bi_db_ddr_fact_revenue_generating_actions.amount)
knowledge/UC_generated/bi_output/Views/bi_output_vg_revenue.md,main.bi_output.bi_output_vg_revenue,AffiliateID,main.dwh.gold_sql_dp_prod_we_dwh_dbo_dim_customer_masked,affiliateid,12,"Computed in source (transform kind not classified). Formula: `,MarketingRegionManualName AS Region ,AccountManagerID ,concat_ws(FirstName,''",(Tier N - main.dwh.gold_sql_dp_prod_we_dwh_dbo_dim_customer_masked.affiliateid)
knowledge/UC_generated/bi_output/Views/bi_output_vg_volume_amount.md,main.bi_output.bi_output_vg_volume_amount,ClubTier,main.dwh.gold_sql_dp_prod_we_dwh_dbo_dim_playerlevel,name,24,"Computed in source (transform kind not classified). Formula: `,CalendarYearMonth ,CalendarQuarter ,CalendarYear ,InstrumentType ,PlayerLevel",(Tier N - main.dwh.gold_sql_dp_prod_we_dwh_dbo_dim_playerlevel.name)
knowledge/UC_generated/bi_output/Views/bi_output_vg_volume_amount.md,main.bi_output.bi_output_vg_volume_amount,Regulation,main.dwh.gold_sql_dp_prod_we_dwh_dbo_dim_regulation,name,19,"Computed in source (transform kind not classified). Formula: `,CalendarYearMonth ,CalendarQuarter ,CalendarYear ,InstrumentType ,PlayerLevel",(Tier N - main.dwh.gold_sql_dp_prod_we_dwh_dbo_dim_regulation.name)
knowledge/UC_generated/bi_output/Views/bi_output_vg_volume_amount.md,main.bi_output.bi_output_vg_volume_amount,VerificationLevelID,main.dwh.gold_sql_dp_prod_we_dwh_dbo_v_fact_snapshotcustomer_fromdateid_masked,verificationlevelid,9,"Computed in source (transform kind not classified). Formula: `,CalendarYearMonth ,CalendarQuarter ,CalendarYear ,InstrumentType ,PlayerLevel",(Tier N - main.dwh.gold_sql_dp_prod_we_dwh_dbo_v_fact_snapshotcustomer_fromdateid_masked.verificationlevelid)
knowledge/UC_generated/bi_output/Views/bi_output_vg_volume_amount.md,main.bi_output.bi_output_vg_volume_amount,VerificationLevel,main.dwh.gold_sql_dp_prod_we_dwh_dbo_dim_verificationlevel,name,14,"Computed in source (transform kind not classified). Formula: `,CalendarYearMonth ,CalendarQuarter ,CalendarYear ,InstrumentType ,PlayerLevel",(Tier N - main.dwh.gold_sql_dp_prod_we_dwh_dbo_dim_verificationlevel.name)
knowledge/UC_generated/bi_output/Views/bi_output_vg_volume_amount.md,main.bi_output.bi_output_vg_volume_amount,CountryID,main.dwh.gold_sql_dp_prod_we_dwh_dbo_v_fact_snapshotcustomer_fromdateid_masked,countryid,9,"Computed in source (transform kind not classified). Formula: `,CalendarYearMonth ,CalendarQuarter ,CalendarYear ,InstrumentType ,PlayerLevel",(Tier N - main.dwh.gold_sql_dp_prod_we_dwh_dbo_v_fact_snapshotcustomer_fromdateid_masked.countryid)
knowledge/UC_generated/bi_output/Views/bi_output_vg_volume_amount.md,main.bi_output.bi_output_vg_volume_amount,Country,main.dwh.gold_sql_dp_prod_we_dwh_dbo_dim_country,name,26,"Computed in source (transform kind not classified). Formula: `,CalendarYearMonth ,CalendarQuarter ,CalendarYear ,InstrumentType ,PlayerLevel",(Tier N - main.dwh.gold_sql_dp_prod_we_dwh_dbo_dim_country.name)
knowledge/UC_generated/bi_output/Views/bi_output_vg_volume_amount.md,main.bi_output.bi_output_vg_volume_amount,Region,main.dwh.gold_sql_dp_prod_we_dwh_dbo_dim_country,marketingregionmanualname,74,"Computed in source (transform kind not classified). Formula: `,CalendarYearMonth ,CalendarQuarter ,CalendarYear ,InstrumentType ,PlayerLevel",(Tier N - main.dwh.gold_sql_dp_prod_we_dwh_dbo_dim_country.marketingregionmanualname)
knowledge/UC_generated/bi_output/Views/bi_output_vg_volume_amount.md,main.bi_output.bi_output_vg_volume_amount,AccountManager,main.dwh.gold_sql_dp_prod_we_dwh_dbo_dim_manager,lastname,14,"Computed in source (transform kind not classified). Formula: `,CalendarYearMonth ,CalendarQuarter ,CalendarYear ,InstrumentType ,PlayerLevel",(Tier N - main.dwh.gold_sql_dp_prod_we_dwh_dbo_dim_manager.lastname)
knowledge/UC_generated/bi_output/Views/bi_output_vg_volume_amount.md,main.bi_output.bi_output_vg_volume_amount,LanguageID,main.dwh.gold_sql_dp_prod_we_dwh_dbo_v_fact_snapshotcustomer_fromdateid_masked,languageid,9,"Computed in source (transform kind not classified). Formula: `,CalendarYearMonth ,CalendarQuarter ,CalendarYear ,InstrumentType ,PlayerLevel",(Tier N - main.dwh.gold_sql_dp_prod_we_dwh_dbo_v_fact_snapshotcustomer_fromdateid_masked.languageid)
knowledge/UC_generated/bi_output/Views/bi_output_vg_volume_amount.md,main.bi_output.bi_output_vg_volume_amount,Language,main.dwh.gold_sql_dp_prod_we_dwh_dbo_dim_language,name,17,"Computed in source (transform kind not classified). Formula: `,CalendarYearMonth ,CalendarQuarter ,CalendarYear ,InstrumentType ,PlayerLevel",(Tier N - main.dwh.gold_sql_dp_prod_we_dwh_dbo_dim_language.name)
knowledge/UC_generated/bi_output/Views/bi_output_vg_volume_amount.md,main.bi_output.bi_output_vg_volume_amount,CommunicationLanguage,main.dwh.gold_sql_dp_prod_we_dwh_dbo_dim_language,name,17,"Computed in source (transform kind not classified). Formula: `,CalendarYearMonth ,CalendarQuarter ,CalendarYear ,InstrumentType ,PlayerLevel",(Tier N - main.dwh.gold_sql_dp_prod_we_dwh_dbo_dim_language.name)
knowledge/UC_generated/bi_output/Views/bi_output_vg_volume_amount.md,main.bi_output.bi_output_vg_volume_amount,AccountTypeID,main.dwh.gold_sql_dp_prod_we_dwh_dbo_v_fact_snapshotcustomer_fromdateid_masked,accounttypeid,9,"Computed in source (transform kind not classified). Formula: `,CalendarYearMonth ,CalendarQuarter ,CalendarYear ,InstrumentType ,PlayerLevel",(Tier N - main.dwh.gold_sql_dp_prod_we_dwh_dbo_v_fact_snapshotcustomer_fromdateid_masked.accounttypeid)
knowledge/UC_generated/bi_output/Views/bi_output_vg_volume_amount.md,main.bi_output.bi_output_vg_volume_amount,AccountType,main.dwh.gold_sql_dp_prod_we_dwh_dbo_dim_accounttype,name,17,"Computed in source (transform kind not classified). Formula: `,CalendarYearMonth ,CalendarQuarter ,CalendarYear ,InstrumentType ,PlayerLevel",(Tier N - main.dwh.gold_sql_dp_prod_we_dwh_dbo_dim_accounttype.name)
knowledge/UC_generated/bi_output/Views/bi_output_vg_volume_amount.md,main.bi_output.bi_output_vg_volume_amount,GuruStatusID,main.dwh.gold_sql_dp_prod_we_dwh_dbo_v_fact_snapshotcustomer_fromdateid_masked,gurustatusid,13,"Computed in source (transform kind not classified). Formula: `,CalendarYearMonth ,CalendarQuarter ,CalendarYear ,InstrumentType ,PlayerLevel",(Tier N - main.dwh.gold_sql_dp_prod_we_dwh_dbo_v_fact_snapshotcustomer_fromdateid_masked.gurustatusid)
knowledge/UC_generated/bi_output/Views/bi_output_vg_volume_amount.md,main.bi_output.bi_output_vg_volume_amount,GuruStatusName,main.dwh.gold_sql_dp_prod_we_dwh_dbo_dim_gurustatus,gurustatusname,22,"Computed in source (transform kind not classified). Formula: `,CalendarYearMonth ,CalendarQuarter ,CalendarYear ,InstrumentType ,PlayerLevel",(Tier N - main.dwh.gold_sql_dp_prod_we_dwh_dbo_dim_gurustatus.gurustatusname)
knowledge/UC_generated/bi_output/Views/bi_output_vg_volume_amount.md,main.bi_output.bi_output_vg_volume_amount,IsPI,main.dwh.gold_sql_dp_prod_we_dwh_dbo_v_fact_snapshotcustomer_fromdateid_masked,gurustatusid,12,"`IsPI` discriminator: `GuruStatusID > 1` → set to 1 else 0. Formula: `,CalendarYearMonth ,CalendarQuarter ,CalendarYear ,InstrumentType ,Pla",(Tier N - main.dwh.gold_sql_dp_prod_we_dwh_dbo_v_fact_snapshotcustomer_fromdateid_masked.gurustatusid)
knowledge/UC_generated/bi_output/Views/bi_output_vg_volume_amount.md,main.bi_output.bi_output_vg_volume_amount,AccountStatusID,main.dwh.gold_sql_dp_prod_we_dwh_dbo_v_fact_snapshotcustomer_fromdateid_masked,accountstatusid,9,"Computed in source (transform kind not classified). Formula: `,CalendarYearMonth ,CalendarQuarter ,CalendarYear ,InstrumentType ,PlayerLevel",(Tier N - main.dwh.gold_sql_dp_prod_we_dwh_dbo_v_fact_snapshotcustomer_fromdateid_masked.accountstatusid)
knowledge/UC_generated/bi_output/Views/bi_output_vg_volume_amount.md,main.bi_output.bi_output_vg_volume_amount,AccountStatusName,main.dwh.gold_sql_dp_prod_we_dwh_dbo_dim_accountstatus,accountstatusname,14,"Computed in source (transform kind not classified). Formula: `,CalendarYearMonth ,CalendarQuarter ,CalendarYear ,InstrumentType ,PlayerLevel",(Tier N - main.dwh.gold_sql_dp_prod_we_dwh_dbo_dim_accountstatus.accountstatusname)
knowledge/UC_generated/bi_output/Views/bi_output_vg_volume_amount.md,main.bi_output.bi_output_vg_volume_amount,PlayerStatusID,main.dwh.gold_sql_dp_prod_we_dwh_dbo_v_fact_snapshotcustomer_fromdateid_masked,playerstatusid,9,"Computed in source (transform kind not classified). Formula: `,CalendarYearMonth ,CalendarQuarter ,CalendarYear ,InstrumentType ,PlayerLevel",(Tier N - main.dwh.gold_sql_dp_prod_we_dwh_dbo_v_fact_snapshotcustomer_fromdateid_masked.playerstatusid)
knowledge/UC_generated/bi_output/Views/bi_output_vg_volume_amount.md,main.bi_output.bi_output_vg_volume_amount,PlayerStatusName,main.dwh.gold_sql_dp_prod_we_dwh_dbo_dim_playerstatus,name,15,"Computed in source (transform kind not classified). Formula: `,CalendarYearMonth ,CalendarQuarter ,CalendarYear ,InstrumentType ,PlayerLevel",(Tier N - main.dwh.gold_sql_dp_prod_we_dwh_dbo_dim_playerstatus.name)
knowledge/UC_generated/bi_output/Views/bi_output_vg_volume_amount.md,main.bi_output.bi_output_vg_volume_amount,CanOpenPosition,main.dwh.gold_sql_dp_prod_we_dwh_dbo_dim_playerstatus,canopenposition,9,"Computed in source (transform kind not classified). Formula: `,CalendarYearMonth ,CalendarQuarter ,CalendarYear ,InstrumentType ,PlayerLevel",(Tier N - main.dwh.gold_sql_dp_prod_we_dwh_dbo_dim_playerstatus.canopenposition)
knowledge/UC_generated/bi_output/Views/bi_output_vg_volume_amount.md,main.bi_output.bi_output_vg_volume_amount,CanClosePosition,main.dwh.gold_sql_dp_prod_we_dwh_dbo_dim_playerstatus,cancloseposition,9,"Computed in source (transform kind not classified). Formula: `,CalendarYearMonth ,CalendarQuarter ,CalendarYear ,InstrumentType ,PlayerLevel",(Tier N - main.dwh.gold_sql_dp_prod_we_dwh_dbo_dim_playerstatus.cancloseposition)
knowledge/UC_generated/bi_output/Views/bi_output_vg_volume_amount.md,main.bi_output.bi_output_vg_volume_amount,CanEditPosition,main.dwh.gold_sql_dp_prod_we_dwh_dbo_dim_playerstatus,caneditposition,9,"Computed in source (transform kind not classified). Formula: `,CalendarQuarter ,CalendarYear ,InstrumentType ,PlayerLevelID ,Name AS ClubTie",(Tier N - main.dwh.gold_sql_dp_prod_we_dwh_dbo_dim_playerstatus.caneditposition)
knowledge/UC_generated/bi_output/Views/bi_output_vg_volume_amount.md,main.bi_output.bi_output_vg_volume_amount,CanBeCopied,main.dwh.gold_sql_dp_prod_we_dwh_dbo_dim_playerstatus,canbecopied,9,"Computed in source (transform kind not classified). Formula: `,CalendarYear ,InstrumentType ,PlayerLevelID ,Name AS ClubTier ,RegulationID ,",(Tier N - main.dwh.gold_sql_dp_prod_we_dwh_dbo_dim_playerstatus.canbecopied)
knowledge/UC_generated/bi_output/Views/bi_output_vg_volume_amount.md,main.bi_output.bi_output_vg_volume_amount,CanDeposit,main.dwh.gold_sql_dp_prod_we_dwh_dbo_dim_playerstatus,candeposit,9,"Whether the user can add funds to their account. False for full-block statuses (IsBlocked=1), close-only/pending statuses (9, 13, 15), statu",(Tier N - main.dwh.gold_sql_dp_prod_we_dwh_dbo_dim_playerstatus.candeposit)
knowledge/UC_generated/bi_output/Views/bi_output_vg_volume_amount.md,main.bi_output.bi_output_vg_volume_amount,CanRequestWithdraw,main.dwh.gold_sql_dp_prod_we_dwh_dbo_dim_playerstatus,canrequestwithdraw,9,"Computed in source (transform kind not classified). Formula: `,PlayerLevelID ,Name AS ClubTier ,RegulationID ,Name AS Regulation ,Verificati",(Tier N - main.dwh.gold_sql_dp_prod_we_dwh_dbo_dim_playerstatus.canrequestwithdraw)
knowledge/UC_generated/bi_output/Views/bi_output_vg_volume_amount.md,main.bi_output.bi_output_vg_volume_amount,PlayerStatusReasonID,main.dwh.gold_sql_dp_prod_we_dwh_dbo_v_fact_snapshotcustomer_fromdateid_masked,playerstatusreasonid,9,"Computed in source (transform kind not classified). Formula: `,Name AS ClubTier ,RegulationID ,Name AS Regulation ,VerificationLevelID ,Name",(Tier N - main.dwh.gold_sql_dp_prod_we_dwh_dbo_v_fact_snapshotcustomer_fromdateid_masked.playerstatusreasonid)
knowledge/UC_generated/bi_output/Views/bi_output_vg_volume_amount.md,main.bi_output.bi_output_vg_volume_amount,PlayerStatusReasonName,main.dwh.gold_sql_dp_prod_we_dwh_dbo_dim_playerstatusreasons,name,14,"Computed in source (transform kind not classified). Formula: `,RegulationID ,Name AS Regulation ,VerificationLevelID ,Name AS VerificationLe",(Tier N - main.dwh.gold_sql_dp_prod_we_dwh_dbo_dim_playerstatusreasons.name)
knowledge/UC_generated/bi_output/Views/bi_output_vg_volume_amount.md,main.bi_output.bi_output_vg_volume_amount,PlayerStatusSubReasonID,main.dwh.gold_sql_dp_prod_we_dwh_dbo_v_fact_snapshotcustomer_fromdateid_masked,playerstatussubreasonid,9,"Computed in source (transform kind not classified). Formula: `,Name AS Regulation ,VerificationLevelID ,Name AS VerificationLevel ,CountryID",(Tier N - main.dwh.gold_sql_dp_prod_we_dwh_dbo_v_fact_snapshotcustomer_fromdateid_masked.playerstatussubreasonid)
knowledge/UC_generated/bi_output/Views/bi_output_vg_volume_amount.md,main.bi_output.bi_output_vg_volume_amount,CitizenshipCountryID,main.dwh.gold_sql_dp_prod_we_dwh_dbo_dim_customer_masked,citizenshipcountryid,9,"Computed in source (transform kind not classified). Formula: `,Name AS VerificationLevel ,CountryID ,Name AS Country ,MarketingRegionManualN",(Tier N - main.dwh.gold_sql_dp_prod_we_dwh_dbo_dim_customer_masked.citizenshipcountryid)
knowledge/UC_generated/bi_output/Views/vg_emoneydimtransaction_forgenie.md,main.bi_output.vg_emoneydimtransaction_forgenie,TxTypeDescription,main.bi_db.gold_sql_dp_prod_we_emoney_dbo_emoney_dim_transaction,txtype,8,"Computed flag (CASE expression in source). Formula: `CASE WHEN TxTypeID IN (1, 2, 3, 4, 13) THEN TxType \",(Tier N - main.bi_db.gold_sql_dp_prod_we_emoney_dbo_emoney_dim_transaction.txtype)
knowledge/UC_generated/bi_output/Views/vg_factbillingdeposit_transactionsandattributes.md,main.bi_output.vg_factbillingdeposit_transactionsandattributes,AFT_Supported,main.dwh.gold_sql_dp_prod_we_dwh_dbo_fact_billingdeposit,isaftsupportedasbool,4,Whether Account Funding Transaction (AFT) is supported. Extracted from Billing.Deposit PaymentData XML (not Billing.Funding). Defaults to 0 ,(Tier N - main.dwh.gold_sql_dp_prod_we_dwh_dbo_fact_billingdeposit.isaftsupportedasbool)
knowledge/UC_generated/bi_output/Views/vg_factbillingdeposit_transactionsandattributes.md,main.bi_output.vg_factbillingdeposit_transactionsandattributes,AFT_Eligible,main.dwh.gold_sql_dp_prod_we_dwh_dbo_fact_billingdeposit,isafteligibleasbool,4,Whether this deposit was eligible for AFT processing. Extracted from Billing.Deposit PaymentData XML (not Billing.Funding). Defaults to 0 wh,(Tier N - main.dwh.gold_sql_dp_prod_we_dwh_dbo_fact_billingdeposit.isafteligibleasbool)
knowledge/UC_generated/bi_output/Views/vg_factbillingwithdraw_transactionsandattributes.md,main.bi_output.vg_factbillingwithdraw_transactionsandattributes,WithdrawStatus,main.dwh.gold_sql_dp_prod_we_dwh_dbo_dim_cashoutstatus,name,3,"Human-readable status label (e.g. Pending, InProcess, Processed, Canceled, Rejected, etc.). All 17 production values are loaded from staging",(Tier N - main.dwh.gold_sql_dp_prod_we_dwh_dbo_dim_cashoutstatus.name)
knowledge/UC_generated/bi_output/Views/vg_positionsvolumeandattributes_lc4_source.md,main.bi_output.vg_positionsvolumeandattributes_lc4_source,Region_as_of_position_date,main.dwh.gold_sql_dp_prod_we_dwh_dbo_dim_country,region,15,Marketing region label for this country. Loaded from Dictionary.MarketingRegion.Name via JOIN on MarketingRegionID. NOT the geographic regio,(Tier N - main.dwh.gold_sql_dp_prod_we_dwh_dbo_dim_country.region)
knowledge/UC_generated/bi_output/Views/vg_positionsvolumeandattributes_lc4_source.md,main.bi_output.vg_positionsvolumeandattributes_lc4_source,HasEMoneyAccount,main.bi_db.gold_sql_dp_prod_we_emoney_dbo_emoney_dim_account,cid,8,"`HasEMoneyAccount` discriminator: `IsPartialCloseChild = 0`, `MirrorID = 0` → set to 1 else 0. Formula: `AccountTypeID , Region , Name AS Co",(Tier N - main.bi_db.gold_sql_dp_prod_we_emoney_dbo_emoney_dim_account.cid)
knowledge/UC_generated/de_output/Views/vw_bronze_failed_public_api_operations_with_errors.md,main.de_output.vw_bronze_failed_public_api_operations_with_errors,api_endpoint,main.de_output.bronze_event_hub_public_api_operations_evh_failedpublicapioperation,eventdata_externalpath,116,Arithmetic combination of upstream columns. Formula: `'/(FAKE-ORDER-ID\,(Tier N - main.de_output.bronze_event_hub_public_api_operations_evh_failedpublicapioperation.eventdata_externalpath)
knowledge/UC_generated/de_output/Views/vw_bronze_public_api_operations.md,main.de_output.vw_bronze_public_api_operations,api_endpoint,main.de_output.vw_bronze_failed_public_api_operations_with_errors,api_endpoint,105,Arithmetic combination of upstream columns. Formula: `'/(FAKE-ORDER-ID\,(Tier N - main.de_output.vw_bronze_failed_public_api_operations_with_errors.api_endpoint)
knowledge/UC_generated/etoro_kpi/Views/positions_for_compliance_v.md,main.etoro_kpi.positions_for_compliance_v,Instrument,main.dwh.gold_sql_dp_prod_we_dwh_dbo_dim_instrument,name,188,"Display name computed by Trade.GetInstrument as BuyCurrency Abbreviation + '/' + SellCurrency Abbreviation (e.g., EUR/USD for forex, AAPL/US",(Tier N - main.dwh.gold_sql_dp_prod_we_dwh_dbo_dim_instrument.name)
knowledge/UC_generated/etoro_kpi/Views/positions_for_compliance_v.md,main.etoro_kpi.positions_for_compliance_v,cusip,main.dwh.gold_sql_dp_prod_we_dwh_dbo_dim_instrument,cusip,31,CUSIP code sourced from Trade.InstrumentCusip (not InstrumentMetaData). Committee on Uniform Securities Identification Procedures identifier,(Tier N - main.dwh.gold_sql_dp_prod_we_dwh_dbo_dim_instrument.cusip)
knowledge/UC_generated/etoro_kpi/Views/vg_customer_daily_snapshot.md,main.etoro_kpi.vg_customer_daily_snapshot,CanDeposit,main.dwh.gold_sql_dp_prod_we_dwh_dbo_dim_playerstatus,candeposit,5,"Whether the user can add funds to their account. False for full-block statuses (IsBlocked=1), close-only/pending statuses (9, 13, 15), statu",(Tier N - main.dwh.gold_sql_dp_prod_we_dwh_dbo_dim_playerstatus.candeposit)
knowledge/UC_generated/etoro_kpi/Views/vg_customer_monthly_snapshot.md,main.etoro_kpi.vg_customer_monthly_snapshot,CanDeposit,main.dwh.gold_sql_dp_prod_we_dwh_dbo_dim_playerstatus,candeposit,4,"Whether the user can add funds to their account. False for full-block statuses (IsBlocked=1), close-only/pending statuses (9, 13, 15), statu",(Tier N - main.dwh.gold_sql_dp_prod_we_dwh_dbo_dim_playerstatus.candeposit)
knowledge/UC_generated/etoro_kpi/Views/v_spaceship_aum.md,main.etoro_kpi.v_spaceship_aum,date_id,main.spaceship.bronze_spaceship_metabase_super_user_balances,date,246,"Cast of upstream column. Formula: `CAST(DATE_FORMAT(date, 'yyyyMMdd') AS INT)`. (Tier 2 — from `main.spaceship.bronze_spaceship_metabase_sup",(Tier N - main.spaceship.bronze_spaceship_metabase_super_user_balances.date)
knowledge/UC_generated/etoro_kpi/Views/v_spaceship_aum.md,main.etoro_kpi.v_spaceship_aum,total_balance_aud,main.spaceship.bronze_spaceship_metabase_super_user_balances,super_closing_aud_balance,4,Arithmetic combination of upstream columns. Formula: `super_balance_aud + voyager_balance_aud + nova_balance_aud`. (Tier 2 — from `main.spac,(Tier N - main.spaceship.bronze_spaceship_metabase_super_user_balances.super_closing_aud_balance)
knowledge/UC_generated/etoro_kpi/Views/v_spaceship_aum.md,main.etoro_kpi.v_spaceship_aum,super_balance_usd,main.dwh.gold_sql_dp_prod_we_dwh_dbo_fact_currencypricewithsplit,bid,124,"Arithmetic combination of upstream columns. Formula: `super_balance_aud * COALESCE(aud_to_usd_rate, 0)`. (Tier 2 — from `main.dwh.gold_sql_d",(Tier N - main.dwh.gold_sql_dp_prod_we_dwh_dbo_fact_currencypricewithsplit.bid)
knowledge/UC_generated/etoro_kpi/Views/v_spaceship_aum.md,main.etoro_kpi.v_spaceship_aum,voyager_balance_usd,main.dwh.gold_sql_dp_prod_we_dwh_dbo_fact_currencypricewithsplit,bid,124,"Arithmetic combination of upstream columns. Formula: `voyager_balance_aud * COALESCE(aud_to_usd_rate, 0)`. (Tier 2 — from `main.dwh.gold_sql",(Tier N - main.dwh.gold_sql_dp_prod_we_dwh_dbo_fact_currencypricewithsplit.bid)
knowledge/UC_generated/etoro_kpi/Views/v_spaceship_aum.md,main.etoro_kpi.v_spaceship_aum,nova_balance_usd,main.dwh.gold_sql_dp_prod_we_dwh_dbo_fact_currencypricewithsplit,bid,124,"Arithmetic combination of upstream columns. Formula: `nova_balance_aud * COALESCE(aud_to_usd_rate, 0)`. (Tier 2 — from `main.dwh.gold_sql_dp",(Tier N - main.dwh.gold_sql_dp_prod_we_dwh_dbo_fact_currencypricewithsplit.bid)
knowledge/UC_generated/etoro_kpi/Views/v_spaceship_aum.md,main.etoro_kpi.v_spaceship_aum,total_balance_usd,main.dwh.gold_sql_dp_prod_we_dwh_dbo_fact_currencypricewithsplit,bid,7,"Arithmetic combination of upstream columns. Formula: `+ nova_balance_aud) * COALESCE(aud_to_usd_rate, 0)`. (Tier 2 — from `main.dwh.gold_sql",(Tier N - main.dwh.gold_sql_dp_prod_we_dwh_dbo_fact_currencypricewithsplit.bid)
knowledge/UC_generated/etoro_kpi/Views/v_spaceship_aum.md,main.etoro_kpi.v_spaceship_aum,is_funded,main.spaceship.bronze_spaceship_metabase_super_user_balances,super_closing_aud_balance,36,Computed flag (CASE expression in source). Formula: `CASE WHEN (super_balance_aud + voyager_balance_aud + nova_balance_aud) > 0 THEN TRUE EL,(Tier N - main.spaceship.bronze_spaceship_metabase_super_user_balances.super_closing_aud_balance)
knowledge/UC_generated/etoro_kpi_prep/Views/mv_revenue_trading.md,main.etoro_kpi_prep.mv_revenue_trading,IsSettled_Final,main.dwh.dim_position,issettled,1,"COALESCE / null-replacement of upstream values. Formula: `COALESCE(IsSettled, IsSettled)`. (Tier 2 — from `main.dwh.dim_Position`, `main.eto",(Tier N - main.dwh.dim_position.issettled)
knowledge/UC_generated/etoro_kpi_prep/Views/mv_revenue_trading.md,main.etoro_kpi_prep.mv_revenue_trading,MirrorID_Final,main.dwh.dim_position,mirrorid,1,"COALESCE / null-replacement of upstream values. Formula: `COALESCE(MirrorID, MirrorID)`. (Tier 2 — from `main.dwh.dim_Position`, `main.etoro",(Tier N - main.dwh.dim_position.mirrorid)
knowledge/UC_generated/etoro_kpi_prep/Views/mv_revenue_trading.md,main.etoro_kpi_prep.mv_revenue_trading,SettlementTypeID_Final,main.etoro_kpi_prep.v_revenue_adminfee,settlementtypeid,1,"COALESCE / null-replacement of upstream values. Formula: `COALESCE(SettlementTypeID, SettlementTypeID)`. (Tier 2 — from `main.dwh.dim_Positi",(Tier N - main.etoro_kpi_prep.v_revenue_adminfee.settlementtypeid)
knowledge/UC_generated/etoro_kpi_prep/Views/mv_revenue_trading.md,main.etoro_kpi_prep.mv_revenue_trading,InstrumentName,main.dwh.gold_sql_dp_prod_we_dwh_dbo_dim_instrument,name,2,"Display name computed by Trade.GetInstrument as BuyCurrency Abbreviation + '/' + SellCurrency Abbreviation (e.g., EUR/USD for forex, AAPL/US",(Tier N - main.dwh.gold_sql_dp_prod_we_dwh_dbo_dim_instrument.name)
knowledge/UC_generated/etoro_kpi_prep/Views/v_dim_instrument_enriched.md,main.etoro_kpi_prep.v_dim_instrument_enriched,Name,main.dwh.gold_sql_dp_prod_we_dwh_dbo_dim_instrument,name,4,"Display name computed by Trade.GetInstrument as BuyCurrency Abbreviation + '/' + SellCurrency Abbreviation (e.g., EUR/USD for forex, AAPL/US",(Tier N - main.dwh.gold_sql_dp_prod_we_dwh_dbo_dim_instrument.name)
knowledge/UC_generated/etoro_kpi_prep/Views/v_dim_instrument_enriched.md,main.etoro_kpi_prep.v_dim_instrument_enriched,CUSIP,main.dwh.gold_sql_dp_prod_we_dwh_dbo_dim_instrument,cusip,2,CUSIP code sourced from Trade.InstrumentCusip (not InstrumentMetaData). Committee on Uniform Securities Identification Procedures identifier,(Tier N - main.dwh.gold_sql_dp_prod_we_dwh_dbo_dim_instrument.cusip)
knowledge/UC_generated/etoro_kpi_prep/Views/v_dim_instrument_enriched.md,main.etoro_kpi_prep.v_dim_instrument_enriched,SettlementTime,main.dwh.gold_sql_dp_prod_we_dwh_dbo_dim_instrument,settlementtime,2,"Time-of-day settlement from Trade.FuturesMetaData, reformatted in SP_Dim_Instrument via FORMAT(DATEPART(HOUR)*100 + DATEPART(MINUTE), '00:00",(Tier N - main.dwh.gold_sql_dp_prod_we_dwh_dbo_dim_instrument.settlementtime)
knowledge/UC_generated/etoro_kpi_prep/Views/v_fact_customeraction.md,main.etoro_kpi_prep.v_fact_customeraction,PositionID,main.dwh.gold_sql_dp_prod_we_dwh_dbo_fact_customeraction,actiontypeid,12,"Position identifier from the source trading system. NOT a primary key of this table — defaults to 0 for non-position events, and the same Po",(Tier N - main.dwh.gold_sql_dp_prod_we_dwh_dbo_fact_customeraction.actiontypeid)
knowledge/UC_generated/etoro_kpi_prep/Views/v_fact_customeraction_enriched.md,main.etoro_kpi_prep.v_fact_customeraction_enriched,PositionID,main.dwh.gold_sql_dp_prod_we_dwh_dbo_fact_customeraction,actiontypeid,68,"Position identifier from the source trading system. NOT a primary key of this table — defaults to 0 for non-position events, and the same Po",(Tier N - main.dwh.gold_sql_dp_prod_we_dwh_dbo_fact_customeraction.actiontypeid)
knowledge/UC_generated/etoro_kpi_prep/Views/v_mimo_allplatforms.md,main.etoro_kpi_prep.v_mimo_allplatforms,IsTradeFromIBAN,main.etoro_kpi_prep.v_mimo_emoneyplatform,istradefromiban,41,"COALESCE / null-replacement of upstream values. Formula: `COALESCE(IsIBANTrade, 0)`. (Tier 2 — from `main.etoro_kpi_prep.v_mimo_tradingplatf",(Tier N - main.etoro_kpi_prep.v_mimo_emoneyplatform.istradefromiban)
knowledge/UC_generated/etoro_kpi_prep/Views/v_population_active_traders.md,main.etoro_kpi_prep.v_population_active_traders,ActiveTradedManual,main.dwh.gold_sql_dp_prod_we_dwh_dbo_fact_customeraction,mirrorid,2,Computed flag (CASE expression in source). Formula: `MAX(CASE WHEN MirrorID = 0 THEN 1 ELSE 0 END)`. (Tier 2 — from `main.dwh.gold_sql_dp_pr,(Tier N - main.dwh.gold_sql_dp_prod_we_dwh_dbo_fact_customeraction.mirrorid)
knowledge/UC_generated/etoro_kpi_prep/Views/v_population_active_traders.md,main.etoro_kpi_prep.v_population_active_traders,ActiveTradedCFD,main.dwh.gold_sql_dp_prod_we_dwh_dbo_dim_instrument,instrumenttypeid,2,"Computed flag (CASE expression in source). Formula: `MAX(CASE WHEN MirrorID = 0 AND InstrumentTypeID IN (1, 2, 4) THEN 1 ELSE 0 END)`. (Tier",(Tier N - main.dwh.gold_sql_dp_prod_we_dwh_dbo_dim_instrument.instrumenttypeid)
knowledge/UC_generated/etoro_kpi_prep/Views/v_population_active_traders.md,main.etoro_kpi_prep.v_population_active_traders,ActiveTradedCryptoCFD,main.dwh.gold_sql_dp_prod_we_dwh_dbo_dim_instrument,instrumenttypeid,2,Computed flag (CASE expression in source). Formula: `MAX(CASE WHEN MirrorID = 0 AND InstrumentTypeID IN (10) AND IsSettled = 0 THEN 1 ELSE 0,(Tier N - main.dwh.gold_sql_dp_prod_we_dwh_dbo_dim_instrument.instrumenttypeid)
knowledge/UC_generated/etoro_kpi_prep/Views/v_population_active_traders.md,main.etoro_kpi_prep.v_population_active_traders,ActiveTradedCryptoReal,main.dwh.gold_sql_dp_prod_we_dwh_dbo_dim_instrument,instrumenttypeid,2,Computed flag (CASE expression in source). Formula: `MAX(CASE WHEN MirrorID = 0 AND InstrumentTypeID IN (10) AND IsSettled = 1 THEN 1 ELSE 0,(Tier N - main.dwh.gold_sql_dp_prod_we_dwh_dbo_dim_instrument.instrumenttypeid)
knowledge/UC_generated/etoro_kpi_prep/Views/v_population_active_traders.md,main.etoro_kpi_prep.v_population_active_traders,ActiveTradedStocksCFD,main.dwh.gold_sql_dp_prod_we_dwh_dbo_dim_instrument,instrumenttypeid,2,Computed flag (CASE expression in source). Formula: `MAX(CASE WHEN MirrorID = 0 AND InstrumentTypeID IN (5) AND IsSettled = 0 THEN 1 ELSE 0 ,(Tier N - main.dwh.gold_sql_dp_prod_we_dwh_dbo_dim_instrument.instrumenttypeid)
knowledge/UC_generated/etoro_kpi_prep/Views/v_population_active_traders.md,main.etoro_kpi_prep.v_population_active_traders,ActiveTradedStocksReal,main.dwh.gold_sql_dp_prod_we_dwh_dbo_dim_instrument,instrumenttypeid,2,Computed flag (CASE expression in source). Formula: `MAX(CASE WHEN MirrorID = 0 AND InstrumentTypeID IN (5) AND IsSettled = 1 THEN 1 ELSE 0 ,(Tier N - main.dwh.gold_sql_dp_prod_we_dwh_dbo_dim_instrument.instrumenttypeid)
knowledge/UC_generated/etoro_kpi_prep/Views/v_population_active_traders.md,main.etoro_kpi_prep.v_population_active_traders,ActiveTradedETFCFD,main.dwh.gold_sql_dp_prod_we_dwh_dbo_dim_instrument,instrumenttypeid,2,Computed flag (CASE expression in source). Formula: `MAX(CASE WHEN MirrorID = 0 AND InstrumentTypeID IN (6) AND IsSettled = 0 THEN 1 ELSE 0 ,(Tier N - main.dwh.gold_sql_dp_prod_we_dwh_dbo_dim_instrument.instrumenttypeid)
knowledge/UC_generated/etoro_kpi_prep/Views/v_population_active_traders.md,main.etoro_kpi_prep.v_population_active_traders,ActiveTradedETFReal,main.dwh.gold_sql_dp_prod_we_dwh_dbo_dim_instrument,instrumenttypeid,2,Computed flag (CASE expression in source). Formula: `MAX(CASE WHEN MirrorID = 0 AND InstrumentTypeID IN (6) AND IsSettled = 1 THEN 1 ELSE 0 ,(Tier N - main.dwh.gold_sql_dp_prod_we_dwh_dbo_dim_instrument.instrumenttypeid)
knowledge/UC_generated/etoro_kpi_prep/Views/v_population_active_traders.md,main.etoro_kpi_prep.v_population_active_traders,ActiveTradedCopy,main.dwh.gold_sql_dp_prod_we_dwh_dbo_fact_customeraction,actiontypeid,2,"Computed flag (CASE expression in source). Formula: `MAX(CASE WHEN MirrorID > 0 AND ActionTypeID IN (15, 17) THEN 1 ELSE 0 END)`. (Tier 2 — ",(Tier N - main.dwh.gold_sql_dp_prod_we_dwh_dbo_fact_customeraction.actiontypeid)
knowledge/UC_generated/etoro_kpi_prep/Views/v_population_active_traders.md,main.etoro_kpi_prep.v_population_active_traders,ActiveTradedCopyFund,main.dwh.gold_sql_dp_prod_we_dwh_dbo_fact_customeraction,actiontypeid,2,"Computed flag (CASE expression in source). Formula: `MAX(CASE WHEN MirrorID > 0 AND ActionTypeID IN (15, 17) AND IsCopyFund = 1 THEN 1 ELSE ",(Tier N - main.dwh.gold_sql_dp_prod_we_dwh_dbo_fact_customeraction.actiontypeid)
knowledge/UC_generated/etoro_kpi_prep/Views/v_population_active_traders.md,main.etoro_kpi_prep.v_population_active_traders,ActiveTradedOptions,main.dwh.gold_sql_dp_prod_we_dwh_dbo_dim_instrument,instrumenttypeid,2,Computed flag (CASE expression in source). Formula: `MAX(CASE WHEN InstrumentTypeID = 9 THEN 1 ELSE 0 END)`. (Tier 2 — from `main.dwh.gold_s,(Tier N - main.dwh.gold_sql_dp_prod_we_dwh_dbo_dim_instrument.instrumenttypeid)
knowledge/UC_generated/etoro_kpi_prep/Views/v_population_active_traders_lite.md,main.etoro_kpi_prep.v_population_active_traders_lite,ActiveTradedManual,main.dwh.gold_sql_dp_prod_we_dwh_dbo_fact_customeraction,mirrorid,2,Computed flag (CASE expression in source). Formula: `MAX(CASE WHEN MirrorID = 0 THEN 1 ELSE 0 END)`. (Tier 2 — from `main.dwh.gold_sql_dp_pr,(Tier N - main.dwh.gold_sql_dp_prod_we_dwh_dbo_fact_customeraction.mirrorid)
knowledge/UC_generated/etoro_kpi_prep/Views/v_population_active_traders_lite.md,main.etoro_kpi_prep.v_population_active_traders_lite,ActiveTradedCFD,main.dwh.gold_sql_dp_prod_we_dwh_dbo_dim_instrument,instrumenttypeid,2,"Computed flag (CASE expression in source). Formula: `MAX(CASE WHEN MirrorID = 0 AND InstrumentTypeID IN (1, 2, 4) THEN 1 ELSE 0 END)`. (Tier",(Tier N - main.dwh.gold_sql_dp_prod_we_dwh_dbo_dim_instrument.instrumenttypeid)
knowledge/UC_generated/etoro_kpi_prep/Views/v_population_active_traders_lite.md,main.etoro_kpi_prep.v_population_active_traders_lite,ActiveTradedCryptoCFD,main.dwh.gold_sql_dp_prod_we_dwh_dbo_dim_instrument,instrumenttypeid,2,Computed flag (CASE expression in source). Formula: `MAX(CASE WHEN MirrorID = 0 AND InstrumentTypeID IN (10) AND IsSettled = 0 THEN 1 ELSE 0,(Tier N - main.dwh.gold_sql_dp_prod_we_dwh_dbo_dim_instrument.instrumenttypeid)
knowledge/UC_generated/etoro_kpi_prep/Views/v_population_active_traders_lite.md,main.etoro_kpi_prep.v_population_active_traders_lite,ActiveTradedCryptoReal,main.dwh.gold_sql_dp_prod_we_dwh_dbo_dim_instrument,instrumenttypeid,2,Computed flag (CASE expression in source). Formula: `MAX(CASE WHEN MirrorID = 0 AND InstrumentTypeID IN (10) AND IsSettled = 1 THEN 1 ELSE 0,(Tier N - main.dwh.gold_sql_dp_prod_we_dwh_dbo_dim_instrument.instrumenttypeid)
knowledge/UC_generated/etoro_kpi_prep/Views/v_population_active_traders_lite.md,main.etoro_kpi_prep.v_population_active_traders_lite,ActiveTradedStocksCFD,main.dwh.gold_sql_dp_prod_we_dwh_dbo_dim_instrument,instrumenttypeid,2,Computed flag (CASE expression in source). Formula: `MAX(CASE WHEN MirrorID = 0 AND InstrumentTypeID IN (5) AND IsSettled = 0 THEN 1 ELSE 0 ,(Tier N - main.dwh.gold_sql_dp_prod_we_dwh_dbo_dim_instrument.instrumenttypeid)
knowledge/UC_generated/etoro_kpi_prep/Views/v_population_active_traders_lite.md,main.etoro_kpi_prep.v_population_active_traders_lite,ActiveTradedStocksReal,main.dwh.gold_sql_dp_prod_we_dwh_dbo_dim_instrument,instrumenttypeid,2,Computed flag (CASE expression in source). Formula: `MAX(CASE WHEN MirrorID = 0 AND InstrumentTypeID IN (5) AND IsSettled = 1 THEN 1 ELSE 0 ,(Tier N - main.dwh.gold_sql_dp_prod_we_dwh_dbo_dim_instrument.instrumenttypeid)
knowledge/UC_generated/etoro_kpi_prep/Views/v_population_active_traders_lite.md,main.etoro_kpi_prep.v_population_active_traders_lite,ActiveTradedETFCFD,main.dwh.gold_sql_dp_prod_we_dwh_dbo_dim_instrument,instrumenttypeid,2,Computed flag (CASE expression in source). Formula: `MAX(CASE WHEN MirrorID = 0 AND InstrumentTypeID IN (6) AND IsSettled = 0 THEN 1 ELSE 0 ,(Tier N - main.dwh.gold_sql_dp_prod_we_dwh_dbo_dim_instrument.instrumenttypeid)
knowledge/UC_generated/etoro_kpi_prep/Views/v_population_active_traders_lite.md,main.etoro_kpi_prep.v_population_active_traders_lite,ActiveTradedETFReal,main.dwh.gold_sql_dp_prod_we_dwh_dbo_dim_instrument,instrumenttypeid,2,Computed flag (CASE expression in source). Formula: `MAX(CASE WHEN MirrorID = 0 AND InstrumentTypeID IN (6) AND IsSettled = 1 THEN 1 ELSE 0 ,(Tier N - main.dwh.gold_sql_dp_prod_we_dwh_dbo_dim_instrument.instrumenttypeid)
knowledge/UC_generated/etoro_kpi_prep/Views/v_population_active_traders_lite.md,main.etoro_kpi_prep.v_population_active_traders_lite,ActiveTradedCopy,main.dwh.gold_sql_dp_prod_we_dwh_dbo_fact_customeraction,actiontypeid,2,"Computed flag (CASE expression in source). Formula: `MAX(CASE WHEN MirrorID > 0 AND ActionTypeID IN (15, 17) THEN 1 ELSE 0 END)`. (Tier 2 — ",(Tier N - main.dwh.gold_sql_dp_prod_we_dwh_dbo_fact_customeraction.actiontypeid)
knowledge/UC_generated/etoro_kpi_prep/Views/v_population_active_traders_lite.md,main.etoro_kpi_prep.v_population_active_traders_lite,ActiveTradedOptions,main.dwh.gold_sql_dp_prod_we_dwh_dbo_dim_instrument,instrumenttypeid,2,Computed flag (CASE expression in source). Formula: `MAX(CASE WHEN InstrumentTypeID = 9 THEN 1 ELSE 0 END)`. (Tier 2 — from `main.dwh.gold_s,(Tier N - main.dwh.gold_sql_dp_prod_we_dwh_dbo_dim_instrument.instrumenttypeid)
knowledge/UC_generated/etoro_kpi_prep/Views/v_population_balance_only_accounts.md,main.etoro_kpi_prep.v_population_balance_only_accounts,MaxAnyEquity,main.general.bronze_sodreconciliation_apex_ext981_buypowersummary,totalequity,1,"COALESCE / null-replacement of upstream values. Formula: `COALESCE(TPMaxEquity, 0) + COALESCE(eMoneyMaxEquity, 0) + COALESCE(TotalEquity, 0)",(Tier N - main.general.bronze_sodreconciliation_apex_ext981_buypowersummary.totalequity)
knowledge/UC_generated/etoro_kpi_prep/Views/v_population_portfolio_only.md,main.etoro_kpi_prep.v_population_portfolio_only,Portfolio_Only_Manual,main.dwh.dim_position,mirrorid,1,"Computed flag (CASE expression in source). Formula: `MAX(CASE WHEN COALESCE(MirrorID, 0) = 0 THEN 1 ELSE 0 END)`. (Tier 2 — from `main.bi_db",(Tier N - main.dwh.dim_position.mirrorid)
knowledge/UC_generated/etoro_kpi_prep/Views/v_population_portfolio_only.md,main.etoro_kpi_prep.v_population_portfolio_only,Portfolio_Only_CFD_Manual,main.dwh.dim_position,mirrorid,1,"Computed flag (CASE expression in source). Formula: `MAX(CASE WHEN COALESCE(MirrorID, 0) = 0 AND COALESCE(InstrumentTypeID, 0) IN (1, 2, 4) ",(Tier N - main.dwh.dim_position.mirrorid)
knowledge/UC_generated/etoro_kpi_prep/Views/v_population_portfolio_only.md,main.etoro_kpi_prep.v_population_portfolio_only,Portfolio_Only_CryptoCFD_Manual,main.dwh.dim_position,mirrorid,1,"Computed flag (CASE expression in source). Formula: `MAX(CASE WHEN COALESCE(MirrorID, 0) = 0 AND COALESCE(InstrumentTypeID, 0) IN (10) AND C",(Tier N - main.dwh.dim_position.mirrorid)
knowledge/UC_generated/etoro_kpi_prep/Views/v_population_portfolio_only.md,main.etoro_kpi_prep.v_population_portfolio_only,Portfolio_Only_CryptoReal_Manual,main.dwh.dim_position,mirrorid,1,"Computed flag (CASE expression in source). Formula: `MAX(CASE WHEN COALESCE(MirrorID, 0) = 0 AND COALESCE(InstrumentTypeID, 0) IN (10) AND C",(Tier N - main.dwh.dim_position.mirrorid)
knowledge/UC_generated/etoro_kpi_prep/Views/v_population_portfolio_only.md,main.etoro_kpi_prep.v_population_portfolio_only,Portfolio_Only_StocksCFD_Manual,main.dwh.dim_position,mirrorid,1,"Computed flag (CASE expression in source). Formula: `MAX(CASE WHEN COALESCE(MirrorID, 0) = 0 AND COALESCE(InstrumentTypeID, 0) IN (5) AND CO",(Tier N - main.dwh.dim_position.mirrorid)
knowledge/UC_generated/etoro_kpi_prep/Views/v_population_portfolio_only.md,main.etoro_kpi_prep.v_population_portfolio_only,Portfolio_Only_StocksReal_Manual,main.dwh.dim_position,mirrorid,1,"Computed flag (CASE expression in source). Formula: `MAX(CASE WHEN COALESCE(MirrorID, 0) = 0 AND COALESCE(InstrumentTypeID, 0) IN (5) AND CO",(Tier N - main.dwh.dim_position.mirrorid)
knowledge/UC_generated/etoro_kpi_prep/Views/v_population_portfolio_only.md,main.etoro_kpi_prep.v_population_portfolio_only,Portfolio_Only_ETFCFD_Manual,main.dwh.dim_position,mirrorid,1,"Computed flag (CASE expression in source). Formula: `MAX(CASE WHEN COALESCE(MirrorID, 0) = 0 AND COALESCE(InstrumentTypeID, 0) IN (6) AND CO",(Tier N - main.dwh.dim_position.mirrorid)
knowledge/UC_generated/etoro_kpi_prep/Views/v_population_portfolio_only.md,main.etoro_kpi_prep.v_population_portfolio_only,Portfolio_Only_ETFReal_Manual,main.dwh.dim_position,mirrorid,1,"Computed flag (CASE expression in source). Formula: `MAX(CASE WHEN COALESCE(MirrorID, 0) = 0 AND COALESCE(InstrumentTypeID, 0) IN (6) AND CO",(Tier N - main.dwh.dim_position.mirrorid)
knowledge/UC_generated/etoro_kpi_prep/Views/v_population_portfolio_only.md,main.etoro_kpi_prep.v_population_portfolio_only,Portfolio_Only_Copy,main.dwh.dim_position,mirrorid,1,"Computed flag (CASE expression in source). Formula: `MAX(CASE WHEN COALESCE(MirrorID, 0) > 0 THEN 1 ELSE 0 END)`. (Tier 2 — from `main.bi_db",(Tier N - main.dwh.dim_position.mirrorid)
knowledge/UC_generated/etoro_kpi_prep/Views/v_population_portfolio_only.md,main.etoro_kpi_prep.v_population_portfolio_only,Portfolio_Only_CFD_Copy,main.dwh.dim_position,mirrorid,1,"Computed flag (CASE expression in source). Formula: `MAX(CASE WHEN COALESCE(MirrorID, 0) > 0 AND COALESCE(InstrumentTypeID, 0) IN (1, 2, 4) ",(Tier N - main.dwh.dim_position.mirrorid)
knowledge/UC_generated/etoro_kpi_prep/Views/v_population_portfolio_only.md,main.etoro_kpi_prep.v_population_portfolio_only,Portfolio_Only_CryptoCFD_Copy,main.dwh.dim_position,mirrorid,1,"Computed flag (CASE expression in source). Formula: `MAX(CASE WHEN COALESCE(MirrorID, 0) > 0 AND COALESCE(InstrumentTypeID, 0) IN (10) AND C",(Tier N - main.dwh.dim_position.mirrorid)
knowledge/UC_generated/etoro_kpi_prep/Views/v_population_portfolio_only.md,main.etoro_kpi_prep.v_population_portfolio_only,Portfolio_Only_CryptoReal_Copy,main.dwh.dim_position,mirrorid,1,"Computed flag (CASE expression in source). Formula: `MAX(CASE WHEN COALESCE(MirrorID, 0) > 0 AND COALESCE(InstrumentTypeID, 0) IN (10) AND C",(Tier N - main.dwh.dim_position.mirrorid)
knowledge/UC_generated/etoro_kpi_prep/Views/v_population_portfolio_only.md,main.etoro_kpi_prep.v_population_portfolio_only,Portfolio_Only_StocksCFD_Copy,main.dwh.dim_position,mirrorid,1,"Computed flag (CASE expression in source). Formula: `MAX(CASE WHEN COALESCE(MirrorID, 0) > 0 AND COALESCE(InstrumentTypeID, 0) IN (5) AND CO",(Tier N - main.dwh.dim_position.mirrorid)
knowledge/UC_generated/etoro_kpi_prep/Views/v_population_portfolio_only.md,main.etoro_kpi_prep.v_population_portfolio_only,Portfolio_Only_StocksReal_Copy,main.dwh.dim_position,mirrorid,1,"Computed flag (CASE expression in source). Formula: `MAX(CASE WHEN COALESCE(MirrorID, 0) > 0 AND COALESCE(InstrumentTypeID, 0) IN (5) AND CO",(Tier N - main.dwh.dim_position.mirrorid)
knowledge/UC_generated/etoro_kpi_prep/Views/v_population_portfolio_only.md,main.etoro_kpi_prep.v_population_portfolio_only,Portfolio_Only_ETFCFD_Copy,main.dwh.dim_position,mirrorid,1,"Computed flag (CASE expression in source). Formula: `MAX(CASE WHEN COALESCE(MirrorID, 0) > 0 AND COALESCE(InstrumentTypeID, 0) IN (6) AND CO",(Tier N - main.dwh.dim_position.mirrorid)
knowledge/UC_generated/etoro_kpi_prep/Views/v_population_portfolio_only.md,main.etoro_kpi_prep.v_population_portfolio_only,Portfolio_Only_ETFReal_Copy,main.dwh.dim_position,mirrorid,1,"Computed flag (CASE expression in source). Formula: `MAX(CASE WHEN COALESCE(MirrorID, 0) > 0 AND COALESCE(InstrumentTypeID, 0) IN (6) AND CO",(Tier N - main.dwh.dim_position.mirrorid)
knowledge/UC_generated/etoro_kpi_prep/Views/v_population_portfolio_only.md,main.etoro_kpi_prep.v_population_portfolio_only,Portfolio_Only_CopyFund,main.dwh.dim_position,mirrorid,1,"Computed flag (CASE expression in source). Formula: `MAX(CASE WHEN COALESCE(MirrorID, 0) > 0 AND COALESCE(IsCopyFund, 0) = 1 THEN 1 ELSE 0 E",(Tier N - main.dwh.dim_position.mirrorid)
knowledge/UC_generated/etoro_kpi_prep/Views/v_population_portfolio_only.md,main.etoro_kpi_prep.v_population_portfolio_only,Portfolio_Only_Options,main.general.bronze_sodreconciliation_apex_ext981_buypowersummary,positionmarketvalue,1,"Computed flag (CASE expression in source). Formula: `MAX(CASE WHEN COALESCE(PositionMarketValue, 0) > 0 THEN 1 ELSE 0 END)`. (Tier 2 — from ",(Tier N - main.general.bronze_sodreconciliation_apex_ext981_buypowersummary.positionmarketvalue)
knowledge/UC_generated/etoro_kpi_prep/Views/v_spaceship_mimo.md,main.etoro_kpi_prep.v_spaceship_mimo,date_id,main.spaceship.spaceship_metabase_voyager_user_balances,effective_date,13,"Cast of upstream column. Formula: `CAST(DATE_FORMAT(date, 'yyyyMMdd') AS INT)`. (Tier 2 — from `main.spaceship.bronze_spaceship_metabase_sup",(Tier N - main.spaceship.spaceship_metabase_voyager_user_balances.effective_date)
knowledge/UC_generated/etoro_kpi_prep/Views/v_spaceship_mimo.md,main.etoro_kpi_prep.v_spaceship_mimo,total_deposits_aud,main.spaceship.bronze_spaceship_metabase_super_transactions,aud_amount,35,"Direct passthrough from upstream. Formula: `total_deposits`. (Tier 2 — from `main.spaceship.bronze_spaceship_metabase_super_transactions`, `",(Tier N - main.spaceship.bronze_spaceship_metabase_super_transactions.aud_amount)
knowledge/UC_generated/etoro_kpi_prep/Views/v_spaceship_mimo.md,main.etoro_kpi_prep.v_spaceship_mimo,total_withdrawals_aud,main.spaceship.bronze_spaceship_metabase_super_transactions,aud_amount,34,Direct passthrough from upstream. Formula: `total_withdrawals`. (Tier 2 — from `main.spaceship.bronze_spaceship_metabase_super_transactions`,(Tier N - main.spaceship.bronze_spaceship_metabase_super_transactions.aud_amount)
knowledge/UC_generated/etoro_kpi_prep/Views/v_spaceship_mimo.md,main.etoro_kpi_prep.v_spaceship_mimo,net_flow_aud,main.spaceship.bronze_spaceship_metabase_super_transactions,aud_amount,21,"Direct passthrough from upstream. Formula: `net_flow`. (Tier 2 — from `main.spaceship.bronze_spaceship_metabase_super_transactions`, `main.s",(Tier N - main.spaceship.bronze_spaceship_metabase_super_transactions.aud_amount)
knowledge/UC_generated/etoro_kpi_prep/Views/v_spaceship_mimo.md,main.etoro_kpi_prep.v_spaceship_mimo,total_deposits_usd,main.dwh.gold_sql_dp_prod_we_dwh_dbo_fact_currencypricewithsplit,bid,128,"Arithmetic combination of upstream columns. Formula: `total_deposits * COALESCE(aud_to_usd_rate, 0)`. (Tier 2 — from `main.spaceship.bronze_",(Tier N - main.dwh.gold_sql_dp_prod_we_dwh_dbo_fact_currencypricewithsplit.bid)
knowledge/UC_generated/etoro_kpi_prep/Views/v_spaceship_mimo.md,main.etoro_kpi_prep.v_spaceship_mimo,total_withdrawals_usd,main.dwh.gold_sql_dp_prod_we_dwh_dbo_fact_currencypricewithsplit,bid,128,"Arithmetic combination of upstream columns. Formula: `total_withdrawals * COALESCE(aud_to_usd_rate, 0)`. (Tier 2 — from `main.spaceship.bron",(Tier N - main.dwh.gold_sql_dp_prod_we_dwh_dbo_fact_currencypricewithsplit.bid)
knowledge/UC_generated/etoro_kpi_prep/Views/v_spaceship_mimo.md,main.etoro_kpi_prep.v_spaceship_mimo,net_flow_usd,main.dwh.gold_sql_dp_prod_we_dwh_dbo_fact_currencypricewithsplit,bid,128,"Arithmetic combination of upstream columns. Formula: `net_flow * COALESCE(aud_to_usd_rate, 0)`. (Tier 2 — from `main.spaceship.bronze_spaces",(Tier N - main.dwh.gold_sql_dp_prod_we_dwh_dbo_fact_currencypricewithsplit.bid)
knowledge/UC_generated/etoro_kpi_prep/Views/v_spaceship_mimo.md,main.etoro_kpi_prep.v_spaceship_mimo,is_ftd,main.spaceship.spaceship_metabase_voyager_user_balances,effective_date,168,Computed flag (CASE expression in source). Formula: `CASE WHEN _is_orphan_ftd THEN TRUE WHEN date = first_deposit_date AND total_deposits > ,(Tier N - main.spaceship.spaceship_metabase_voyager_user_balances.effective_date)
