wiki_path,column_name,verdict,claim_tier,claim_source_text,resolved_wiki,resolved_column,resolved_tier,claim_text,source_text,notes
knowledge/synapse/Wiki/DWH_dbo/Tables/Dim_Customer.md,RealCID,FAIL_resolve,1,Customer.CustomerStatic,knowledge/ProdSchemas/DB_Schema/etoro/Wiki/Customer/Tables/Customer.CustomerStatic.md,,,Customer ID - platform-internal primary key. Assigned at registration. Unique within etoro DB. Used as the universal customer identifier across all tables,,column 'RealCID' not found in source
knowledge/synapse/Wiki/DWH_dbo/Tables/Dim_Customer.md,GCID,FAIL_tier_promotion,1,Customer.CustomerStatic,knowledge/ProdSchemas/DB_Schema/etoro/Wiki/Customer/Tables/Customer.CustomerStatic.md,GCID,,Group Customer ID - cross-product identity key linking the same person across eToro products/entities. NULL for older accounts predating GCID introduction,Group Customer ID - cross-product identity key linking the same person across eToro products/entities. Indexed via IDX_Customer_Customer_GCID with wide INCLUDE for lookup performance. NULL for older accounts predating GCID introduction,downstream claims Tier 1 but source is Tier NONE
knowledge/synapse/Wiki/DWH_dbo/Tables/Dim_Customer.md,OriginalCID,FAIL_tier_promotion,1,Customer.CustomerStatic,knowledge/ProdSchemas/DB_Schema/etoro/Wiki/Customer/Tables/Customer.CustomerStatic.md,OriginalCID,,"Original customer ID from the source provider. Together with OriginalProviderID, enables tracing of migrated accounts. Default=0","Original customer ID from the source provider. Together with OriginalProviderID, enables tracing of migrated accounts. Default=0 (CCST_NULLORIGINAL constraint)",downstream claims Tier 1 but source is Tier NONE
knowledge/synapse/Wiki/DWH_dbo/Tables/Dim_Customer.md,ID,FAIL_tier_promotion,1,Customer.CustomerStatic,knowledge/ProdSchemas/DB_Schema/etoro/Wiki/Customer/Tables/Customer.CustomerStatic.md,ID,,System GUID for REST API identity. Default=newsequentialid() (sequential for index performance),System GUID for REST API identity. Default=newsequentialid() (sequential for index performance). Unique index Idx_CustomerCustomerStaticID,downstream claims Tier 1 but source is Tier NONE
knowledge/synapse/Wiki/DWH_dbo/Tables/Dim_Customer.md,ExternalID,FAIL_tier_promotion,1,Customer.CustomerStatic,knowledge/ProdSchemas/DB_Schema/etoro/Wiki/Customer/Tables/Customer.CustomerStatic.md,ExternalID,,"APEX broker external ID. Decimal(38,0) to accommodate APEX very large numeric ID format","APEX broker external ID. Unique index Idx_CustomerCustomerStatic_ExternalID. Decimal(38,0) to accommodate APEX's very large numeric ID format",downstream claims Tier 1 but source is Tier NONE
knowledge/synapse/Wiki/DWH_dbo/Tables/Dim_Customer.md,UserName,FAIL_tier_promotion,1,Customer.CustomerStatic,knowledge/ProdSchemas/DB_Schema/etoro/Wiki/Customer/Tables/Customer.CustomerStatic.md,UserName,,"Customer login username. Unique (case-insensitive, enforced via UserName_LOWER computed column index)","Customer's login username. Unique (case-insensitive, enforced via UserName_LOWER computed column index)",downstream claims Tier 1 but source is Tier NONE
knowledge/synapse/Wiki/DWH_dbo/Tables/Dim_Customer.md,FirstName,FAIL_tier_promotion,1,Customer.CustomerStatic,knowledge/ProdSchemas/DB_Schema/etoro/Wiki/Customer/Tables/Customer.CustomerStatic.md,FirstName,,"Legal first name in Unicode. nvarchar supports non-Latin scripts (Cyrillic, Arabic, etc.). Used in LinkedAccountHash1","Legal first name in Unicode. **Dynamic Data Masking: default().** nvarchar supports non-Latin scripts (Cyrillic, Arabic, etc.). Used in LinkedAccountHash1. See Customer.CustomerLatinName for Latin transliterations",downstream claims Tier 1 but source is Tier NONE
knowledge/synapse/Wiki/DWH_dbo/Tables/Dim_Customer.md,LastName,FAIL_tier_promotion,1,Customer.CustomerStatic,knowledge/ProdSchemas/DB_Schema/etoro/Wiki/Customer/Tables/Customer.CustomerStatic.md,LastName,,Legal last name in Unicode. Used in LinkedAccountHash1,Legal last name in Unicode. **Dynamic Data Masking: default().** nvarchar. Used in LinkedAccountHash1,downstream claims Tier 1 but source is Tier NONE
knowledge/synapse/Wiki/DWH_dbo/Tables/Dim_Customer.md,MiddleName,FAIL_tier_promotion,1,Customer.CustomerStatic,knowledge/ProdSchemas/DB_Schema/etoro/Wiki/Customer/Tables/Customer.CustomerStatic.md,MiddleName,,Middle name in Unicode. Added 2018. Included in CustomerVersionUpdate history tracking,Middle name in Unicode. **Dynamic Data Masking: default().** Added 2018 (changelog: 50094). Included in CustomerVersionUpdate history tracking,downstream claims Tier 1 but source is Tier NONE
knowledge/synapse/Wiki/DWH_dbo/Tables/Dim_Customer.md,Gender,FAIL_tier_promotion,1,Customer.CustomerStatic,knowledge/ProdSchemas/DB_Schema/etoro/Wiki/Customer/Tables/Customer.CustomerStatic.md,Gender,,"Gender: M, F, or U (Unknown). CHECK constraint CCST_GENDER enforces these three values only. Used in LinkedAccountHash1","Gender: 'M', 'F', or 'U' (Unknown). CHECK constraint CCST_GENDER enforces these three values only. Used in LinkedAccountHash1",downstream claims Tier 1 but source is Tier NONE
knowledge/synapse/Wiki/DWH_dbo/Tables/Dim_Customer.md,BirthDate,FAIL_tier_promotion,1,Customer.CustomerStatic,knowledge/ProdSchemas/DB_Schema/etoro/Wiki/Customer/Tables/Customer.CustomerStatic.md,BirthDate,,Customer date of birth. Used in LinkedAccountHash1 for duplicate detection and in KYC age verification,Customer date of birth. **Dynamic Data Masking: default().** Used in LinkedAccountHash1 for duplicate detection and in KYC age verification,downstream claims Tier 1 but source is Tier NONE
knowledge/synapse/Wiki/DWH_dbo/Tables/Dim_Customer.md,Email,FAIL_tier_promotion,1,Customer.CustomerStatic,knowledge/ProdSchemas/DB_Schema/etoro/Wiki/Customer/Tables/Customer.CustomerStatic.md,Email,,Customer email address. Unique (case-insensitive via LowerEmail computed column). Email changes trigger Customer.LastChanges update via trigger,Customer email address. **Dynamic Data Masking: default().** Unique (case-insensitive via LowerEmail computed column). Email changes trigger Customer.LastChanges update via trigger,downstream claims Tier 1 but source is Tier NONE
knowledge/synapse/Wiki/DWH_dbo/Tables/Dim_Customer.md,Phone,FAIL_tier_promotion,1,Customer.CustomerStatic,knowledge/ProdSchemas/DB_Schema/etoro/Wiki/Customer/Tables/Customer.CustomerStatic.md,Phone,,Phone number from production Customer.CustomerStatic,Phone number. **Dynamic Data Masking: default().**,downstream claims Tier 1 but source is Tier NONE
knowledge/synapse/Wiki/DWH_dbo/Tables/Dim_Customer.md,IP,FAIL_tier_promotion,1,Customer.CustomerStatic,knowledge/ProdSchemas/DB_Schema/etoro/Wiki/Customer/Tables/Customer.CustomerStatic.md,IP,,Registration IP address,Registration IP address. **Dynamic Data Masking: default().** Indexed via IX_CustomerStatic_IP,downstream claims Tier 1 but source is Tier NONE
knowledge/synapse/Wiki/DWH_dbo/Tables/Dim_Customer.md,Zip,FAIL_tier_promotion,1,Customer.CustomerStatic,knowledge/ProdSchemas/DB_Schema/etoro/Wiki/Customer/Tables/Customer.CustomerStatic.md,Zip,,Postal code. Used in LinkedAccountHash1,Postal code. **Dynamic Data Masking: default().** Used in LinkedAccountHash1,downstream claims Tier 1 but source is Tier NONE
knowledge/synapse/Wiki/DWH_dbo/Tables/Dim_Customer.md,City,FAIL_tier_promotion,1,Customer.CustomerStatic,knowledge/ProdSchemas/DB_Schema/etoro/Wiki/Customer/Tables/Customer.CustomerStatic.md,City,,City in Unicode,City in Unicode. NOT masked (unlike Address/Zip),downstream claims Tier 1 but source is Tier NONE
knowledge/synapse/Wiki/DWH_dbo/Tables/Dim_Customer.md,Address,FAIL_tier_promotion,1,Customer.CustomerStatic,knowledge/ProdSchemas/DB_Schema/etoro/Wiki/Customer/Tables/Customer.CustomerStatic.md,Address,,Street address in Unicode,Street address in Unicode. **Dynamic Data Masking: default().**,downstream claims Tier 1 but source is Tier NONE
knowledge/synapse/Wiki/DWH_dbo/Tables/Dim_Customer.md,BuildingNumber,FAIL_tier_promotion,1,Customer.CustomerStatic,knowledge/ProdSchemas/DB_Schema/etoro/Wiki/Customer/Tables/Customer.CustomerStatic.md,BuildingNumber,,Building/apartment number. Separate from Address for structured address storage,Building/apartment number. **Dynamic Data Masking: default().** Separate from Address for structured address storage,downstream claims Tier 1 but source is Tier NONE
knowledge/synapse/Wiki/DWH_dbo/Tables/Dim_Customer.md,AffiliateID,FAIL_resolve,1,Customer.CustomerStatic,knowledge/ProdSchemas/DB_Schema/etoro/Wiki/Customer/Tables/Customer.CustomerStatic.md,,,Affiliate (partner) ID under which the customer was acquired (renamed from SerialID). FK to BackOffice.Affiliate. NULL for direct/organic registrations,,column 'AffiliateID' not found in source
knowledge/synapse/Wiki/DWH_dbo/Tables/Dim_Customer.md,BannerID,FAIL_tier_promotion,1,Customer.CustomerStatic,knowledge/ProdSchemas/DB_Schema/etoro/Wiki/Customer/Tables/Customer.CustomerStatic.md,BannerID,,Advertising banner ID that led to registration. Legacy acquisition tracking,Advertising banner ID that led to registration. Legacy acquisition tracking,downstream claims Tier 1 but source is Tier NONE
knowledge/synapse/Wiki/DWH_dbo/Tables/Dim_Customer.md,FunnelID,FAIL_tier_promotion,1,Customer.CustomerStatic,knowledge/ProdSchemas/DB_Schema/etoro/Wiki/Customer/Tables/Customer.CustomerStatic.md,FunnelID,,Registration funnel ID. FK to Dictionary.Funnel. Tracks which user journey/funnel variant the customer came through. NULL when not tracked,Registration funnel ID. FK to Dictionary.Funnel. Tracks which user journey/funnel variant the customer came through. NULL when not tracked,downstream claims Tier 1 but source is Tier NONE
knowledge/synapse/Wiki/DWH_dbo/Tables/Dim_Customer.md,FunnelFromID,FAIL_tier_promotion,1,Customer.CustomerStatic,knowledge/ProdSchemas/DB_Schema/etoro/Wiki/Customer/Tables/Customer.CustomerStatic.md,FunnelFromID,,Source funnel variant ID tracking where the customer came from within the acquisition funnel,Source funnel variant ID tracking where the customer came from within the acquisition funnel. Indexed via Idx_Customer_CustomerStatic_CID INCLUDE,downstream claims Tier 1 but source is Tier NONE
knowledge/synapse/Wiki/DWH_dbo/Tables/Dim_Customer.md,DownloadID,FAIL_tier_promotion,1,Customer.CustomerStatic,knowledge/ProdSchemas/DB_Schema/etoro/Wiki/Customer/Tables/Customer.CustomerStatic.md,DownloadID,,Platform download source ID. Legacy tracking for which platform installer the customer used,Platform download source ID. Legacy tracking for which platform installer the customer used,downstream claims Tier 1 but source is Tier NONE
knowledge/synapse/Wiki/DWH_dbo/Tables/Dim_Customer.md,ReferralID,FAIL_tier_promotion,1,Customer.CustomerStatic,knowledge/ProdSchemas/DB_Schema/etoro/Wiki/Customer/Tables/Customer.CustomerStatic.md,ReferralID,,Referral CID - the customer who referred this customer (for RAF program tracking),Referral CID - the customer who referred this customer (for RAF program tracking). Filtered index IXFiltered_CustomerStatic_ReferralID covers only ReferralID > 0,downstream claims Tier 1 but source is Tier NONE
knowledge/synapse/Wiki/DWH_dbo/Tables/Dim_Customer.md,SubSerialID,FAIL_tier_promotion,1,Customer.CustomerStatic,knowledge/ProdSchemas/DB_Schema/etoro/Wiki/Customer/Tables/Customer.CustomerStatic.md,SubSerialID,,Sub-affiliate identifier string. Can be up to 1024 chars for complex affiliate tracking paths,Sub-affiliate identifier string. Can be up to 1024 chars for complex affiliate tracking paths,downstream claims Tier 1 but source is Tier NONE
knowledge/synapse/Wiki/DWH_dbo/Tables/Dim_Customer.md,RegisteredReal,FAIL_resolve,1,Customer.CustomerStatic,knowledge/ProdSchemas/DB_Schema/etoro/Wiki/Customer/Tables/Customer.CustomerStatic.md,,,Account registration date (renamed from Registered). Default=getdate(),,column 'RegisteredReal' not found in source
knowledge/synapse/Wiki/DWH_dbo/Tables/Dim_Customer.md,AccountExpirationDate,FAIL_tier_promotion,1,Customer.CustomerStatic,knowledge/ProdSchemas/DB_Schema/etoro/Wiki/Customer/Tables/Customer.CustomerStatic.md,AccountExpirationDate,,Expiration date for demo or time-limited accounts. NULL for standard real-money accounts,Expiration date for demo or time-limited accounts. NULL for standard real-money accounts,downstream claims Tier 1 but source is Tier NONE
knowledge/synapse/Wiki/DWH_dbo/Tables/Dim_Customer.md,PlayerStatusID,FAIL_tier_promotion,1,Customer.CustomerStatic,knowledge/ProdSchemas/DB_Schema/etoro/Wiki/Customer/Tables/Customer.CustomerStatic.md,PlayerStatusID,,"Compliance and trading account status. FK to Dictionary.PlayerStatus. 1=Active/Registered (97.5% of accounts); other values indicate restricted, closed, banned, or special states. Default=0","Compliance and trading account status. FK to Dictionary.PlayerStatus. 1=Active/Registered (97.5% of accounts); other values indicate restricted, closed, banned, or special states. Default=0",downstream claims Tier 1 but source is Tier NONE
knowledge/synapse/Wiki/DWH_dbo/Tables/Dim_Customer.md,PlayerStatusReasonID,FAIL_tier_promotion,1,Customer.CustomerStatic,knowledge/ProdSchemas/DB_Schema/etoro/Wiki/Customer/Tables/Customer.CustomerStatic.md,PlayerStatusReasonID,,Reason code for current PlayerStatusID. Provides the why behind a non-Active status,"Reason code for current PlayerStatusID. Provides the ""why"" behind a non-Active status",downstream claims Tier 1 but source is Tier NONE
knowledge/synapse/Wiki/DWH_dbo/Tables/Dim_Customer.md,PlayerStatusSubReasonID,FAIL_tier_promotion,1,Customer.CustomerStatic,knowledge/ProdSchemas/DB_Schema/etoro/Wiki/Customer/Tables/Customer.CustomerStatic.md,PlayerStatusSubReasonID,,Sub-reason code for PlayerStatus (hierarchical). FK to Dictionary.PlayerStatusSubReasons. Added 2022 (COINF-1989),Sub-reason code for PlayerStatus (hierarchical). FK to Dictionary.PlayerStatusSubReasons. Added 2022 (COINF-1989),downstream claims Tier 1 but source is Tier NONE
knowledge/synapse/Wiki/DWH_dbo/Tables/Dim_Customer.md,PendingClosureStatusID,FAIL_tier_promotion,1,Customer.CustomerStatic,knowledge/ProdSchemas/DB_Schema/etoro/Wiki/Customer/Tables/Customer.CustomerStatic.md,PendingClosureStatusID,,Status in the pending closure workflow. Default=1 (no pending closure). Updated when customer requests account closure,Status in the pending closure workflow. Default=1 (no pending closure). Updated when customer requests account closure,downstream claims Tier 1 but source is Tier NONE
knowledge/synapse/Wiki/DWH_dbo/Tables/Dim_Customer.md,PlayerLevelID,FAIL_tier_promotion,1,Customer.CustomerStatic,knowledge/ProdSchemas/DB_Schema/etoro/Wiki/Customer/Tables/Customer.CustomerStatic.md,PlayerLevelID,,Customer experience/permission level. FK to Dictionary.PlayerLevel. 1=Standard (94%); 4=Popular Investor; 7=VIP. Determines available features and risk limits. Default=0,Customer experience/permission level. FK to Dictionary.PlayerLevel. 1=Standard (94%); 4=Popular Investor (triggers IsHedged=0 in Customer.Customer); 7=VIP. Determines available features and risk limits. Default=0,downstream claims Tier 1 but source is Tier NONE
knowledge/synapse/Wiki/DWH_dbo/Tables/Dim_Customer.md,AccountTypeID,FAIL_tier_promotion,1,BackOffice.Customer,knowledge/ProdSchemas/DB_Schema/etoro/Wiki/BackOffice/Tables/BackOffice.Customer.md,AccountTypeID,,"Customer account classification. Default=1 (real retail account). Distribution: 1=18.614M, 0=44K, 2=37K, 6=17K, others <6K","Customer account classification. DEFAULT=1 (real retail account). Distribution: 1=18.614M, 0=44K, 2=37K, 6=17K, others <6K. The filtered NC index on AccountTypeID=9 suggests type 9 is a frequently-queried special account type",downstream claims Tier 1 but source is Tier NONE
knowledge/synapse/Wiki/DWH_dbo/Tables/Dim_Customer.md,RegulationID,FAIL_tier_promotion,1,BackOffice.Customer,knowledge/ProdSchemas/DB_Schema/etoro/Wiki/BackOffice/Tables/BackOffice.Customer.md,RegulationID,,"Regulatory entity governing this account. FK to Dictionary.Regulation. Top values: CySEC=7.39M, BVI=7.30M, FCA=1.17M. Changes trigger RegulationChangeDate update","Regulatory entity governing this account. FK (WITH CHECK) to Dictionary.Regulation. Top values: CySEC=7.39M, BVI=7.30M, FCA=1.17M. Changes trigger RegulationChangeDate update and RegulationChangeLog insert. DEFAULT=0",downstream claims Tier 1 but source is Tier NONE
knowledge/synapse/Wiki/DWH_dbo/Tables/Dim_Customer.md,DesignatedRegulationID,FAIL_tier_promotion,1,BackOffice.Customer,knowledge/ProdSchemas/DB_Schema/etoro/Wiki/BackOffice/Tables/BackOffice.Customer.md,DesignatedRegulationID,,Secondary/override regulation for accounts subject to multiple jurisdictions. FK to Dictionary.Regulation,"FK (WITH CHECK) to Dictionary.Regulation. Secondary/override regulation for accounts subject to multiple jurisdictions. Used in TradingRiskStatusID computation (e.g., Australian residents under CySEC with DesignatedRegulationID=ASIC)",downstream claims Tier 1 but source is Tier NONE
knowledge/synapse/Wiki/DWH_dbo/Tables/Dim_Customer.md,RegulationChangeDate,FAIL_tier_promotion,1,BackOffice.Customer,knowledge/ProdSchemas/DB_Schema/etoro/Wiki/BackOffice/Tables/BackOffice.Customer.md,RegulationChangeDate,,Timestamp when RegulationID was last changed. Updated automatically by the CustomerHistoryUpdate trigger. NULL if never changed since creation,Timestamp when RegulationID was last changed. Updated automatically by the CustomerHistoryUpdate trigger on RegulationID changes. NULL if never changed since account creation,downstream claims Tier 1 but source is Tier NONE
knowledge/synapse/Wiki/DWH_dbo/Tables/Dim_Customer.md,CountryID,FAIL_tier_promotion,1,Customer.CustomerStatic,knowledge/ProdSchemas/DB_Schema/etoro/Wiki/Customer/Tables/Customer.CustomerStatic.md,CountryID,,"Country of residence. FK to Dictionary.Country. Determines regulatory framework, available instruments, and leverage limits. Default=0","Country of residence. FK to Dictionary.Country. Determines regulatory framework, available instruments, and leverage limits. Default=0",downstream claims Tier 1 but source is Tier NONE
knowledge/synapse/Wiki/DWH_dbo/Tables/Dim_Customer.md,CountryIDByIP,FAIL_tier_promotion,1,Customer.CustomerStatic,knowledge/ProdSchemas/DB_Schema/etoro/Wiki/Customer/Tables/Customer.CustomerStatic.md,CountryIDByIP,,Country detected from the customer IP address at registration. Used for fraud detection and geo-comparison (CountryID vs CountryIDByIP mismatch flagging),Country detected from the customer's IP address at registration. Used for fraud detection and geo-comparison (CountryID vs CountryIDByIP mismatch flagging),downstream claims Tier 1 but source is Tier NONE
knowledge/synapse/Wiki/DWH_dbo/Tables/Dim_Customer.md,CitizenshipCountryID,FAIL_tier_promotion,1,Customer.CustomerStatic,knowledge/ProdSchemas/DB_Schema/etoro/Wiki/Customer/Tables/Customer.CustomerStatic.md,CitizenshipCountryID,,Country of citizenship (may differ from CountryID/residence). FK to Dictionary.Country. Added 2018 for enhanced KYC,Country of citizenship (may differ from CountryID/residence). FK to Dictionary.Country. Added 2018 (changelog: 50308) for enhanced KYC,downstream claims Tier 1 but source is Tier NONE
knowledge/synapse/Wiki/DWH_dbo/Tables/Dim_Customer.md,POBCountryID,FAIL_tier_promotion,1,Customer.CustomerStatic,knowledge/ProdSchemas/DB_Schema/etoro/Wiki/Customer/Tables/Customer.CustomerStatic.md,POBCountryID,,Place of birth country. FK to Dictionary.Country. Added for KYC (HLD: RD-4436),"Place of birth country. FK to Dictionary.Country. Added for KYC (HLD: RD-4436 Add Place of Birth to KYC, Confluence CR)",downstream claims Tier 1 but source is Tier NONE
knowledge/synapse/Wiki/DWH_dbo/Tables/Dim_Customer.md,RegionID,FAIL_tier_promotion,1,Customer.CustomerStatic,knowledge/ProdSchemas/DB_Schema/etoro/Wiki/Customer/Tables/Customer.CustomerStatic.md,RegionID,,Geographic region ID (GeoIP-derived or set). Used alongside CountryID for more granular regional regulation,Geographic region ID (GeoIP-derived or set). Used alongside CountryID for more granular regional regulation,downstream claims Tier 1 but source is Tier NONE
knowledge/synapse/Wiki/DWH_dbo/Tables/Dim_Customer.md,RegionByIP_ID,FAIL_tier_promotion,1,Customer.CustomerStatic,knowledge/ProdSchemas/DB_Schema/etoro/Wiki/Customer/Tables/Customer.CustomerStatic.md,RegionByIP_ID,,Region detected from IP address. Separate from RegionID (profile-based) to allow mismatch detection,Region detected from IP address. Separate from RegionID (profile-based) to allow mismatch detection,downstream claims Tier 1 but source is Tier NONE
knowledge/synapse/Wiki/DWH_dbo/Tables/Dim_Customer.md,DocumentStatusID,FAIL_tier_promotion,1,BackOffice.Customer,knowledge/ProdSchemas/DB_Schema/etoro/Wiki/BackOffice/Tables/BackOffice.Customer.md,DocumentStatusID,,Current state of the customer KYC document submission and review queue. NULL if no documents submitted,Current state of the customer's KYC document submission and review queue. NULL if no documents submitted,downstream claims Tier 1 but source is Tier NONE
knowledge/synapse/Wiki/DWH_dbo/Tables/Dim_Customer.md,SuitabilityTestStatusID,FAIL_tier_promotion,1,BackOffice.Customer,knowledge/ProdSchemas/DB_Schema/etoro/Wiki/BackOffice/Tables/BackOffice.Customer.md,SuitabilityTestStatusID,,MiFID II appropriateness/suitability test result. NULL if test not completed,MiFID II appropriateness/suitability test result. NULL if test not completed. FK to Dictionary (implied). Required for complex product access under MiFID II,downstream claims Tier 1 but source is Tier NONE
knowledge/synapse/Wiki/DWH_dbo/Tables/Dim_Customer.md,WorldCheckID,FAIL_tier_promotion,1,BackOffice.Customer,knowledge/ProdSchemas/DB_Schema/etoro/Wiki/BackOffice/Tables/BackOffice.Customer.md,WorldCheckID,,Refinitiv/LSEG World-Check sanctions and PEP screening result. FK to Dictionary.WorldCheck. Default=0,FK (WITH CHECK) to Dictionary.WorldCheck. Refinitiv/LSEG World-Check sanctions and PEP (Politically Exposed Person) screening result. DEFAULT=0,downstream claims Tier 1 but source is Tier NONE
knowledge/synapse/Wiki/DWH_dbo/Tables/Dim_Customer.md,IsEDD,FAIL_tier_promotion,1,BackOffice.Customer,knowledge/ProdSchemas/DB_Schema/etoro/Wiki/BackOffice/Tables/BackOffice.Customer.md,IsEDD,,"Enhanced Due Diligence required flag. 1 = customer requires deeper AML/KYC investigation (PEP, high-risk country, large transactions). 23,944 customers (0.13%) flagged. Default=0","Enhanced Due Diligence required flag. 1 = customer requires deeper AML/KYC investigation (e.g., PEP, high-risk country, large transactions). 23,944 customers (0.13%) flagged. DEFAULT=0",downstream claims Tier 1 but source is Tier NONE
knowledge/synapse/Wiki/DWH_dbo/Tables/Dim_Customer.md,RiskStatusID,FAIL_tier_promotion,1,BackOffice.Customer,knowledge/ProdSchemas/DB_Schema/etoro/Wiki/BackOffice/Tables/BackOffice.Customer.md,RiskStatusID,,Legacy single-value risk status. Distinct from the multi-row BackOffice.CustomerRisk (which allows multiple simultaneous risk flags),Legacy single-value risk status. Distinct from the multi-row BackOffice.CustomerRisk (which allows multiple simultaneous risk flags). May reflect a legacy consolidated risk status code,downstream claims Tier 1 but source is Tier NONE
knowledge/synapse/Wiki/DWH_dbo/Tables/Dim_Customer.md,RiskClassificationID,FAIL_tier_promotion,1,BackOffice.Customer,knowledge/ProdSchemas/DB_Schema/etoro/Wiki/BackOffice/Tables/BackOffice.Customer.md,RiskClassificationID,,Operational risk tier assigned by risk management. FK to Dictionary.RiskClassification. Tracked in UPDATE trigger audit,FK (WITH CHECK) to Dictionary.RiskClassification. Operational risk tier assigned by risk management. Tracked in UPDATE trigger audit,downstream claims Tier 1 but source is Tier NONE
knowledge/synapse/Wiki/DWH_dbo/Tables/Dim_Customer.md,EmployeeAccount,FAIL_resolve,1,BackOffice.Customer,knowledge/ProdSchemas/DB_Schema/etoro/Wiki/BackOffice/Tables/BackOffice.Customer.md,,,1 if this is an eToro employee personal trading account (renamed from isEmployeeAccount). Flags employee accounts for special monitoring and compliance checks,,column 'EmployeeAccount' not found in source
knowledge/synapse/Wiki/DWH_dbo/Tables/Dim_Customer.md,LanguageID,FAIL_tier_promotion,1,Customer.CustomerStatic,knowledge/ProdSchemas/DB_Schema/etoro/Wiki/Customer/Tables/Customer.CustomerStatic.md,LanguageID,,Customer preferred platform language. FK to Dictionary.Language. Controls UI language. Default=0,Customer's preferred platform language. FK to Dictionary.Language. Controls UI language. Default=0,downstream claims Tier 1 but source is Tier NONE
knowledge/synapse/Wiki/DWH_dbo/Tables/Dim_Customer.md,CommunicationLanguageID,FAIL_tier_promotion,1,Customer.CustomerStatic,knowledge/ProdSchemas/DB_Schema/etoro/Wiki/Customer/Tables/Customer.CustomerStatic.md,CommunicationLanguageID,,"Language for customer communications (emails, notifications). May differ from LanguageID if customer has different communication preferences","Language for customer communications (emails, notifications). May differ from LanguageID if customer has different communication preferences",downstream claims Tier 1 but source is Tier NONE
knowledge/synapse/Wiki/DWH_dbo/Tables/Dim_Customer.md,IsEmailVerified,FAIL_tier_promotion,1,Customer.CustomerStatic,knowledge/ProdSchemas/DB_Schema/etoro/Wiki/Customer/Tables/Customer.CustomerStatic.md,IsEmailVerified,,Whether the email address has been verified by clicking a confirmation link. NULL for older accounts predating this flag,Whether the email address has been verified by clicking a confirmation link. NULL for older accounts predating this flag,downstream claims Tier 1 but source is Tier NONE
knowledge/synapse/Wiki/DWH_dbo/Tables/Dim_Customer.md,PrivacyPolicyID,FAIL_tier_promotion,1,Customer.CustomerStatic,knowledge/ProdSchemas/DB_Schema/etoro/Wiki/Customer/Tables/Customer.CustomerStatic.md,PrivacyPolicyID,,Version of the privacy policy the customer has accepted. FK to Dictionary.PrivacyPolicy,Version of the privacy policy the customer has accepted. FK to Dictionary.PrivacyPolicy,downstream claims Tier 1 but source is Tier NONE
knowledge/synapse/Wiki/DWH_dbo/Tables/Dim_Customer.md,IsCopyBlocked,FAIL_tier_promotion,1,BackOffice.Customer,knowledge/ProdSchemas/DB_Schema/etoro/Wiki/BackOffice/Tables/BackOffice.Customer.md,IsCopyBlocked,,1 if the customer is blocked from copy trading. 0 in all current rows - feature exists but currently unused/not enforced,1 if the customer is blocked from copy trading (copying other traders). 0 in all 18.744M current rows - feature exists but currently unused/not enforced,downstream claims Tier 1 but source is Tier NONE
knowledge/synapse/Wiki/DWH_dbo/Tables/Dim_Customer.md,GuruStatusID,FAIL_tier_promotion,1,BackOffice.Customer,knowledge/ProdSchemas/DB_Schema/etoro/Wiki/BackOffice/Tables/BackOffice.Customer.md,GuruStatusID,,eToro Popular Investor/Guru program status - whether the customer is an active copy trading strategy provider. FK to Dictionary.GuruStatus,FK (WITH CHECK) to Dictionary.GuruStatus. eToro's Popular Investor/Guru program status - whether the customer is an active copy trading strategy provider,downstream claims Tier 1 but source is Tier NONE
knowledge/synapse/Wiki/DWH_dbo/Tables/Dim_Customer.md,EvMatchStatus,FAIL_tier_promotion,1,BackOffice.Customer,knowledge/ProdSchemas/DB_Schema/etoro/Wiki/BackOffice/Tables/BackOffice.Customer.md,EvMatchStatus,,"Electronic verification match result. Score or decision from automated identity verification vendors (Onfido, Au10tix). NULL if not yet processed","Electronic verification match result. Score or decision from automated identity verification vendors (Onfido, Au10tix). NULL if not yet processed",downstream claims Tier 1 but source is Tier NONE
knowledge/synapse/Wiki/DWH_dbo/Tables/Dim_Customer.md,AccountManagerID,FAIL_resolve,1,BackOffice.Customer,knowledge/ProdSchemas/DB_Schema/etoro/Wiki/BackOffice/Tables/BackOffice.Customer.md,,,Currently assigned BackOffice sales/service agent (renamed from ManagerID). FK to BackOffice.Manager. NULL = unassigned,,column 'AccountManagerID' not found in source
knowledge/synapse/Wiki/DWH_dbo/Tables/Dim_Customer.md,SalesForceAccountID,FAIL_tier_promotion,1,BackOffice.Customer,knowledge/ProdSchemas/DB_Schema/etoro/Wiki/BackOffice/Tables/BackOffice.Customer.md,SalesForceAccountID,,Salesforce CRM Account record ID (18-char Salesforce ID). Links the trading account to the SF Account. NULL if not yet synced,Salesforce CRM Account record ID (18-char Salesforce ID). Links the trading account to the SF Account (company/household). NULL if not yet synced,downstream claims Tier 1 but source is Tier NONE
knowledge/synapse/Wiki/DWH_dbo/Tables/Dim_Customer.md,PhoneVerifiedID,FAIL_tier_promotion,1,BackOffice.Customer,knowledge/ProdSchemas/DB_Schema/etoro/Wiki/BackOffice/Tables/BackOffice.Customer.md,PhoneVerifiedID,,Result code of phone number verification process. NULL if not yet attempted,Result code of phone number verification process. NULL if not yet attempted,downstream claims Tier 1 but source is Tier NONE
knowledge/synapse/Wiki/DWH_dbo/Tables/Dim_Customer.md,ApexID,FAIL_tier_promotion,1,Customer.CustomerStatic,knowledge/ProdSchemas/DB_Schema/etoro/Wiki/Customer/Tables/Customer.CustomerStatic.md,ApexID,,APEX US stocks broker account ID. Only populated for US-regulated customers at Level >= 2 who have APEX accounts,APEX US stocks broker account ID. Indexed via Apexid (NC) index. Only populated for US-regulated customers at Level >= 2 who have APEX accounts (see APEX Confluence page),downstream claims Tier 1 but source is Tier NONE
knowledge/synapse/Wiki/DWH_dbo/Tables/Dim_Customer.md,HasWallet,FAIL_tier_promotion,1,BackOffice.Customer,knowledge/ProdSchemas/DB_Schema/etoro/Wiki/BackOffice/Tables/BackOffice.Customer.md,HasWallet,,1 if the customer has an active eToro Money wallet linked to their trading account. Default=0,"1 if the customer has an active eToro Money wallet linked to their trading account. DEFAULT=0. 3,554 customers (0.019%) have a wallet. Filtered NC index for wallet-holder queries",downstream claims Tier 1 but source is Tier NONE
knowledge/synapse/Wiki/DWH_dbo/Tables/Dim_Customer.md,CashoutFeeGroupID,FAIL_tier_promotion,1,BackOffice.Customer,knowledge/ProdSchemas/DB_Schema/etoro/Wiki/BackOffice/Tables/BackOffice.Customer.md,CashoutFeeGroupID,,Determines which withdrawal fee schedule applies to this customer. FK to Dictionary.CashoutFeeGroup. NULL = default fee group,FK (WITH CHECK) to Dictionary.CashoutFeeGroup. Determines which withdrawal fee schedule applies to this customer. NULL = default fee group,downstream claims Tier 1 but source is Tier NONE
knowledge/synapse/Wiki/DWH_dbo/Tables/Dim_Customer.md,WeekendFeePrecentage,FAIL_tier_promotion,1,Customer.CustomerStatic,knowledge/ProdSchemas/DB_Schema/etoro/Wiki/Customer/Tables/Customer.CustomerStatic.md,WeekendFeePrecentage,,Weekend swap fee percentage. Default=100 (full fee). Values below 100 indicate discounted weekend fees for select customers. Note: column name has typo Precentage,"Weekend swap fee percentage. Default=100 (full fee). Values below 100 indicate discounted weekend fees for select customers. Note: column name has typo ""Precentage"" instead of ""Percentage""",downstream claims Tier 1 but source is Tier NONE
